2026-04-05 03:35:48,272 [INFO] ============================================================
2026-04-05 03:35:48,272 [INFO]   Uma Musume IL2CPP Skill Discovery
2026-04-05 03:35:48,272 [INFO]   Searching for skill-related classes via IL2CPP introspection
2026-04-05 03:35:48,272 [INFO]   Keywords: ['skill', 'Skill', 'acquir', 'Acquir', 'learn', 'Learn']
2026-04-05 03:35:48,272 [INFO] ============================================================
2026-04-05 03:35:48,272 [INFO] 
2026-04-05 03:35:48,480 [INFO] [OK] Attached: UmamusumePrettyDerby.exe
2026-04-05 03:35:48,486 [INFO] [*] Scanning IL2CPP classes...
2026-04-05 03:35:48,488 [INFO]   Found GameAssembly.dll at 0x7ffc95990000 (98447360 bytes)
2026-04-05 03:35:48,488 [INFO]   IL2CPP API: 26 resolved
2026-04-05 03:35:48,488 [INFO]   Enumerating 105 assemblies...
2026-04-05 03:35:49,290 [INFO] 
2026-04-05 03:35:49,290 [INFO] ============================================================
2026-04-05 03:35:49,290 [INFO]   RESULTS
2026-04-05 03:35:49,290 [INFO] ============================================================
2026-04-05 03:35:49,290 [INFO]   Total classes scanned:  34047
2026-04-05 03:35:49,290 [INFO]   Total images:           105
2026-04-05 03:35:49,290 [INFO]   Matching classes:       417
2026-04-05 03:35:49,290 [INFO] 
2026-04-05 03:35:49,291 [INFO] 
  ── AWSSDK.Core.dll (1 classes) ──
2026-04-05 03:35:49,291 [INFO]     <TryAcquireTokenAsync>d__55 : System.ValueType
2026-04-05 03:35:49,291 [INFO]       ├ System.Int32 <>1__state (off=16)
2026-04-05 03:35:49,291 [INFO]       ├ System.Runtime.CompilerServices.AsyncTaskMethodBuilder<System.Boolean> <>t__builder (off=24)
2026-04-05 03:35:49,291 [INFO]       ├ Amazon.Runtime.Internal.TokenBucket <>4__this (off=48)
2026-04-05 03:35:49,291 [INFO]       ├ System.Double amount (off=56)
2026-04-05 03:35:49,291 [INFO]       ├ System.Boolean failFast (off=64)
2026-04-05 03:35:49,291 [INFO]       ├ System.Threading.CancellationToken cancellationToken (off=72)
2026-04-05 03:35:49,291 [INFO]       ├ System.Int32 <attempt>5__2 (off=80)
2026-04-05 03:35:49,291 [INFO]       ├ System.Runtime.CompilerServices.ConfiguredTaskAwaitable.ConfiguredTaskAwaiter <>u__1 (off=88)
2026-04-05 03:35:49,291 [INFO]       ├ System.Void MoveNext(0p)
2026-04-05 03:35:49,291 [INFO]       ├ System.Void SetStateMachine(1p)
2026-04-05 03:35:49,291 [INFO] 
  ── umamusume.Http.dll (48 classes) ──
2026-04-05 03:35:49,291 [INFO]     Gallop.CardGetCardEventSkillTask : System.Object
2026-04-05 03:35:49,291 [INFO]       ├ System.Byte[] postData (off=16)
2026-04-05 03:35:49,291 [INFO]       ├ System.Action<Gallop.CardGetCardEventSkillResponse> onSuccess (off=24)
2026-04-05 03:35:49,291 [INFO]       ├ System.Action<Cute.Http.ErrorType,System.Int32,Gallop.CardGetCardEventSkillResponse> onError (off=32)
2026-04-05 03:35:49,291 [INFO]       ├ System.Collections.Generic.Dictionary<System.String,System.String> headers (off=40)
2026-04-05 03:35:49,291 [INFO]       ├ Cute.Http.IWebRequest request (off=48)
2026-04-05 03:35:49,291 [INFO]       ├ System.Int32 get_CacheTime(0p)
2026-04-05 03:35:49,291 [INFO]       ├ System.Boolean get_IsCompressed(0p)
2026-04-05 03:35:49,291 [INFO]       ├ System.Void SetHeader(2p)
2026-04-05 03:35:49,291 [INFO]       ├ Cute.Http.IWebRequest Send(1p)
2026-04-05 03:35:49,291 [INFO]       ├ System.Boolean Deserialize(1p)
2026-04-05 03:35:49,291 [INFO]       ├ System.Void OnError(2p)
2026-04-05 03:35:49,291 [INFO]     Gallop.CardSkillUpgradeTask : System.Object
2026-04-05 03:35:49,291 [INFO]       ├ System.Byte[] postData (off=16)
2026-04-05 03:35:49,291 [INFO]       ├ System.Action<Gallop.CardSkillUpgradeResponse> onSuccess (off=24)
2026-04-05 03:35:49,291 [INFO]       ├ System.Action<Cute.Http.ErrorType,System.Int32,Gallop.CardSkillUpgradeResponse> onError (off=32)
2026-04-05 03:35:49,291 [INFO]       ├ System.Collections.Generic.Dictionary<System.String,System.String> headers (off=40)
2026-04-05 03:35:49,291 [INFO]       ├ Cute.Http.IWebRequest request (off=48)
2026-04-05 03:35:49,291 [INFO]       ├ System.Int32 get_CacheTime(0p)
2026-04-05 03:35:49,291 [INFO]       ├ System.Boolean get_IsCompressed(0p)
2026-04-05 03:35:49,291 [INFO]       ├ System.Void SetHeader(2p)
2026-04-05 03:35:49,291 [INFO]       ├ Cute.Http.IWebRequest Send(1p)
2026-04-05 03:35:49,291 [INFO]       ├ System.Boolean Deserialize(1p)
2026-04-05 03:35:49,291 [INFO]       ├ System.Void OnError(2p)
2026-04-05 03:35:49,291 [INFO]     Gallop.SingleModeFreeGainSkillsTask : System.Object
2026-04-05 03:35:49,291 [INFO]       ├ System.Byte[] postData (off=16)
2026-04-05 03:35:49,291 [INFO]       ├ System.Action<Gallop.SingleModeFreeGainSkillsResponse> onSuccess (off=24)
2026-04-05 03:35:49,291 [INFO]       ├ System.Action<Cute.Http.ErrorType,System.Int32,Gallop.SingleModeFreeGainSkillsResponse> onError (off=32)
2026-04-05 03:35:49,291 [INFO]       ├ System.Collections.Generic.Dictionary<System.String,System.String> headers (off=40)
2026-04-05 03:35:49,291 [INFO]       ├ Cute.Http.IWebRequest request (off=48)
2026-04-05 03:35:49,291 [INFO]       ├ System.Int32 get_CacheTime(0p)
2026-04-05 03:35:49,291 [INFO]       ├ System.Boolean get_IsCompressed(0p)
2026-04-05 03:35:49,291 [INFO]       ├ System.Void SetHeader(2p)
2026-04-05 03:35:49,291 [INFO]       ├ Cute.Http.IWebRequest Send(1p)
2026-04-05 03:35:49,291 [INFO]       ├ System.Boolean Deserialize(1p)
2026-04-05 03:35:49,291 [INFO]       ├ System.Void OnError(2p)
2026-04-05 03:35:49,291 [INFO]     Gallop.SingleModeGainSkillsTask : System.Object
2026-04-05 03:35:49,291 [INFO]       ├ System.Byte[] postData (off=16)
2026-04-05 03:35:49,291 [INFO]       ├ System.Action<Gallop.SingleModeGainSkillsResponse> onSuccess (off=24)
2026-04-05 03:35:49,291 [INFO]       ├ System.Action<Cute.Http.ErrorType,System.Int32,Gallop.SingleModeGainSkillsResponse> onError (off=32)
2026-04-05 03:35:49,291 [INFO]       ├ System.Collections.Generic.Dictionary<System.String,System.String> headers (off=40)
2026-04-05 03:35:49,291 [INFO]       ├ Cute.Http.IWebRequest request (off=48)
2026-04-05 03:35:49,291 [INFO]       ├ System.Int32 get_CacheTime(0p)
2026-04-05 03:35:49,291 [INFO]       ├ System.Boolean get_IsCompressed(0p)
2026-04-05 03:35:49,291 [INFO]       ├ System.Void SetHeader(2p)
2026-04-05 03:35:49,291 [INFO]       ├ Cute.Http.IWebRequest Send(1p)
2026-04-05 03:35:49,291 [INFO]       ├ System.Boolean Deserialize(1p)
2026-04-05 03:35:49,291 [INFO]       ├ System.Void OnError(2p)
2026-04-05 03:35:49,291 [INFO]     Gallop.SingleModeTeamGainSkillsTask : System.Object
2026-04-05 03:35:49,291 [INFO]       ├ System.Byte[] postData (off=16)
2026-04-05 03:35:49,291 [INFO]       ├ System.Action<Gallop.SingleModeTeamGainSkillsResponse> onSuccess (off=24)
2026-04-05 03:35:49,291 [INFO]       ├ System.Action<Cute.Http.ErrorType,System.Int32,Gallop.SingleModeTeamGainSkillsResponse> onError (off=32)
2026-04-05 03:35:49,291 [INFO]       ├ System.Collections.Generic.Dictionary<System.String,System.String> headers (off=40)
2026-04-05 03:35:49,291 [INFO]       ├ Cute.Http.IWebRequest request (off=48)
2026-04-05 03:35:49,291 [INFO]       ├ System.Int32 get_CacheTime(0p)
2026-04-05 03:35:49,291 [INFO]       ├ System.Boolean get_IsCompressed(0p)
2026-04-05 03:35:49,291 [INFO]       ├ System.Void SetHeader(2p)
2026-04-05 03:35:49,292 [INFO]       ├ Cute.Http.IWebRequest Send(1p)
2026-04-05 03:35:49,292 [INFO]       ├ System.Boolean Deserialize(1p)
2026-04-05 03:35:49,292 [INFO]       ├ System.Void OnError(2p)
2026-04-05 03:35:49,292 [INFO]     Gallop.SupportCardGetSupportCardEventSkillTask : System.Object
2026-04-05 03:35:49,292 [INFO]       ├ System.Byte[] postData (off=16)
2026-04-05 03:35:49,292 [INFO]       ├ System.Action<Gallop.SupportCardGetSupportCardEventSkillResponse> onSuccess (off=24)
2026-04-05 03:35:49,292 [INFO]       ├ System.Action<Cute.Http.ErrorType,System.Int32,Gallop.SupportCardGetSupportCardEventSkillResponse> onError (off=32)
2026-04-05 03:35:49,292 [INFO]       ├ System.Collections.Generic.Dictionary<System.String,System.String> headers (off=40)
2026-04-05 03:35:49,292 [INFO]       ├ Cute.Http.IWebRequest request (off=48)
2026-04-05 03:35:49,292 [INFO]       ├ System.Int32 get_CacheTime(0p)
2026-04-05 03:35:49,292 [INFO]       ├ System.Boolean get_IsCompressed(0p)
2026-04-05 03:35:49,292 [INFO]       ├ System.Void SetHeader(2p)
2026-04-05 03:35:49,292 [INFO]       ├ Cute.Http.IWebRequest Send(1p)
2026-04-05 03:35:49,292 [INFO]       ├ System.Boolean Deserialize(1p)
2026-04-05 03:35:49,292 [INFO]       ├ System.Void OnError(2p)
2026-04-05 03:35:49,292 [INFO]     Gallop.CardSkillUpgradeRequest : Gallop.RequestBase`1
2026-04-05 03:35:49,292 [INFO]       ├ System.Int32 card_id (off=136)
2026-04-05 03:35:49,292 [INFO]       ├ System.Int32 skill_id (off=140)
2026-04-05 03:35:49,292 [INFO]       ├ System.Int32 skill_level (off=144)
2026-04-05 03:35:49,292 [INFO]       ├ System.Int32 new_skill_level (off=148)
2026-04-05 03:35:49,292 [INFO]       ├ Cute.Http.IHttpTask CreateTask(2p)
2026-04-05 03:35:49,292 [INFO]     Gallop.StoryDirectSkillSet : System.Object
2026-04-05 03:35:49,292 [INFO]       ├ System.Int32 id (off=16)
2026-04-05 03:35:49,292 [INFO]       ├ System.Int32 skill_set (off=20)
2026-04-05 03:35:49,292 [INFO]       ├ System.Int32 skill_id (off=24)
2026-04-05 03:35:49,292 [INFO]       ├ System.Int32 add_skill_discount (off=28)
2026-04-05 03:35:49,292 [INFO]     Gallop.MsgPack.Formatters.CardGetCardEventSkillRequestFormatter : System.Object
2026-04-05 03:35:49,292 [INFO]       ├ MessagePack.Internal.AutomataDictionary ____keyMapping (off=16)
2026-04-05 03:35:49,292 [INFO]       ├ System.Byte[][] ____stringByteKeys (off=24)
2026-04-05 03:35:49,292 [INFO]       ├ System.Int32 Serialize(4p)
2026-04-05 03:35:49,292 [INFO]       ├ Gallop.CardGetCardEventSkillRequest Deserialize(4p)
2026-04-05 03:35:49,292 [INFO]     Gallop.MsgPack.Formatters.CardGetCardEventSkillResponseFormatter : System.Object
2026-04-05 03:35:49,292 [INFO]       ├ MessagePack.Internal.AutomataDictionary ____keyMapping (off=16)
2026-04-05 03:35:49,292 [INFO]       ├ System.Byte[][] ____stringByteKeys (off=24)
2026-04-05 03:35:49,292 [INFO]       ├ System.Int32 Serialize(4p)
2026-04-05 03:35:49,292 [INFO]       ├ Gallop.CardGetCardEventSkillResponse Deserialize(4p)
2026-04-05 03:35:49,292 [INFO]     Gallop.MsgPack.Formatters.CardGetCardEventSkillResponse_CommonResponseFormatter : System.Object
2026-04-05 03:35:49,292 [INFO]       ├ MessagePack.Internal.AutomataDictionary ____keyMapping (off=16)
2026-04-05 03:35:49,292 [INFO]       ├ System.Byte[][] ____stringByteKeys (off=24)
2026-04-05 03:35:49,292 [INFO]       ├ System.Int32 Serialize(4p)
2026-04-05 03:35:49,292 [INFO]       ├ Gallop.CardGetCardEventSkillResponse.CommonResponse Deserialize(4p)
2026-04-05 03:35:49,292 [INFO]     Gallop.MsgPack.Formatters.CardSkillUpgradeRequestFormatter : System.Object
2026-04-05 03:35:49,292 [INFO]       ├ MessagePack.Internal.AutomataDictionary ____keyMapping (off=16)
2026-04-05 03:35:49,292 [INFO]       ├ System.Byte[][] ____stringByteKeys (off=24)
2026-04-05 03:35:49,292 [INFO]       ├ System.Int32 Serialize(4p)
2026-04-05 03:35:49,292 [INFO]       ├ Gallop.CardSkillUpgradeRequest Deserialize(4p)
2026-04-05 03:35:49,292 [INFO]     Gallop.MsgPack.Formatters.CardSkillUpgradeResponseFormatter : System.Object
2026-04-05 03:35:49,292 [INFO]       ├ MessagePack.Internal.AutomataDictionary ____keyMapping (off=16)
2026-04-05 03:35:49,292 [INFO]       ├ System.Byte[][] ____stringByteKeys (off=24)
2026-04-05 03:35:49,292 [INFO]       ├ System.Int32 Serialize(4p)
2026-04-05 03:35:49,292 [INFO]       ├ Gallop.CardSkillUpgradeResponse Deserialize(4p)
2026-04-05 03:35:49,292 [INFO]     Gallop.MsgPack.Formatters.CardSkillUpgradeResponse_CommonResponseFormatter : System.Object
2026-04-05 03:35:49,292 [INFO]       ├ MessagePack.Internal.AutomataDictionary ____keyMapping (off=16)
2026-04-05 03:35:49,292 [INFO]       ├ System.Byte[][] ____stringByteKeys (off=24)
2026-04-05 03:35:49,292 [INFO]       ├ System.Int32 Serialize(4p)
2026-04-05 03:35:49,292 [INFO]       ├ Gallop.CardSkillUpgradeResponse.CommonResponse Deserialize(4p)
2026-04-05 03:35:49,292 [INFO]     Gallop.MsgPack.Formatters.EventSkillFormatter : System.Object
2026-04-05 03:35:49,292 [INFO]       ├ MessagePack.Internal.AutomataDictionary ____keyMapping (off=16)
2026-04-05 03:35:49,292 [INFO]       ├ System.Byte[][] ____stringByteKeys (off=24)
2026-04-05 03:35:49,292 [INFO]       ├ System.Int32 Serialize(4p)
2026-04-05 03:35:49,292 [INFO]       ├ Gallop.EventSkill Deserialize(4p)
2026-04-05 03:35:49,292 [INFO]     Gallop.MsgPack.Formatters.GainSkillInfoFormatter : System.Object
2026-04-05 03:35:49,292 [INFO]       ├ MessagePack.Internal.AutomataDictionary ____keyMapping (off=16)
2026-04-05 03:35:49,292 [INFO]       ├ System.Byte[][] ____stringByteKeys (off=24)
2026-04-05 03:35:49,292 [INFO]       ├ System.Int32 Serialize(4p)
2026-04-05 03:35:49,292 [INFO]       ├ Gallop.GainSkillInfo Deserialize(4p)
2026-04-05 03:35:49,292 [INFO]     Gallop.MsgPack.Formatters.SingleModeFreeGainSkillsRequestFormatter : System.Object
2026-04-05 03:35:49,292 [INFO]       ├ MessagePack.Internal.AutomataDictionary ____keyMapping (off=16)
2026-04-05 03:35:49,292 [INFO]       ├ System.Byte[][] ____stringByteKeys (off=24)
2026-04-05 03:35:49,292 [INFO]       ├ System.Int32 Serialize(4p)
2026-04-05 03:35:49,292 [INFO]       ├ Gallop.SingleModeFreeGainSkillsRequest Deserialize(4p)
2026-04-05 03:35:49,292 [INFO]     Gallop.MsgPack.Formatters.SingleModeFreeGainSkillsResponseFormatter : System.Object
2026-04-05 03:35:49,292 [INFO]       ├ MessagePack.Internal.AutomataDictionary ____keyMapping (off=16)
2026-04-05 03:35:49,292 [INFO]       ├ System.Byte[][] ____stringByteKeys (off=24)
2026-04-05 03:35:49,292 [INFO]       ├ System.Int32 Serialize(4p)
2026-04-05 03:35:49,293 [INFO]       ├ Gallop.SingleModeFreeGainSkillsResponse Deserialize(4p)
2026-04-05 03:35:49,293 [INFO]     Gallop.MsgPack.Formatters.SingleModeFreeGainSkillsResponse_CommonResponseFormatter : System.Object
2026-04-05 03:35:49,293 [INFO]       ├ MessagePack.Internal.AutomataDictionary ____keyMapping (off=16)
2026-04-05 03:35:49,293 [INFO]       ├ System.Byte[][] ____stringByteKeys (off=24)
2026-04-05 03:35:49,293 [INFO]       ├ System.Int32 Serialize(4p)
2026-04-05 03:35:49,293 [INFO]       ├ Gallop.SingleModeFreeGainSkillsResponse.CommonResponse Deserialize(4p)
2026-04-05 03:35:49,293 [INFO]     Gallop.MsgPack.Formatters.SingleModeGainSkillsRequestFormatter : System.Object
2026-04-05 03:35:49,293 [INFO]       ├ MessagePack.Internal.AutomataDictionary ____keyMapping (off=16)
2026-04-05 03:35:49,293 [INFO]       ├ System.Byte[][] ____stringByteKeys (off=24)
2026-04-05 03:35:49,293 [INFO]       ├ System.Int32 Serialize(4p)
2026-04-05 03:35:49,293 [INFO]       ├ Gallop.SingleModeGainSkillsRequest Deserialize(4p)
2026-04-05 03:35:49,293 [INFO]     Gallop.MsgPack.Formatters.SingleModeGainSkillsResponseFormatter : System.Object
2026-04-05 03:35:49,293 [INFO]       ├ MessagePack.Internal.AutomataDictionary ____keyMapping (off=16)
2026-04-05 03:35:49,293 [INFO]       ├ System.Byte[][] ____stringByteKeys (off=24)
2026-04-05 03:35:49,293 [INFO]       ├ System.Int32 Serialize(4p)
2026-04-05 03:35:49,293 [INFO]       ├ Gallop.SingleModeGainSkillsResponse Deserialize(4p)
2026-04-05 03:35:49,293 [INFO]     Gallop.MsgPack.Formatters.SingleModeGainSkillsResponse_CommonResponseFormatter : System.Object
2026-04-05 03:35:49,293 [INFO]       ├ MessagePack.Internal.AutomataDictionary ____keyMapping (off=16)
2026-04-05 03:35:49,293 [INFO]       ├ System.Byte[][] ____stringByteKeys (off=24)
2026-04-05 03:35:49,293 [INFO]       ├ System.Int32 Serialize(4p)
2026-04-05 03:35:49,293 [INFO]       ├ Gallop.SingleModeGainSkillsResponse.CommonResponse Deserialize(4p)
2026-04-05 03:35:49,293 [INFO]     Gallop.MsgPack.Formatters.SingleModeTeamGainSkillsRequestFormatter : System.Object
2026-04-05 03:35:49,293 [INFO]       ├ MessagePack.Internal.AutomataDictionary ____keyMapping (off=16)
2026-04-05 03:35:49,293 [INFO]       ├ System.Byte[][] ____stringByteKeys (off=24)
2026-04-05 03:35:49,293 [INFO]       ├ System.Int32 Serialize(4p)
2026-04-05 03:35:49,293 [INFO]       ├ Gallop.SingleModeTeamGainSkillsRequest Deserialize(4p)
2026-04-05 03:35:49,293 [INFO]     Gallop.MsgPack.Formatters.SingleModeTeamGainSkillsResponseFormatter : System.Object
2026-04-05 03:35:49,293 [INFO]       ├ MessagePack.Internal.AutomataDictionary ____keyMapping (off=16)
2026-04-05 03:35:49,293 [INFO]       ├ System.Byte[][] ____stringByteKeys (off=24)
2026-04-05 03:35:49,293 [INFO]       ├ System.Int32 Serialize(4p)
2026-04-05 03:35:49,293 [INFO]       ├ Gallop.SingleModeTeamGainSkillsResponse Deserialize(4p)
2026-04-05 03:35:49,293 [INFO]     Gallop.MsgPack.Formatters.SingleModeTeamGainSkillsResponse_CommonResponseFormatter : System.Object
2026-04-05 03:35:49,293 [INFO]       ├ MessagePack.Internal.AutomataDictionary ____keyMapping (off=16)
2026-04-05 03:35:49,293 [INFO]       ├ System.Byte[][] ____stringByteKeys (off=24)
2026-04-05 03:35:49,293 [INFO]       ├ System.Int32 Serialize(4p)
2026-04-05 03:35:49,293 [INFO]       ├ Gallop.SingleModeTeamGainSkillsResponse.CommonResponse Deserialize(4p)
2026-04-05 03:35:49,293 [INFO]     Gallop.MsgPack.Formatters.SkillDataFormatter : System.Object
2026-04-05 03:35:49,293 [INFO]       ├ MessagePack.Internal.AutomataDictionary ____keyMapping (off=16)
2026-04-05 03:35:49,293 [INFO]       ├ System.Byte[][] ____stringByteKeys (off=24)
2026-04-05 03:35:49,293 [INFO]       ├ System.Int32 Serialize(4p)
2026-04-05 03:35:49,293 [INFO]       ├ Gallop.SkillData Deserialize(4p)
2026-04-05 03:35:49,293 [INFO]     Gallop.MsgPack.Formatters.SkillTipsFormatter : System.Object
2026-04-05 03:35:49,293 [INFO]       ├ MessagePack.Internal.AutomataDictionary ____keyMapping (off=16)
2026-04-05 03:35:49,293 [INFO]       ├ System.Byte[][] ____stringByteKeys (off=24)
2026-04-05 03:35:49,293 [INFO]       ├ System.Int32 Serialize(4p)
2026-04-05 03:35:49,293 [INFO]       ├ Gallop.SkillTips Deserialize(4p)
2026-04-05 03:35:49,293 [INFO]     Gallop.MsgPack.Formatters.StoryDirectSkillSetFormatter : System.Object
2026-04-05 03:35:49,293 [INFO]       ├ MessagePack.Internal.AutomataDictionary ____keyMapping (off=16)
2026-04-05 03:35:49,293 [INFO]       ├ System.Byte[][] ____stringByteKeys (off=24)
2026-04-05 03:35:49,293 [INFO]       ├ System.Int32 Serialize(4p)
2026-04-05 03:35:49,293 [INFO]       ├ Gallop.StoryDirectSkillSet Deserialize(4p)
2026-04-05 03:35:49,293 [INFO]     Gallop.MsgPack.Formatters.SupportCardGetSupportCardEventSkillRequestFormatter : System.Object
2026-04-05 03:35:49,293 [INFO]       ├ MessagePack.Internal.AutomataDictionary ____keyMapping (off=16)
2026-04-05 03:35:49,293 [INFO]       ├ System.Byte[][] ____stringByteKeys (off=24)
2026-04-05 03:35:49,293 [INFO]       ├ System.Int32 Serialize(4p)
2026-04-05 03:35:49,293 [INFO]       ├ Gallop.SupportCardGetSupportCardEventSkillRequest Deserialize(4p)
2026-04-05 03:35:49,293 [INFO]     Gallop.MsgPack.Formatters.SupportCardGetSupportCardEventSkillResponseFormatter : System.Object
2026-04-05 03:35:49,293 [INFO]       ├ MessagePack.Internal.AutomataDictionary ____keyMapping (off=16)
2026-04-05 03:35:49,293 [INFO]       ├ System.Byte[][] ____stringByteKeys (off=24)
2026-04-05 03:35:49,293 [INFO]       ├ System.Int32 Serialize(4p)
2026-04-05 03:35:49,293 [INFO]       ├ Gallop.SupportCardGetSupportCardEventSkillResponse Deserialize(4p)
2026-04-05 03:35:49,293 [INFO]     Gallop.MsgPack.Formatters.SupportCardGetSupportCardEventSkillResponse_CommonResponseFormatter : System.Object
2026-04-05 03:35:49,293 [INFO]       ├ MessagePack.Internal.AutomataDictionary ____keyMapping (off=16)
2026-04-05 03:35:49,293 [INFO]       ├ System.Byte[][] ____stringByteKeys (off=24)
2026-04-05 03:35:49,293 [INFO]       ├ System.Int32 Serialize(4p)
2026-04-05 03:35:49,293 [INFO]       ├ Gallop.SupportCardGetSupportCardEventSkillResponse.CommonResponse Deserialize(4p)
2026-04-05 03:35:49,293 [INFO]     Gallop.MsgPack.Formatters.TeamSkillTipsFormatter : System.Object
2026-04-05 03:35:49,293 [INFO]       ├ MessagePack.Internal.AutomataDictionary ____keyMapping (off=16)
2026-04-05 03:35:49,293 [INFO]       ├ System.Byte[][] ____stringByteKeys (off=24)
2026-04-05 03:35:49,293 [INFO]       ├ System.Int32 Serialize(4p)
2026-04-05 03:35:49,293 [INFO]       ├ Gallop.TeamSkillTips Deserialize(4p)
2026-04-05 03:35:49,293 [INFO]     Gallop.SingleModeFreeGainSkillsRequest : Gallop.RequestBase`1
2026-04-05 03:35:49,293 [INFO]       ├ Gallop.GainSkillInfo[] gain_skill_info_array (off=136)
2026-04-05 03:35:49,293 [INFO]       ├ System.Int32 current_turn (off=144)
2026-04-05 03:35:49,293 [INFO]       ├ Cute.Http.IHttpTask CreateTask(2p)
2026-04-05 03:35:49,293 [INFO]     Gallop.SingleModeGainSkillsRequest : Gallop.RequestBase`1
2026-04-05 03:35:49,293 [INFO]       ├ Gallop.GainSkillInfo[] gain_skill_info_array (off=136)
2026-04-05 03:35:49,293 [INFO]       ├ System.Int32 current_turn (off=144)
2026-04-05 03:35:49,293 [INFO]       ├ Cute.Http.IHttpTask CreateTask(2p)
2026-04-05 03:35:49,293 [INFO]     Gallop.SingleModeTeamGainSkillsRequest : Gallop.RequestBase`1
2026-04-05 03:35:49,293 [INFO]       ├ Gallop.GainSkillInfo[] gain_skill_info_array (off=136)
2026-04-05 03:35:49,293 [INFO]       ├ System.Int32 current_turn (off=144)
2026-04-05 03:35:49,293 [INFO]       ├ Cute.Http.IHttpTask CreateTask(2p)
2026-04-05 03:35:49,293 [INFO]     Gallop.SkillTips : System.Object
2026-04-05 03:35:49,293 [INFO]       ├ System.Int32 group_id (off=16)
2026-04-05 03:35:49,293 [INFO]       ├ System.Int32 rarity (off=20)
2026-04-05 03:35:49,293 [INFO]       ├ System.Int32 level (off=24)
2026-04-05 03:35:49,293 [INFO]     Gallop.CardGetCardEventSkillRequest : Gallop.RequestBase`1
2026-04-05 03:35:49,293 [INFO]       ├ System.Int32 card_id (off=136)
2026-04-05 03:35:49,293 [INFO]       ├ Cute.Http.IHttpTask CreateTask(2p)
2026-04-05 03:35:49,293 [INFO]     Gallop.SupportCardGetSupportCardEventSkillRequest : Gallop.RequestBase`1
2026-04-05 03:35:49,293 [INFO]       ├ System.Int32 support_card_id (off=136)
2026-04-05 03:35:49,293 [INFO]       ├ Cute.Http.IHttpTask CreateTask(2p)
2026-04-05 03:35:49,293 [INFO]     Gallop.EventSkill : System.Object
2026-04-05 03:35:49,293 [INFO]       ├ System.Int32 story_id (off=16)
2026-04-05 03:35:49,293 [INFO]       ├ System.Int32[] skill_id_array (off=24)
2026-04-05 03:35:49,293 [INFO]     Gallop.GainSkillInfo : System.Object
2026-04-05 03:35:49,293 [INFO]       ├ System.Int32 skill_id (off=16)
2026-04-05 03:35:49,293 [INFO]       ├ System.Int32 level (off=20)
2026-04-05 03:35:49,293 [INFO]     Gallop.SkillData : System.Object
2026-04-05 03:35:49,293 [INFO]       ├ System.Int32 skill_id (off=16)
2026-04-05 03:35:49,293 [INFO]       ├ System.Int32 level (off=20)
2026-04-05 03:35:49,293 [INFO]     Gallop.TeamSkillTips : System.Object
2026-04-05 03:35:49,293 [INFO]       ├ System.Int32 training_partner_id (off=16)
2026-04-05 03:35:49,293 [INFO]       ├ Gallop.SkillTips[] skill_tips_array (off=24)
2026-04-05 03:35:49,293 [INFO]     Gallop.CardGetCardEventSkillResponse : Gallop.ResponseCommon
2026-04-05 03:35:49,293 [INFO]       ├ Gallop.CardGetCardEventSkillResponse.CommonResponse data (off=24)
2026-04-05 03:35:49,293 [INFO]     Gallop.CardSkillUpgradeResponse : Gallop.ResponseCommon
2026-04-05 03:35:49,293 [INFO]       ├ Gallop.CardSkillUpgradeResponse.CommonResponse data (off=24)
2026-04-05 03:35:49,293 [INFO]     Gallop.SingleModeFreeGainSkillsResponse : Gallop.ResponseCommon
2026-04-05 03:35:49,293 [INFO]       ├ Gallop.SingleModeFreeGainSkillsResponse.CommonResponse data (off=24)
2026-04-05 03:35:49,293 [INFO]     Gallop.SingleModeGainSkillsResponse : Gallop.ResponseCommon
2026-04-05 03:35:49,293 [INFO]       ├ Gallop.SingleModeGainSkillsResponse.CommonResponse data (off=24)
2026-04-05 03:35:49,293 [INFO]     Gallop.SingleModeTeamGainSkillsResponse : Gallop.ResponseCommon
2026-04-05 03:35:49,293 [INFO]       ├ Gallop.SingleModeTeamGainSkillsResponse.CommonResponse data (off=24)
2026-04-05 03:35:49,293 [INFO]     Gallop.SupportCardGetSupportCardEventSkillResponse : Gallop.ResponseCommon
2026-04-05 03:35:49,293 [INFO]       ├ Gallop.SupportCardGetSupportCardEventSkillResponse.CommonResponse data (off=24)
2026-04-05 03:35:49,294 [INFO] 
  ── umamusume.dll (368 classes) ──
2026-04-05 03:35:49,294 [INFO]     Gallop.RaceSkillCutInHelper : Gallop.CutInHelper
2026-04-05 03:35:49,294 [INFO]       ├ System.Int32 CUTIN_MODEL_KEY_OFFSET_USERCHARA (off=0) [static]
2026-04-05 03:35:49,294 [INFO]       ├ System.Int32 CUTIN_MODEL_KEY_OFFSET_FIXEDCHARA (off=0) [static]
2026-04-05 03:35:49,294 [INFO]       ├ System.Int32 CUTIN_MODEL_KEY_NULL (off=0) [static]
2026-04-05 03:35:49,294 [INFO]       ├ System.Int32 CutIn3DDepth (off=0) [static]
2026-04-05 03:35:49,294 [INFO]       ├ System.Int32 CutIn2DDepth (off=0) [static]
2026-04-05 03:35:49,294 [INFO]       ├ System.Single ORTHGRAPHIC_SIZE (off=0) [static]
2026-04-05 03:35:49,294 [INFO]       ├ System.Single ORTHGRAPHIC_SIZE_STEAM_LANDSCAPE (off=0) [static]
2026-04-05 03:35:49,294 [INFO]       ├ System.Int32 CharacterKeyIndexScale (off=0) [static]
2026-04-05 03:35:49,294 [INFO]       ├ System.Int32 AssetReferenceTableNum (off=0) [static]
2026-04-05 03:35:49,294 [INFO]       ├ UnityEngine.Vector3 LIMITBREAK_PREPARE_POSITION (off=0) [static]
2026-04-05 03:35:49,294 [INFO]       ├ System.String BACKGROUND_CAMERA_NAME (off=0) [static]
2026-04-05 03:35:49,294 [INFO]       ├ Gallop.IHorseRaceInfo _baseHorseInfo (off=272)
2026-04-05 03:35:49,294 [INFO]       ├ System.Func<System.Int32> _onGetHorseIndex (off=280)
2026-04-05 03:35:49,294 [INFO]       ├ System.Func<System.Int32> _onGetSubKey (off=288)
2026-04-05 03:35:49,294 [INFO]       ├ Gallop.RaceManagerReplayBase _raceManager (off=296)
2026-04-05 03:35:49,294 [INFO]       ├ System.Func<Gallop.CutIn.Cutt.TimelineKeyEffectDataList,System.Boolean> _onCheckPrefabTimeline (off=304)
2026-04-05 03:35:49,294 [INFO]       ├ UnityEngine.Color _charaColor (off=312)
2026-04-05 03:35:49,294 [INFO]       ├ UnityEngine.Color _charaSubColor (off=328)
2026-04-05 03:35:49,294 [INFO]       ├ System.Collections.Generic.Dictionary<System.String,System.Int32> _assetReferenceTable (off=344)
2026-04-05 03:35:49,294 [INFO]       ├ System.Collections.Generic.List<Gallop.RaceSkillCutInHelper.PreInstantiateFixedCharaInfo> _preInstantiatedFixedCharaInfoList (off=352)
2026-04-05 03:35:49,294 [INFO]       ├ System.Collections.Generic.List<Gallop.RaceSkillCutInHelper.PreInstantiateUserCharaInfo> _preInstantiatedUserCharaInfoList (off=360)
2026-04-05 03:35:49,294 [INFO]       ├ System.Func<System.String,Gallop.FlashPlayer> _getFlashPlayerAction (off=368)
2026-04-05 03:35:49,294 [INFO]       ├ System.Action<Gallop.CutIn.Cutt.CuttEventParam_WaitTap> _onSetWaitTap (off=376)
2026-04-05 03:35:49,294 [INFO]       ├ System.Action<Gallop.CutIn.Cutt.CuttEventParam_SetTapJumpFrame> _onSetTapJumpFrame (off=384)
2026-04-05 03:35:49,294 [INFO]       ├ System.Action<Gallop.CutIn.Cutt.CuttEventParam_OnGachaGateAction> _onGachaGateAction (off=392)
2026-04-05 03:35:49,294 [INFO]       ├ System.Action<Gallop.CutIn.Cutt.TimelineKeySoundData.VoiceData> _onPlayVoice (off=400)
2026-04-05 03:35:49,294 [INFO]       ├ System.Action<Gallop.CutIn.Cutt.CuttEventParam_WaitVoiceEnd> _onSetWaitVoiceEnd (off=408)
2026-04-05 03:35:49,294 [INFO]       ├ System.Action<Gallop.CutIn.Cutt.CuttEventParam_SimpleCommand> _onSimpleCommand (off=416)
2026-04-05 03:35:49,294 [INFO]       ├ System.Action<Gallop.CutIn.Cutt.TimelineKeySoundData.SoundData,System.Boolean> _onPlayEnv (off=424)
2026-04-05 03:35:49,294 [INFO]       ├ System.Action<Gallop.CutIn.Cutt.TimelineKeySoundData.SoundData> _onSetVolumeEnv (off=432)
2026-04-05 03:35:49,294 [INFO]       ├ Gallop.GallopFrameBuffer _frameBuffer (off=440)
2026-04-05 03:35:49,294 [INFO]       ├ Gallop.RaceSkillCutInHelper.Owner _owner (off=448)
2026-04-05 03:35:49,295 [INFO]       ├ System.Boolean _isBGMVolumeFade (off=456)
2026-04-05 03:35:49,295 [INFO]       ├ UnityEngine.Rendering.CommandBuffer _backgroundCommandBuffer (off=464)
2026-04-05 03:35:49,295 [INFO]       ├ UnityEngine.Rendering.CommandBuffer _uiImageCommandBuffer (off=472)
2026-04-05 03:35:49,295 [INFO]       ├ Gallop.Live.AdditionalLightComponent _addLight (off=480)
2026-04-05 03:35:49,295 [INFO]       ├ UnityEngine.GameObject _lightRoot (off=488)
2026-04-05 03:35:49,295 [INFO]       ├ Gallop.MultiLightShadowController _multiLightShadowController (off=496)
2026-04-05 03:35:49,295 [INFO]       ├ System.Boolean _isInitializeShadowController (off=504)
2026-04-05 03:35:49,295 [INFO]       ├ UnityEngine.Camera _backGroundCamera (off=512)
2026-04-05 03:35:49,295 [INFO]       ├ UnityEngine.GameObject _consignedCameraRootObj (off=520)
2026-04-05 03:35:49,295 [INFO]       ├ System.Collections.Generic.List<Gallop.RaceSkillCutInHelper.FramebufferAddedCamera> _frameBufferAddedCameraList (off=528)
2026-04-05 03:35:49,295 [INFO]       ├ UnityEngine.RenderTexture _toCutInCameraRenderTexture (off=536)
2026-04-05 03:35:49,295 [INFO]       ├ UnityEngine.RenderTexture _toBackgroundCameraRenderTexture (off=544)
2026-04-05 03:35:49,295 [INFO]       ├ System.Collections.Generic.List<Gallop.RaceSkillCutInHelper.LimitBreakTempData> _limitBrealTempDataList (off=552)
2026-04-05 03:35:49,295 [INFO]       ├ System.Single ENV_SOUND_FADEOUT_TIME (off=0) [static]
2026-04-05 03:35:49,295 [INFO]       ├ Cute.Cri.AudioPlayback _envPlayback (off=560)
2026-04-05 03:35:49,295 [INFO]       ├ Gallop.GraphicSettings.LayerIndex get_NormalEffectLayer(0p)
2026-04-05 03:35:49,295 [INFO]       ├ Gallop.GraphicSettings.LayerIndex get_AvoidEffectLayer(0p)
2026-04-05 03:35:49,295 [INFO]       ├ Gallop.GraphicSettings.LayerIndex get_OrthoLayer(0p)
2026-04-05 03:35:49,295 [INFO]       ├ System.Void set_CharaColor(1p)
2026-04-05 03:35:49,295 [INFO]       ├ System.Void set_CharaSubColor(1p)
2026-04-05 03:35:49,295 [INFO]       ├ UnityEngine.Camera get_BackGroundCamera(0p)
2026-04-05 03:35:49,295 [INFO]       ├ System.Void SetupAddLight(0p)
2026-04-05 03:35:49,295 [INFO]       ├ System.Void Init(1p)
2026-04-05 03:35:49,295 [INFO]       ├ System.Void InitForGacha(1p)
2026-04-05 03:35:49,295 [INFO]       ├ System.Void InitForLimitBreak(1p)
2026-04-05 03:35:49,295 [INFO]       ├ System.Void ReturnLimitBreakData(0p)
2026-04-05 03:35:49,295 [INFO]       ├ System.Void InitWithBackgroundRT(2p)
2026-04-05 03:35:49,295 [INFO]       ├ System.Void InitializeForCuttDirect(2p)
2026-04-05 03:35:49,295 [INFO]       ├ System.Boolean OnCheckPrefabTimeline_CuttDirect(1p)
2026-04-05 03:35:49,295 [INFO]       ├ System.Void SetupTimelineCallback(1p)
2026-04-05 03:35:49,295 [INFO]       ├ System.Void RegisterCallback(0p)
2026-04-05 03:35:49,295 [INFO]       ├ System.Void OnCreatePrefab(1p)
2026-04-05 03:35:49,295 [INFO]       ├ System.Void OnSetLayer(2p)
2026-04-05 03:35:49,295 [INFO]       ├ System.Collections.IEnumerator PreInstantiateRace(4p)
2026-04-05 03:35:49,295 [INFO]       ├ System.Int32 GetOverrideDressId(1p)
2026-04-05 03:35:49,295 [INFO]       └ ... 67 more methods
2026-04-05 03:35:49,295 [INFO]     SkillData : System.Object
2026-04-05 03:35:49,295 [INFO]       ├ System.Int32 Id (off=16)
2026-04-05 03:35:49,295 [INFO]       ├ System.Int32 Rarity (off=20)
2026-04-05 03:35:49,295 [INFO]       ├ System.Int32 GroupId (off=24)
2026-04-05 03:35:49,295 [INFO]       ├ System.Int32 GroupRate (off=28)
2026-04-05 03:35:49,295 [INFO]       ├ System.Int32 FilterSwitch (off=32)
2026-04-05 03:35:49,295 [INFO]       ├ System.Int32 GradeValue (off=36)
2026-04-05 03:35:49,295 [INFO]       ├ System.Int32 SkillCategory (off=40)
2026-04-05 03:35:49,295 [INFO]       ├ System.String TagId (off=48)
2026-04-05 03:35:49,295 [INFO]       ├ System.Int32 UniqueSkillId1 (off=56)
2026-04-05 03:35:49,295 [INFO]       ├ System.Int32 UniqueSkillId2 (off=60)
2026-04-05 03:35:49,295 [INFO]       ├ System.Int32 ExpType (off=64)
2026-04-05 03:35:49,295 [INFO]       ├ System.Int32 PotentialPerDefault (off=68)
2026-04-05 03:35:49,295 [INFO]       ├ System.Int32 ActivateLot (off=72)
2026-04-05 03:35:49,295 [INFO]       ├ System.String Precondition1 (off=80)
2026-04-05 03:35:49,295 [INFO]       ├ System.String Condition1 (off=88)
2026-04-05 03:35:49,295 [INFO]       ├ System.Int32 FloatAbilityTime1 (off=96)
2026-04-05 03:35:49,295 [INFO]       ├ System.Int32 AbilityTimeUsage1 (off=100)
2026-04-05 03:35:49,295 [INFO]       ├ System.Int32 FloatCooldownTime1 (off=104)
2026-04-05 03:35:49,295 [INFO]       ├ System.Int32 AbilityType11 (off=108)
2026-04-05 03:35:49,295 [INFO]       ├ System.Int32 AbilityValueUsage11 (off=112)
2026-04-05 03:35:49,295 [INFO]       ├ System.Int32 AbilityValueLevelUsage11 (off=116)
2026-04-05 03:35:49,295 [INFO]       ├ System.Int32 FloatAbilityValue11 (off=120)
2026-04-05 03:35:49,295 [INFO]       ├ System.Int32 TargetType11 (off=124)
2026-04-05 03:35:49,295 [INFO]       ├ System.Int32 TargetValue11 (off=128)
2026-04-05 03:35:49,295 [INFO]       ├ System.Int32 AbilityType12 (off=132)
2026-04-05 03:35:49,295 [INFO]       ├ System.Int32 AbilityValueUsage12 (off=136)
2026-04-05 03:35:49,295 [INFO]       ├ System.Int32 AbilityValueLevelUsage12 (off=140)
2026-04-05 03:35:49,295 [INFO]       ├ System.Int32 FloatAbilityValue12 (off=144)
2026-04-05 03:35:49,295 [INFO]       ├ System.Int32 TargetType12 (off=148)
2026-04-05 03:35:49,295 [INFO]       ├ System.Int32 TargetValue12 (off=152)
2026-04-05 03:35:49,295 [INFO]       ├ System.Int32 AbilityType13 (off=156)
2026-04-05 03:35:49,296 [INFO]       ├ System.Int32 AbilityValueUsage13 (off=160)
2026-04-05 03:35:49,296 [INFO]       ├ System.Int32 AbilityValueLevelUsage13 (off=164)
2026-04-05 03:35:49,296 [INFO]       ├ System.Int32 FloatAbilityValue13 (off=168)
2026-04-05 03:35:49,296 [INFO]       ├ System.Int32 TargetType13 (off=172)
2026-04-05 03:35:49,296 [INFO]       ├ System.Int32 TargetValue13 (off=176)
2026-04-05 03:35:49,296 [INFO]       ├ System.String Precondition2 (off=184)
2026-04-05 03:35:49,296 [INFO]       ├ System.String Condition2 (off=192)
2026-04-05 03:35:49,296 [INFO]       ├ System.Int32 FloatAbilityTime2 (off=200)
2026-04-05 03:35:49,296 [INFO]       ├ System.Int32 AbilityTimeUsage2 (off=204)
2026-04-05 03:35:49,296 [INFO]       ├ System.Int32 FloatCooldownTime2 (off=208)
2026-04-05 03:35:49,296 [INFO]       ├ System.Int32 AbilityType21 (off=212)
2026-04-05 03:35:49,296 [INFO]       ├ System.Int32 AbilityValueUsage21 (off=216)
2026-04-05 03:35:49,296 [INFO]       ├ System.Int32 AbilityValueLevelUsage21 (off=220)
2026-04-05 03:35:49,296 [INFO]       ├ System.Int32 FloatAbilityValue21 (off=224)
2026-04-05 03:35:49,296 [INFO]       ├ System.Int32 TargetType21 (off=228)
2026-04-05 03:35:49,296 [INFO]       ├ System.Int32 TargetValue21 (off=232)
2026-04-05 03:35:49,296 [INFO]       ├ System.Int32 AbilityType22 (off=236)
2026-04-05 03:35:49,296 [INFO]       ├ System.Int32 AbilityValueUsage22 (off=240)
2026-04-05 03:35:49,296 [INFO]       ├ System.Int32 AbilityValueLevelUsage22 (off=244)
2026-04-05 03:35:49,296 [INFO]       ├ System.Int32 FloatAbilityValue22 (off=248)
2026-04-05 03:35:49,296 [INFO]       ├ System.Int32 TargetType22 (off=252)
2026-04-05 03:35:49,296 [INFO]       ├ System.Int32 TargetValue22 (off=256)
2026-04-05 03:35:49,296 [INFO]       ├ System.Int32 AbilityType23 (off=260)
2026-04-05 03:35:49,296 [INFO]       ├ System.Int32 AbilityValueUsage23 (off=264)
2026-04-05 03:35:49,296 [INFO]       ├ System.Int32 AbilityValueLevelUsage23 (off=268)
2026-04-05 03:35:49,296 [INFO]       ├ System.Int32 FloatAbilityValue23 (off=272)
2026-04-05 03:35:49,296 [INFO]       ├ System.Int32 TargetType23 (off=276)
2026-04-05 03:35:49,296 [INFO]       ├ System.Int32 TargetValue23 (off=280)
2026-04-05 03:35:49,296 [INFO]       ├ System.Int32 PopularityAddParam1 (off=284)
2026-04-05 03:35:49,296 [INFO]       ├ System.Int32 PopularityAddValue1 (off=288)
2026-04-05 03:35:49,296 [INFO]       ├ System.Int32 PopularityAddParam2 (off=292)
2026-04-05 03:35:49,296 [INFO]       ├ System.Int32 PopularityAddValue2 (off=296)
2026-04-05 03:35:49,296 [INFO]       ├ System.Int32 DispOrder (off=300)
2026-04-05 03:35:49,296 [INFO]       ├ System.Int32 IconId (off=304)
2026-04-05 03:35:49,296 [INFO]       ├ System.Int32 PlateType (off=308)
2026-04-05 03:35:49,296 [INFO]       ├ System.Int32 DisableCountCondition (off=312)
2026-04-05 03:35:49,296 [INFO]       ├ System.Int32 IsGeneralSkill (off=316)
2026-04-05 03:35:49,296 [INFO]       ├ System.Int64 StartDate (off=320)
2026-04-05 03:35:49,296 [INFO]       ├ System.Int64 EndDate (off=328)
2026-04-05 03:35:49,296 [INFO]       ├ System.Boolean _tagIdsCached (off=336)
2026-04-05 03:35:49,296 [INFO]       ├ System.Collections.Generic.List<System.Int32> _tagIdList (off=344)
2026-04-05 03:35:49,296 [INFO]       ├ System.Collections.Generic.List<Gallop.SingleModeDefine.SkillTag> _eTagList (off=352)
2026-04-05 03:35:49,296 [INFO]       ├ System.String get_Name(0p)
2026-04-05 03:35:49,296 [INFO]       ├ System.String get_Remarks(0p)
2026-04-05 03:35:49,296 [INFO]       ├ System.String get_Condition(0p)
2026-04-05 03:35:49,296 [INFO]       ├ System.Collections.Generic.List<Gallop.SingleModeDefine.SkillTag> GetEnumTagList(0p)
2026-04-05 03:35:49,296 [INFO]       ├ System.Collections.Generic.List<System.Int32> GetTagIds(0p)
2026-04-05 03:35:49,296 [INFO]       ├ System.Void ProcessDetail1(1p)
2026-04-05 03:35:49,296 [INFO]       ├ System.Void ProcessDetail2(1p)
2026-04-05 03:35:49,296 [INFO]       ├ System.Boolean get_IsLevelUp(0p)
2026-04-05 03:35:49,296 [INFO]     Gallop.SkillDetail : System.Object
2026-04-05 03:35:49,296 [INFO]       ├ System.Int32 ABILITY_CAPACITY (off=0) [static]
2026-04-05 03:35:49,296 [INFO]       ├ System.Int32 _detailIndex (off=16)
2026-04-05 03:35:49,296 [INFO]       ├ Gallop.ISkillTriggerCollection _trigger (off=24)
2026-04-05 03:35:49,296 [INFO]       ├ Gallop.ISkillTriggerCollection _preTrigger (off=32)
2026-04-05 03:35:49,296 [INFO]       ├ System.Boolean _isNeedPreTriggerCheck (off=40)
2026-04-05 03:35:49,296 [INFO]       ├ System.Single <CoolDownTime>k__BackingField (off=44)
2026-04-05 03:35:49,297 [INFO]       ├ System.Boolean _isTimeInfinite (off=48)
2026-04-05 03:35:49,297 [INFO]       ├ System.Single <LeftTime>k__BackingField (off=52)
2026-04-05 03:35:49,297 [INFO]       ├ Gallop.ISkillAbilityTimeCalculator _abilityTimeCalculator (off=56)
2026-04-05 03:35:49,297 [INFO]       ├ Gallop.IRaceTimeAccessor _timeAccessor (off=64)
2026-04-05 03:35:49,297 [INFO]       ├ Gallop.IRaceEventRecorder _skillEventRecorder (off=72)
2026-04-05 03:35:49,297 [INFO]       ├ Gallop.MasterSkillData.SkillData <SkillMaster>k__BackingField (off=80)
2026-04-05 03:35:49,297 [INFO]       ├ System.Int32 <SkillLevel>k__BackingField (off=88)
2026-04-05 03:35:49,297 [INFO]       ├ System.Boolean _isDebuff (off=92)
2026-04-05 03:35:49,297 [INFO]       ├ Gallop.SkillDefine.SkillCategory <Category>k__BackingField (off=96)
2026-04-05 03:35:49,297 [INFO]       ├ System.String <ActivateEffectName>k__BackingField (off=104)
2026-04-05 03:35:49,297 [INFO]       ├ System.String <SkillEffectName>k__BackingField (off=112)
2026-04-05 03:35:49,297 [INFO]       ├ System.String <ActivateCueName>k__BackingField (off=120)
2026-04-05 03:35:49,297 [INFO]       ├ System.String <MainCueName>k__BackingField (off=128)
2026-04-05 03:35:49,297 [INFO]       ├ Gallop.IHorseRaceInfo <OwnerHorse>k__BackingField (off=136)
2026-04-05 03:35:49,297 [INFO]       ├ System.Collections.Generic.List<Gallop.ISkillAbility> <Abilities>k__BackingField (off=144)
2026-04-05 03:35:49,297 [INFO]       ├ System.Boolean <IsActivated>k__BackingField (off=152)
2026-04-05 03:35:49,297 [INFO]       ├ System.Single get_CoolDownTime(0p)
2026-04-05 03:35:49,297 [INFO]       ├ System.Void set_CoolDownTime(1p)
2026-04-05 03:35:49,297 [INFO]       ├ System.Single get_LeftTime(0p)
2026-04-05 03:35:49,297 [INFO]       ├ System.Void set_LeftTime(1p)
2026-04-05 03:35:49,297 [INFO]       ├ Gallop.MasterSkillData.SkillData get_SkillMaster(0p)
2026-04-05 03:35:49,297 [INFO]       ├ System.Void set_SkillMaster(1p)
2026-04-05 03:35:49,297 [INFO]       ├ System.Int32 get_SkillId(0p)
2026-04-05 03:35:49,297 [INFO]       ├ Gallop.SkillDefine.SkillRarity get_Rarity(0p)
2026-04-05 03:35:49,297 [INFO]       ├ System.Int32 get_SkillGroupRate(0p)
2026-04-05 03:35:49,297 [INFO]       ├ System.Int32 get_SkillLevel(0p)
2026-04-05 03:35:49,297 [INFO]       ├ System.Void set_SkillLevel(1p)
2026-04-05 03:35:49,297 [INFO]       ├ System.Boolean get_IsDebuff(0p)
2026-04-05 03:35:49,297 [INFO]       ├ System.Void set_IsDebuff(1p)
2026-04-05 03:35:49,297 [INFO]       ├ Gallop.SkillDefine.SkillCategory get_Category(0p)
2026-04-05 03:35:49,297 [INFO]       ├ System.Void set_Category(1p)
2026-04-05 03:35:49,297 [INFO]       ├ System.String get_ActivateEffectName(0p)
2026-04-05 03:35:49,297 [INFO]       ├ System.Void set_ActivateEffectName(1p)
2026-04-05 03:35:49,297 [INFO]       ├ System.String get_SkillEffectName(0p)
2026-04-05 03:35:49,297 [INFO]       ├ System.Void set_SkillEffectName(1p)
2026-04-05 03:35:49,297 [INFO]       ├ System.String get_ActivateCueName(0p)
2026-04-05 03:35:49,297 [INFO]       └ ... 25 more methods
2026-04-05 03:35:49,297 [INFO]     Gallop.RaceSkillCutInStateImplBase : System.Object
2026-04-05 03:35:49,297 [INFO]       ├ System.Single CUTIN_FADE_SEC (off=0) [static]
2026-04-05 03:35:49,297 [INFO]       ├ Gallop.RaceManagerReplayBase.CutInInfo _cutInInfo (off=16)
2026-04-05 03:35:49,297 [INFO]       ├ System.Boolean _isVisibleSkipOnStartCutIn (off=24)
2026-04-05 03:35:49,297 [INFO]       ├ System.Boolean _isVisibleFastForwardOnStartCutIn (off=25)
2026-04-05 03:35:49,297 [INFO]       ├ System.Boolean _isVisibleCameraOnStartCutIn (off=26)
2026-04-05 03:35:49,297 [INFO]       ├ System.Boolean _isVisibleMiniMapOnStartCutIn (off=27)
2026-04-05 03:35:49,297 [INFO]       ├ System.Boolean _isVisibleRankOnStartCutIn (off=28)
2026-04-05 03:35:49,297 [INFO]       ├ System.Boolean _isVisibleJikkyoOnStartCutIn (off=29)
2026-04-05 03:35:49,297 [INFO]       ├ System.Boolean _isVisibleSkillInfo (off=30)
2026-04-05 03:35:49,297 [INFO]       ├ System.Boolean _isVisibleChallengeMatchPoint (off=31)
2026-04-05 03:35:49,297 [INFO]       ├ System.Single _cachedTimeScale (off=32)
2026-04-05 03:35:49,297 [INFO]       ├ System.Boolean _isCutInReady (off=36)
2026-04-05 03:35:49,297 [INFO]       ├ UnityEngine.Transform _cutInParent (off=40)
2026-04-05 03:35:49,297 [INFO]       ├ Gallop.RaceManagerReplayBase _raceManager (off=48)
2026-04-05 03:35:49,297 [INFO]       ├ Gallop.RaceSkillCutInHelper _cutInHelper (off=56)
2026-04-05 03:35:49,297 [INFO]       ├ Gallop.RaceMainViewController _raceMainView (off=64)
2026-04-05 03:35:49,297 [INFO]       ├ Gallop.IJikkyoAccessor _jikkyoAccessor (off=72)
2026-04-05 03:35:49,297 [INFO]       ├ Gallop.ICourseManager _courseManager (off=80)
2026-04-05 03:35:49,297 [INFO]       ├ Gallop.IRaceView _raceView (off=88)
2026-04-05 03:35:49,297 [INFO]       ├ Gallop.FSM<Gallop.RaceSkillCutInStateImplBase.State> _fsm (off=96)
2026-04-05 03:35:49,297 [INFO]       ├ System.Boolean _isShort (off=104)
2026-04-05 03:35:49,297 [INFO]       ├ System.Boolean _isCheckedShort (off=105)
2026-04-05 03:35:49,297 [INFO]       ├ System.Boolean _isReqPlaySound (off=106)
2026-04-05 03:35:49,297 [INFO]       ├ Gallop.RaceSkillCutInStateImplBase.State get_CurState(0p)
2026-04-05 03:35:49,297 [INFO]       ├ System.Void Enter(1p)
2026-04-05 03:35:49,297 [INFO]       ├ System.Void Exit(0p)
2026-04-05 03:35:49,297 [INFO]       ├ System.Void FixedUpdate(0p)
2026-04-05 03:35:49,297 [INFO]       ├ System.Boolean Update(1p)
2026-04-05 03:35:49,297 [INFO]       ├ System.Void LateUpdate(0p)
2026-04-05 03:35:49,297 [INFO]       ├ System.Collections.IEnumerator CaptureRace(1p)
2026-04-05 03:35:49,297 [INFO]       ├ System.Void OnCaptureEnd(0p)
2026-04-05 03:35:49,297 [INFO]       ├ System.Void SetupCutInHelper(1p)
2026-04-05 03:35:49,297 [INFO]       ├ System.Void SetupCutInHelperWithResumeFrame(1p)
2026-04-05 03:35:49,297 [INFO]       ├ System.Void CleanupCutInHelper(0p)
2026-04-05 03:35:49,297 [INFO]       ├ System.Void VisibleRace(1p)
2026-04-05 03:35:49,297 [INFO]       ├ System.Void CacheUIStatus(0p)
2026-04-05 03:35:49,297 [INFO]       ├ System.Void BackUIStatus(0p)
2026-04-05 03:35:49,297 [INFO]       ├ System.Void CacheRaceTime(0p)
2026-04-05 03:35:49,297 [INFO]       ├ System.Void BackRaceTime(0p)
2026-04-05 03:35:49,297 [INFO]       ├ System.Void PlayMessageUIByReserve(0p)
2026-04-05 03:35:49,298 [INFO]       ├ System.Void PlayScoreUIByReserve(0p)
2026-04-05 03:35:49,298 [INFO]       ├ System.Void PlaySkillInfoUIByReserve(0p)
2026-04-05 03:35:49,298 [INFO]       ├ System.Void PlaySSRSkillNameFlash(3p)
2026-04-05 03:35:49,298 [INFO]       └ ... 15 more methods
2026-04-05 03:35:49,298 [INFO]     Gallop.SingleModeSkillLearningViewController : Gallop.ViewControllerBase`1
2026-04-05 03:35:49,298 [INFO]       ├ System.Int32 BG_ID (off=0) [static]
2026-04-05 03:35:49,298 [INFO]       ├ System.Int32 BG_SUB_ID (off=0) [static]
2026-04-05 03:35:49,298 [INFO]       ├ System.String BG_PATH (off=48)
2026-04-05 03:35:49,298 [INFO]       ├ System.String ENV_PATH (off=56)
2026-04-05 03:35:49,298 [INFO]       ├ System.Collections.Generic.List<Gallop.SingleModeSkillLearningViewController.SkillInfo> _skillInfoList (off=64)
2026-04-05 03:35:49,298 [INFO]       ├ System.Collections.Generic.List<Gallop.PartsSingleModeSkillLearningListItem> _itemList (off=72)
2026-04-05 03:35:49,298 [INFO]       ├ System.Collections.Generic.List<UnityEngine.RectTransform> _itemRectTransformList (off=80)
2026-04-05 03:35:49,298 [INFO]       ├ System.Int32 <RemainingPoint>k__BackingField (off=88)
2026-04-05 03:35:49,298 [INFO]       ├ Gallop.DialogCommon _isSelectedDialog (off=96)
2026-04-05 03:35:49,298 [INFO]       ├ System.Int32 get_RemainingPoint(0p)
2026-04-05 03:35:49,298 [INFO]       ├ System.Void set_RemainingPoint(1p)
2026-04-05 03:35:49,298 [INFO]       ├ System.Void RegisterDownload(1p)
2026-04-05 03:35:49,298 [INFO]       ├ System.Collections.IEnumerator InitializeView(0p)
2026-04-05 03:35:49,298 [INFO]       ├ System.Void BeginView(0p)
2026-04-05 03:35:49,298 [INFO]       ├ Gallop.AudioId GetDynamicBgmId(0p)
2026-04-05 03:35:49,298 [INFO]       ├ Gallop.AudioManager.CueSheetCueNameInfo GetDynamicBgmCueInfo(0p)
2026-04-05 03:35:49,298 [INFO]       ├ System.Void OverrideDynamicNowLoadingType(2p)
2026-04-05 03:35:49,298 [INFO]       ├ System.Collections.IEnumerator PlayInView(0p)
2026-04-05 03:35:49,298 [INFO]       ├ System.Collections.Generic.List<UnityEngine.GameObject> GetActiveItemList(0p)
2026-04-05 03:35:49,298 [INFO]       ├ System.Single GetBackButtonAnimationDelayTime(0p)
2026-04-05 03:35:49,298 [INFO]       ├ System.Collections.IEnumerator PlayOutView(0p)
2026-04-05 03:35:49,298 [INFO]       ├ System.Void OnGamePadMenuButton(0p)
2026-04-05 03:35:49,298 [INFO]       ├ System.Void OnClickBackButton(0p)
2026-04-05 03:35:49,298 [INFO]       ├ System.Void ChagePrevView(0p)
2026-04-05 03:35:49,298 [INFO]       ├ System.Void OnClickOsBackKey(0p)
2026-04-05 03:35:49,298 [INFO]       ├ System.Void Setup(0p)
2026-04-05 03:35:49,298 [INFO]       ├ System.Void SetupAnimationRectTransformList(0p)
2026-04-05 03:35:49,298 [INFO]       ├ System.Boolean IsResultState(0p)
2026-04-05 03:35:49,298 [INFO]       ├ Gallop.PartsSingleModeSkillLearningListItem.Info GetInfo(1p)
2026-04-05 03:35:49,298 [INFO]       └ ... 15 more methods
2026-04-05 03:35:49,298 [INFO]     SkillAbilityType : System.Enum
2026-04-05 03:35:49,298 [INFO]       ├ System.Int32 value__ (off=16)
2026-04-05 03:35:49,298 [INFO]       ├ Gallop.SkillDefine.SkillAbilityType None (off=0) [static]
2026-04-05 03:35:49,298 [INFO]       ├ Gallop.SkillDefine.SkillAbilityType Speed (off=0) [static]
2026-04-05 03:35:49,298 [INFO]       ├ Gallop.SkillDefine.SkillAbilityType Stamina (off=0) [static]
2026-04-05 03:35:49,298 [INFO]       ├ Gallop.SkillDefine.SkillAbilityType Power (off=0) [static]
2026-04-05 03:35:49,298 [INFO]       ├ Gallop.SkillDefine.SkillAbilityType Guts (off=0) [static]
2026-04-05 03:35:49,298 [INFO]       ├ Gallop.SkillDefine.SkillAbilityType Wiz (off=0) [static]
2026-04-05 03:35:49,298 [INFO]       ├ Gallop.SkillDefine.SkillAbilityType RunningStyleExOonige (off=0) [static]
2026-04-05 03:35:49,298 [INFO]       ├ Gallop.SkillDefine.SkillAbilityType HpDecRate (off=0) [static]
2026-04-05 03:35:49,298 [INFO]       ├ Gallop.SkillDefine.SkillAbilityType VisibleDistance (off=0) [static]
2026-04-05 03:35:49,298 [INFO]       ├ Gallop.SkillDefine.SkillAbilityType HpRate (off=0) [static]
2026-04-05 03:35:49,298 [INFO]       ├ Gallop.SkillDefine.SkillAbilityType StartDash (off=0) [static]
2026-04-05 03:35:49,298 [INFO]       ├ Gallop.SkillDefine.SkillAbilityType ForceOvertakeIn (off=0) [static]
2026-04-05 03:35:49,298 [INFO]       ├ Gallop.SkillDefine.SkillAbilityType ForceOvertakeOut (off=0) [static]
2026-04-05 03:35:49,298 [INFO]       ├ Gallop.SkillDefine.SkillAbilityType TemptationEndTime (off=0) [static]
2026-04-05 03:35:49,298 [INFO]       ├ Gallop.SkillDefine.SkillAbilityType StartDelayFix (off=0) [static]
2026-04-05 03:35:49,298 [INFO]       ├ Gallop.SkillDefine.SkillAbilityType NOUSE_13 (off=0) [static]
2026-04-05 03:35:49,298 [INFO]       ├ Gallop.SkillDefine.SkillAbilityType NOUSE_14 (off=0) [static]
2026-04-05 03:35:49,298 [INFO]       ├ Gallop.SkillDefine.SkillAbilityType NOUSE (off=0) [static]
2026-04-05 03:35:49,298 [INFO]       ├ Gallop.SkillDefine.SkillAbilityType NOUSE_3 (off=0) [static]
2026-04-05 03:35:49,298 [INFO]       ├ Gallop.SkillDefine.SkillAbilityType NOUSE_21 (off=0) [static]
2026-04-05 03:35:49,298 [INFO]       ├ Gallop.SkillDefine.SkillAbilityType NOUSE_8 (off=0) [static]
2026-04-05 03:35:49,298 [INFO]       ├ Gallop.SkillDefine.SkillAbilityType CurrentSpeed (off=0) [static]
2026-04-05 03:35:49,298 [INFO]       ├ Gallop.SkillDefine.SkillAbilityType CurrentSpeedWithNaturalDeceleration (off=0) [static]
2026-04-05 03:35:49,298 [INFO]       ├ Gallop.SkillDefine.SkillAbilityType NOUSE_2 (off=0) [static]
2026-04-05 03:35:49,298 [INFO]       ├ Gallop.SkillDefine.SkillAbilityType NOUSE_4 (off=0) [static]
2026-04-05 03:35:49,298 [INFO]       ├ Gallop.SkillDefine.SkillAbilityType NOUSE_7 (off=0) [static]
2026-04-05 03:35:49,298 [INFO]       ├ Gallop.SkillDefine.SkillAbilityType NOUSE_5 (off=0) [static]
2026-04-05 03:35:49,298 [INFO]       ├ Gallop.SkillDefine.SkillAbilityType TargetSpeed (off=0) [static]
2026-04-05 03:35:49,298 [INFO]       ├ Gallop.SkillDefine.SkillAbilityType LaneMoveSpeed (off=0) [static]
2026-04-05 03:35:49,298 [INFO]       ├ Gallop.SkillDefine.SkillAbilityType TemptationPer (off=0) [static]
2026-04-05 03:35:49,298 [INFO]       ├ Gallop.SkillDefine.SkillAbilityType PushPer (off=0) [static]
2026-04-05 03:35:49,298 [INFO]       ├ Gallop.SkillDefine.SkillAbilityType Accel (off=0) [static]
2026-04-05 03:35:49,298 [INFO]       ├ Gallop.SkillDefine.SkillAbilityType NOUSE_9 (off=0) [static]
2026-04-05 03:35:49,298 [INFO]       ├ Gallop.SkillDefine.SkillAbilityType NOUSE_10 (off=0) [static]
2026-04-05 03:35:49,298 [INFO]       ├ Gallop.SkillDefine.SkillAbilityType NOUSE_20 (off=0) [static]
2026-04-05 03:35:49,298 [INFO]       ├ Gallop.SkillDefine.SkillAbilityType TargetLane (off=0) [static]
2026-04-05 03:35:49,298 [INFO]       ├ Gallop.SkillDefine.SkillAbilityType ActivateRandomNormalAndRareSkill (off=0) [static]
2026-04-05 03:35:49,298 [INFO]       ├ Gallop.SkillDefine.SkillAbilityType ActivateRandomRareSkill (off=0) [static]
2026-04-05 03:35:49,298 [INFO]       ├ Gallop.SkillDefine.SkillAbilityType NOUSE_17 (off=0) [static]
2026-04-05 03:35:49,298 [INFO]       ├ Gallop.SkillDefine.SkillAbilityType NOUSE_18 (off=0) [static]
2026-04-05 03:35:49,298 [INFO]       ├ Gallop.SkillDefine.SkillAbilityType ChallengeMatchBonus_Old (off=0) [static]
2026-04-05 03:35:49,298 [INFO]       ├ Gallop.SkillDefine.SkillAbilityType ChallengeMatchBonusStatus (off=0) [static]
2026-04-05 03:35:49,298 [INFO]       ├ Gallop.SkillDefine.SkillAbilityType ChallengeMatchBonusMotivation (off=0) [static]
2026-04-05 03:35:49,298 [INFO]     Gallop.SkillEffect : UnityEngine.MonoBehaviour
2026-04-05 03:35:49,298 [INFO]       ├ Gallop.RaceModelController _owner (off=32)
2026-04-05 03:35:49,298 [INFO]       ├ Gallop.EffectParam _effectParam (off=40)
2026-04-05 03:35:49,298 [INFO]       ├ Gallop.EffectTransForm[] _effectTransForm (off=48)
2026-04-05 03:35:49,298 [INFO]       ├ UnityEngine.ParticleSystem[] _particleSystems (off=56)
2026-04-05 03:35:49,298 [INFO]       ├ UnityEngine.ParticleSystem.MainModule[] _loopParticleModules (off=64)
2026-04-05 03:35:49,298 [INFO]       ├ System.Collections.Generic.List<UnityEngine.ParticleSystem> _pauseTargetParticleSystems (off=72)
2026-04-05 03:35:49,298 [INFO]       ├ UnityEngine.TrailRenderer[] _trailRenderers (off=80)
2026-04-05 03:35:49,298 [INFO]       ├ UnityEngine.Renderer[] _renderer (off=88)
2026-04-05 03:35:49,298 [INFO]       ├ System.Boolean _isRenderer (off=96)
2026-04-05 03:35:49,298 [INFO]       ├ Gallop.MaterialPropertyBlock _materialPropertyBlock (off=104)
2026-04-05 03:35:49,298 [INFO]       ├ System.Single _lifeTime (off=112)
2026-04-05 03:35:49,298 [INFO]       ├ System.Boolean <IsToEnd>k__BackingField (off=116)
2026-04-05 03:35:49,298 [INFO]       ├ System.Boolean <IsCompleteEnd>k__BackingField (off=117)
2026-04-05 03:35:49,298 [INFO]       ├ System.Boolean _isVisible (off=118)
2026-04-05 03:35:49,298 [INFO]       ├ System.Boolean _isVisibleOld (off=119)
2026-04-05 03:35:49,298 [INFO]       ├ System.Boolean _isFirstPlay (off=120)
2026-04-05 03:35:49,298 [INFO]       ├ System.Int32 _lightProbeColorPropertyId (off=124)
2026-04-05 03:35:49,298 [INFO]       ├ UnityEngine.Renderer[] _lightProbeRenderers (off=128)
2026-04-05 03:35:49,298 [INFO]       ├ System.String <EffectName>k__BackingField (off=136)
2026-04-05 03:35:49,298 [INFO]       ├ System.Boolean get_IsToEnd(0p)
2026-04-05 03:35:49,298 [INFO]       ├ System.Void set_IsToEnd(1p)
2026-04-05 03:35:49,298 [INFO]       ├ System.Boolean get_IsCompleteEnd(0p)
2026-04-05 03:35:49,298 [INFO]       ├ System.Void set_IsCompleteEnd(1p)
2026-04-05 03:35:49,298 [INFO]       ├ System.String get_EffectName(0p)
2026-04-05 03:35:49,298 [INFO]       ├ System.Void set_EffectName(1p)
2026-04-05 03:35:49,298 [INFO]       ├ UnityEngine.GameObject get_EffectObject(0p)
2026-04-05 03:35:49,298 [INFO]       ├ System.Boolean get_IsCharaScale(0p)
2026-04-05 03:35:49,298 [INFO]       ├ UnityEngine.Transform get_AppearTransform(0p)
2026-04-05 03:35:49,298 [INFO]       ├ System.Void Initialize(1p)
2026-04-05 03:35:49,298 [INFO]       ├ System.Void Play(2p)
2026-04-05 03:35:49,298 [INFO]       ├ System.Void Update(0p)
2026-04-05 03:35:49,298 [INFO]       ├ System.Void CheckEnd(0p)
2026-04-05 03:35:49,298 [INFO]       ├ System.Void UpdateProbeColor(0p)
2026-04-05 03:35:49,298 [INFO]       ├ System.Void StopImmediately(0p)
2026-04-05 03:35:49,298 [INFO]       ├ System.Void StopSelf(0p)
2026-04-05 03:35:49,298 [INFO]       ├ System.Void VisibleCheck(0p)
2026-04-05 03:35:49,298 [INFO]       ├ System.Void ToEnd(0p)
2026-04-05 03:35:49,298 [INFO]       ├ System.Boolean CheckCompleteEnd(0p)
2026-04-05 03:35:49,299 [INFO]       ├ System.Void SetSpeed(1p)
2026-04-05 03:35:49,299 [INFO]       └ ... 4 more methods
2026-04-05 03:35:49,299 [INFO]     Gallop.PartsSingleModeSkillLearningListItem : Gallop.LoopScrollItemBase
2026-04-05 03:35:49,299 [INFO]       ├ System.Int32 TIPS_LEVEL_MAX (off=0) [static]
2026-04-05 03:35:49,299 [INFO]       ├ UnityEngine.Transform _skillIconRoot (off=56)
2026-04-05 03:35:49,299 [INFO]       ├ Gallop.TextCommon _nameText (off=64)
2026-04-05 03:35:49,299 [INFO]       ├ Gallop.TextCommon _descriptionText (off=72)
2026-04-05 03:35:49,299 [INFO]       ├ Gallop.TextCommon _levelText (off=80)
2026-04-05 03:35:49,299 [INFO]       ├ Gallop.ImageCommon _lineImage (off=88)
2026-04-05 03:35:49,299 [INFO]       ├ UnityEngine.GameObject _needPointRoot (off=96)
2026-04-05 03:35:49,299 [INFO]       ├ Gallop.TextCommon _needPoint (off=104)
2026-04-05 03:35:49,299 [INFO]       ├ UnityEngine.GameObject _getRoot (off=112)
2026-04-05 03:35:49,299 [INFO]       ├ UnityEngine.GameObject _lockRoot (off=120)
2026-04-05 03:35:49,299 [INFO]       ├ Gallop.TextCommon _lockText (off=128)
2026-04-05 03:35:49,299 [INFO]       ├ Gallop.ButtonCommon _plusButton (off=136)
2026-04-05 03:35:49,299 [INFO]       ├ Gallop.ButtonCommon _minusButton (off=144)
2026-04-05 03:35:49,299 [INFO]       ├ Gallop.ImageCommon _baseImage (off=152)
2026-04-05 03:35:49,299 [INFO]       ├ UnityEngine.GameObject _hintBalloonRoot (off=160)
2026-04-05 03:35:49,299 [INFO]       ├ Gallop.TextCommon _hintLvText (off=168)
2026-04-05 03:35:49,299 [INFO]       ├ Gallop.TextCommon _hintRatioText (off=176)
2026-04-05 03:35:49,299 [INFO]       ├ Gallop.ImageCommon _eventLimitedImage (off=184)
2026-04-05 03:35:49,299 [INFO]       ├ UnityEngine.GameObject _notResolvedRoot (off=192)
2026-04-05 03:35:49,299 [INFO]       ├ System.Collections.Generic.List<Gallop.PartsSingleModeSkillLearningListItem.Info> _infoList (off=200)
2026-04-05 03:35:49,299 [INFO]       ├ Gallop.PartsSingleModeSkillLearningListItem.GetRemainingSkillPointDelegate _getRemainingSkillPoint (off=208)
2026-04-05 03:35:49,299 [INFO]       ├ Gallop.SkillIcon _skillIcon (off=216)
2026-04-05 03:35:49,299 [INFO]       ├ Gallop.ButtonCommon get_PlusButton(0p)
2026-04-05 03:35:49,299 [INFO]       ├ Gallop.ImageCommon get_BaseImage(0p)
2026-04-05 03:35:49,299 [INFO]       ├ System.Void UpdateItem(4p)
2026-04-05 03:35:49,299 [INFO]       ├ System.Void UpdateItem(0p)
2026-04-05 03:35:49,299 [INFO]       ├ System.Void UpdateCurrent(0p)
2026-04-05 03:35:49,299 [INFO]       ├ System.Int32 GetMaxLevel(1p)
2026-04-05 03:35:49,299 [INFO]       ├ Gallop.MasterSkillExp.SkillExp GetMasterSkillExp(2p)
2026-04-05 03:35:49,299 [INFO]       ├ System.Int32 GetSkillId(0p)
2026-04-05 03:35:49,299 [INFO]       ├ System.Void UpdateSkillName(0p)
2026-04-05 03:35:49,300 [INFO]       ├ System.Void UpdateLevelText(0p)
2026-04-05 03:35:49,300 [INFO]       ├ System.Void UpdateBaseImage(0p)
2026-04-05 03:35:49,300 [INFO]       ├ System.Void UpdateIcon(0p)
2026-04-05 03:35:49,300 [INFO]       ├ System.Void UpdateTipsBalloon(0p)
2026-04-05 03:35:49,300 [INFO]       ├ System.Void UpdateEventLimited(0p)
2026-04-05 03:35:49,300 [INFO]       ├ System.Void UpdateNotResolved(0p)
2026-04-05 03:35:49,300 [INFO]       ├ System.Void UpdateButtonVisible(0p)
2026-04-05 03:35:49,300 [INFO]       ├ System.Void UpdatePlusButtonIntaractable(0p)
2026-04-05 03:35:49,300 [INFO]       ├ System.Void UpdateMinusButtonIntaractable(0p)
2026-04-05 03:35:49,300 [INFO]       ├ Gallop.PartsSingleModeSkillLearningListItem.Info GetTopInfo(0p)
2026-04-05 03:35:49,300 [INFO]       ├ Gallop.PartsSingleModeSkillLearningListItem.Info GetPreInfo(0p)
2026-04-05 03:35:49,300 [INFO]       └ ... 1 more methods
2026-04-05 03:35:49,300 [INFO]     Gallop.PartsSingleModeSkillListItem : Gallop.LoopScrollItemBase
2026-04-05 03:35:49,300 [INFO]       ├ System.Int32 DISC_CHAR_NAME (off=0) [static]
2026-04-05 03:35:49,300 [INFO]       ├ System.Int32 EVENT_BONUS_BADGE_CONDITION_COMPLETE_POS_X (off=0) [static]
2026-04-05 03:35:49,300 [INFO]       ├ System.Int32 EVENT_BONUS_BADGE_DEFAULT_POS_X (off=0) [static]
2026-04-05 03:35:49,300 [INFO]       ├ System.Single HEIGHT_THREE_LINES (off=0) [static]
2026-04-05 03:35:49,300 [INFO]       ├ System.Single HEIGHT_FOUR_LINES (off=0) [static]
2026-04-05 03:35:49,300 [INFO]       ├ Gallop.ImageCommon _bgImage (off=56)
2026-04-05 03:35:49,300 [INFO]       ├ Gallop.ButtonCommon _bgButton (off=64)
2026-04-05 03:35:49,300 [INFO]       ├ Gallop.ImageCommon _lineImage (off=72)
2026-04-05 03:35:49,300 [INFO]       ├ UnityEngine.Transform _skillIconRoot (off=80)
2026-04-05 03:35:49,300 [INFO]       ├ Gallop.TextCommon _nameText (off=88)
2026-04-05 03:35:49,300 [INFO]       ├ Gallop.TextCommon _levelText (off=96)
2026-04-05 03:35:49,300 [INFO]       ├ Gallop.TextCommon _descText (off=104)
2026-04-05 03:35:49,300 [INFO]       ├ UnityEngine.GameObject _newIconObject (off=112)
2026-04-05 03:35:49,300 [INFO]       ├ UnityEngine.GameObject _needSkillPointRoot (off=120)
2026-04-05 03:35:49,300 [INFO]       ├ Gallop.TextCommon _needSkillPointText (off=128)
2026-04-05 03:35:49,300 [INFO]       ├ Gallop.TextCommon _needTalentLevelText (off=136)
2026-04-05 03:35:49,300 [INFO]       ├ Gallop.PartsOutsideBlinkImage _blinkImage (off=144)
2026-04-05 03:35:49,300 [INFO]       ├ Gallop.ImageCommon _eventLimitedImage (off=152)
2026-04-05 03:35:49,300 [INFO]       ├ Gallop.ImageCommon _hintLabelObject (off=160)
2026-04-05 03:35:49,300 [INFO]       ├ Gallop.TextCommon _hintLvText (off=168)
2026-04-05 03:35:49,300 [INFO]       ├ UnityEngine.GameObject _acquireIcon (off=176)
2026-04-05 03:35:49,300 [INFO]       ├ UnityEngine.GameObject _unAcquirableIcon (off=184)
2026-04-05 03:35:49,300 [INFO]       ├ Gallop.PartsSingleModeSkillListItem.Info _info (off=192)
2026-04-05 03:35:49,300 [INFO]       ├ Gallop.SkillIcon _skillIcon (off=200)
2026-04-05 03:35:49,300 [INFO]       ├ Gallop.SkillIconLongTapInfoPop _skillInfoPop (off=208)
2026-04-05 03:35:49,300 [INFO]       ├ UnityEngine.GameObject _hintLvMaxEffect (off=216)
2026-04-05 03:35:49,300 [INFO]       ├ Gallop.ResourceManager.ResourceHash _resourceHash (off=224)
2026-04-05 03:35:49,300 [INFO]       ├ System.Void UpdateItem(3p)
2026-04-05 03:35:49,300 [INFO]       ├ System.Void SetupOnClickSkillButton(1p)
2026-04-05 03:35:49,300 [INFO]       ├ System.Void SetupNeedSkillPoint(0p)
2026-04-05 03:35:49,300 [INFO]       ├ System.Void SetActiveNeedSkillPoint(1p)
2026-04-05 03:35:49,300 [INFO]       ├ System.Void ResizeObject(1p)
2026-04-05 03:35:49,300 [INFO]       ├ System.Void ChangeTextColorType(1p)
2026-04-05 03:35:49,300 [INFO]       ├ System.Void SetupNameText(0p)
2026-04-05 03:35:49,300 [INFO]       ├ System.Void SetGetSkill(0p)
2026-04-05 03:35:49,300 [INFO]       ├ System.Void SetHintLv(0p)
2026-04-05 03:35:49,300 [INFO]       ├ System.Void SetAcquire(0p)
2026-04-05 03:35:49,300 [INFO]       ├ System.Void SetUnAcquirable(0p)
2026-04-05 03:35:49,300 [INFO]       ├ System.Void SetInteractableMulColor(1p)
2026-04-05 03:35:49,300 [INFO]       ├ System.Void SetActiveSkillLevelText(1p)
2026-04-05 03:35:49,300 [INFO]     Gallop.SkillManager : System.Object
2026-04-05 03:35:49,300 [INFO]       ├ Gallop.IHorseRaceInfo _ownerInfo (off=16)
2026-04-05 03:35:49,300 [INFO]       ├ System.Collections.Generic.List<Gallop.SkillBase> _skills (off=24)
2026-04-05 03:35:49,300 [INFO]       ├ Gallop.SkillBase[] _skillArray (off=32)
2026-04-05 03:35:49,300 [INFO]       ├ System.Collections.Generic.List<System.Int32> _usedSkillIdList (off=40)
2026-04-05 03:35:49,300 [INFO]       ├ System.Collections.Generic.List<Gallop.SkillBase> _prevActivateSkills (off=48)
2026-04-05 03:35:49,300 [INFO]       ├ Gallop.ISkillView _skillView (off=56)
2026-04-05 03:35:49,300 [INFO]       ├ Gallop.ISkillTriggerCreator _CreateTriggerCreate(0p)
2026-04-05 03:35:49,300 [INFO]       ├ Gallop.ISkillView CreateSkillView(0p)
2026-04-05 03:35:49,300 [INFO]       ├ System.Void AddSkill(1p)
2026-04-05 03:35:49,300 [INFO]       ├ Gallop.SkillBase GetSkill(1p)
2026-04-05 03:35:49,300 [INFO]       ├ Gallop.SkillBase[] GetSkills(0p)
2026-04-05 03:35:49,300 [INFO]       ├ System.Void CreateSkillArray(0p)
2026-04-05 03:35:49,300 [INFO]       ├ System.Void ClearSkills(0p)
2026-04-05 03:35:49,300 [INFO]       ├ System.Void AddCurrentActiveSkill(1p)
2026-04-05 03:35:49,300 [INFO]       ├ System.Void RemoveCurrentActiveSkill(1p)
2026-04-05 03:35:49,301 [INFO]       ├ System.Collections.Generic.List<Gallop.ISkillDetail> GetCurrentActiveSkill(0p)
2026-04-05 03:35:49,301 [INFO]       ├ System.Void AddUsedSkillId(1p)
2026-04-05 03:35:49,301 [INFO]       ├ System.Collections.Generic.List<System.Int32> GetUsedSkillIdList(0p)
2026-04-05 03:35:49,301 [INFO]       ├ System.Void AddPrevActivateSkill(1p)
2026-04-05 03:35:49,301 [INFO]       ├ System.Void RemovePrevActivateSkill(1p)
2026-04-05 03:35:49,301 [INFO]       ├ System.Collections.Generic.IReadOnlyList<Gallop.SkillBase> GetPrevActivateSkillList(0p)
2026-04-05 03:35:49,301 [INFO]       ├ System.Void Update(1p)
2026-04-05 03:35:49,301 [INFO]       ├ System.Void LotActivateSkill(0p)
2026-04-05 03:35:49,301 [INFO]       ├ System.Void CheckSkillTriggerAndActivate(0p)
2026-04-05 03:35:49,301 [INFO]       ├ System.Void InitSkillEffect(1p)
2026-04-05 03:35:49,301 [INFO]       ├ System.Void InitSkillSE(0p)
2026-04-05 03:35:49,301 [INFO]       └ ... 9 more methods
2026-04-05 03:35:49,301 [INFO]     Gallop.RaceUISSRSkillNameFlash : System.Object
2026-04-05 03:35:49,301 [INFO]       ├ System.String MTN_SKILL_LEVEL (off=0) [static]
2026-04-05 03:35:49,301 [INFO]       ├ System.String PLN_SKILL_NAME (off=0) [static]
2026-04-05 03:35:49,301 [INFO]       ├ System.String PLN_SKILL_NAME_ADD (off=0) [static]
2026-04-05 03:35:49,301 [INFO]       ├ System.String PLN_SKILL_LEVEL_1 (off=0) [static]
2026-04-05 03:35:49,301 [INFO]       ├ System.String PLN_SKILL_LEVEL_10 (off=0) [static]
2026-04-05 03:35:49,301 [INFO]       ├ System.String LABEL_SKILL_LEVEL_DIGIT1 (off=0) [static]
2026-04-05 03:35:49,301 [INFO]       ├ System.String LABEL_SKILL_LEVEL_DIGIT2 (off=0) [static]
2026-04-05 03:35:49,301 [INFO]       ├ System.String LABEL_START_UNIQUE_RARE (off=0) [static]
2026-04-05 03:35:49,301 [INFO]       ├ System.String LABEL_START_UNIQUE (off=0) [static]
2026-04-05 03:35:49,301 [INFO]       ├ System.String LABEL_SPEED_CHANGE (off=0) [static]
2026-04-05 03:35:49,301 [INFO]       ├ System.String LABEL_SPEED_RESET (off=0) [static]
2026-04-05 03:35:49,301 [INFO]       ├ System.String LABEL_LAST (off=0) [static]
2026-04-05 03:35:49,301 [INFO]       ├ System.Int32 LEVEL_THRESHOLD (off=0) [static]
2026-04-05 03:35:49,301 [INFO]       ├ UnityEngine.Vector3 FLASH_POS (off=0) [static]
2026-04-05 03:35:49,301 [INFO]       ├ Gallop.FlashPlayer _flPlayer (off=16)
2026-04-05 03:35:49,301 [INFO]       ├ System.Void InitFlash(1p)
2026-04-05 03:35:49,301 [INFO]       ├ System.Void Play(3p)
2026-04-05 03:35:49,301 [INFO]       ├ System.Void Stop(0p)
2026-04-05 03:35:49,301 [INFO]       ├ System.Void Pause(0p)
2026-04-05 03:35:49,301 [INFO]       ├ System.Void Resume(0p)
2026-04-05 03:35:49,301 [INFO]       ├ System.Void SetSpeed(1p)
2026-04-05 03:35:49,301 [INFO]       ├ System.Void SetupSkillNameTexture(1p)
2026-04-05 03:35:49,301 [INFO]       ├ System.Void SetupSkillLevelTexture(1p)
2026-04-05 03:35:49,301 [INFO]       ├ System.Void PlaySkillLevel(1p)
2026-04-05 03:35:49,301 [INFO]       ├ System.Void OnSpeedReset(0p)
2026-04-05 03:35:49,301 [INFO]       ├ System.Void OnSpeedChange(0p)
2026-04-05 03:35:49,301 [INFO]       ├ System.Single GetAnimationLabelTime(1p)
2026-04-05 03:35:49,301 [INFO]       ├ System.Single GetFlashRemainTime(0p)
2026-04-05 03:35:49,301 [INFO]       ├ System.Single GetFlashTotalTime(0p)
2026-04-05 03:35:49,301 [INFO]       ├ System.Single GetFlashCurrentTime(0p)
2026-04-05 03:35:49,301 [INFO]       ├ System.Single GetCutInRemainTime(0p)
2026-04-05 03:35:49,302 [INFO]       ├ UnityEngine.GameObject GetNameObj(0p)
2026-04-05 03:35:49,302 [INFO]     Gallop.SkillAbility : System.Object
2026-04-05 03:35:49,302 [INFO]       ├ Gallop.IHorseRaceInfo _owner (off=16)
2026-04-05 03:35:49,302 [INFO]       ├ Gallop.ISkillDetail _detail (off=24)
2026-04-05 03:35:49,302 [INFO]       ├ Gallop.ISkillTarget _target (off=32)
2026-04-05 03:35:49,302 [INFO]       ├ Gallop.ISkillAbilityValueCalculator _abilityValueWithUsage (off=40)
2026-04-05 03:35:49,302 [INFO]       ├ System.Int32 _level (off=48)
2026-04-05 03:35:49,302 [INFO]       ├ Gallop.RaceParamDefine.SkillParam _skillParam (off=56)
2026-04-05 03:35:49,302 [INFO]       ├ System.Collections.Generic.List<Gallop.ISkillParamModifier> _skillParamModifierList (off=64)
2026-04-05 03:35:49,302 [INFO]       ├ System.Int32 _additionalActivateCount (off=72)
2026-04-05 03:35:49,302 [INFO]       ├ Gallop.SkillDefine.SkillAbilityType <AbilityType>k__BackingField (off=76)
2026-04-05 03:35:49,302 [INFO]       ├ Gallop.SkillDefine.SkillAbilityValueUsage <AbilityValueUsage>k__BackingField (off=80)
2026-04-05 03:35:49,302 [INFO]       ├ Gallop.SkillDefine.SkillAbilityValueLevelUsage <AbilityValueLevelUsage>k__BackingField (off=84)
2026-04-05 03:35:49,302 [INFO]       ├ System.Single _abilityValueOnActivate (off=88)
2026-04-05 03:35:49,302 [INFO]       ├ System.Boolean _isAbilityValueOnActivateInitialized (off=92)
2026-04-05 03:35:49,302 [INFO]       ├ Gallop.SkillDefine.SkillAbilityType get_AbilityType(0p)
2026-04-05 03:35:49,302 [INFO]       ├ System.Void set_AbilityType(1p)
2026-04-05 03:35:49,302 [INFO]       ├ Gallop.SkillDefine.SkillAbilityValueUsage get_AbilityValueUsage(0p)
2026-04-05 03:35:49,302 [INFO]       ├ System.Void set_AbilityValueUsage(1p)
2026-04-05 03:35:49,302 [INFO]       ├ Gallop.SkillDefine.SkillAbilityValueLevelUsage get_AbilityValueLevelUsage(0p)
2026-04-05 03:35:49,302 [INFO]       ├ System.Void set_AbilityValueLevelUsage(1p)
2026-04-05 03:35:49,302 [INFO]       ├ System.Single get_AbilityValueOnActivate(0p)
2026-04-05 03:35:49,302 [INFO]       ├ System.Void set_AbilityValueOnActivate(1p)
2026-04-05 03:35:49,302 [INFO]       ├ System.Collections.Generic.List<Gallop.IHorseRaceInfo> get_AbilityTargets(0p)
2026-04-05 03:35:49,302 [INFO]       ├ System.Boolean IsAdditionalActivate(0p)
2026-04-05 03:35:49,302 [INFO]       ├ System.Void AddAbilityTime(1p)
2026-04-05 03:35:49,302 [INFO]       ├ System.Void Activate(1p)
2026-04-05 03:35:49,302 [INFO]       ├ System.Void Stop(0p)
2026-04-05 03:35:49,302 [INFO]       ├ System.Void AddSkillValueParam(4p)
2026-04-05 03:35:49,302 [INFO]       ├ System.Void AddSkillValueParamOneTime(4p)
2026-04-05 03:35:49,302 [INFO]       ├ System.Void SetSkillValueParam(4p)
2026-04-05 03:35:49,302 [INFO]       ├ System.Void SetSkillValueParamOneTime(4p)
2026-04-05 03:35:49,302 [INFO]       ├ System.Void SetSkillValueParamOneTimeHigher(5p)
2026-04-05 03:35:49,302 [INFO]       ├ System.Void SetSkillValueParam(4p)
2026-04-05 03:35:49,302 [INFO]     Gallop.SkillBase : System.Object
2026-04-05 03:35:49,302 [INFO]       ├ System.Int32 SKILL_DETAIL_CAPACITY (off=0) [static]
2026-04-05 03:35:49,302 [INFO]       ├ System.Int32 SKILL_ACTIVATE_LOT_TRUE (off=0) [static]
2026-04-05 03:35:49,302 [INFO]       ├ Gallop.IHorseRaceInfo _ownerInfo (off=16)
2026-04-05 03:35:49,302 [INFO]       ├ Gallop.ISkillTriggerCreator _triggerCreator (off=24)
2026-04-05 03:35:49,302 [INFO]       ├ Gallop.IRaceRandomGenerator _randomGenerator (off=32)
2026-04-05 03:35:49,302 [INFO]       ├ Gallop.RaceParamDefine.SkillParam _skillParam (off=40)
2026-04-05 03:35:49,302 [INFO]       ├ System.Boolean <IsActivateEnable>k__BackingField (off=48)
2026-04-05 03:35:49,302 [INFO]       ├ System.Collections.Generic.List<Gallop.ISkillDetail> <Details>k__BackingField (off=56)
2026-04-05 03:35:49,302 [INFO]       ├ Gallop.MasterSkillData.SkillData <SkillMaster>k__BackingField (off=64)
2026-04-05 03:35:49,302 [INFO]       ├ System.Int32 <Level>k__BackingField (off=72)
2026-04-05 03:35:49,302 [INFO]       ├ System.Single _coolDownTime (off=76)
2026-04-05 03:35:49,302 [INFO]       ├ System.Boolean get_IsActivateEnable(0p)
2026-04-05 03:35:49,302 [INFO]       ├ System.Void set_IsActivateEnable(1p)
2026-04-05 03:35:49,302 [INFO]       ├ System.Collections.Generic.List<Gallop.ISkillDetail> get_Details(0p)
2026-04-05 03:35:49,302 [INFO]       ├ System.Void set_Details(1p)
2026-04-05 03:35:49,302 [INFO]       ├ Gallop.MasterSkillData.SkillData get_SkillMaster(0p)
2026-04-05 03:35:49,302 [INFO]       ├ System.Void set_SkillMaster(1p)
2026-04-05 03:35:49,302 [INFO]       ├ System.Int32 get_SkillMasterId(0p)
2026-04-05 03:35:49,302 [INFO]       ├ System.Int32 get_Level(0p)
2026-04-05 03:35:49,302 [INFO]       ├ System.Void set_Level(1p)
2026-04-05 03:35:49,302 [INFO]       ├ System.Single get_CoolDownTime(0p)
2026-04-05 03:35:49,302 [INFO]       ├ Gallop.ISkillDetail CreateSkillDetail(8p)
2026-04-05 03:35:49,302 [INFO]       ├ System.Void SetupDetail(8p)
2026-04-05 03:35:49,302 [INFO]       ├ Gallop.ISkillAbility CreateAbility(11p)
2026-04-05 03:35:49,302 [INFO]       ├ System.Void Stop(0p)
2026-04-05 03:35:49,302 [INFO]       ├ System.Boolean IsActivatedAny(0p)
2026-04-05 03:35:49,302 [INFO]       ├ System.Void Update(1p)
2026-04-05 03:35:49,302 [INFO]       ├ System.Boolean CheckCoolDown(1p)
2026-04-05 03:35:49,302 [INFO]       ├ System.Void CheckTriggerAndActivate(0p)
2026-04-05 03:35:49,302 [INFO]       ├ System.Void LotActivate(0p)
2026-04-05 03:35:49,302 [INFO]       ├ System.Boolean CheckActivateEnable(0p)
2026-04-05 03:35:49,302 [INFO]     SkillParam : System.Object
2026-04-05 03:35:49,302 [INFO]       ├ System.Int32 AbilityTimeDivideDistance (off=16)
2026-04-05 03:35:49,302 [INFO]       ├ System.Int32 CoolDownTimeDivideDistance (off=20)
2026-04-05 03:35:49,303 [INFO]       ├ System.Single RandomLotOtherActivateLotInterval (off=24)
2026-04-05 03:35:49,303 [INFO]       ├ System.Single LotActivatePerVal1 (off=28)
2026-04-05 03:35:49,303 [INFO]       ├ System.Single LotActivatePerVal2 (off=32)
2026-04-05 03:35:49,303 [INFO]       ├ System.Single InfrontHorseNearDistance (off=36)
2026-04-05 03:35:49,303 [INFO]       ├ System.Single BehindHorseNearDistance (off=40)
2026-04-05 03:35:49,303 [INFO]       ├ System.Single InfrontHorseNearLaneDistance (off=44)
2026-04-05 03:35:49,303 [INFO]       ├ System.Single BehindHorseNearLaneDistance (off=48)
2026-04-05 03:35:49,303 [INFO]       ├ System.Int32 ActivatePerMin (off=52)
2026-04-05 03:35:49,303 [INFO]       ├ Gallop.RaceParamDefine.SkillParam.TeamTotalStatusCoef[] TeamTotalStatusCoefAscArray (off=56)
2026-04-05 03:35:49,303 [INFO]       ├ System.Single AbilityTimeDiffDistanceTopCoefPerDistance (off=64)
2026-04-05 03:35:49,303 [INFO]       ├ System.Single AbilityTimeDiffDistanceTopCoefMin (off=68)
2026-04-05 03:35:49,303 [INFO]       ├ System.Single AbilityTimeDiffDistanceTopCoefMax (off=72)
2026-04-05 03:35:49,303 [INFO]       ├ Gallop.RaceParamDefine.SkillParam.AbiiltyValueUsageRandom[] AbiiltyValueUsageRandom1Array (off=80)
2026-04-05 03:35:49,303 [INFO]       ├ Gallop.RaceParamDefine.SkillParam.AbiiltyValueUsageRandom[] AbiiltyValueUsageRandom2Array (off=88)
2026-04-05 03:35:49,303 [INFO]       ├ Gallop.RaceParamDefine.SkillParam.NearParam[] BehindNearParamArray (off=96)
2026-04-05 03:35:49,303 [INFO]       ├ System.Single LaneMoveAddParam1 (off=104)
2026-04-05 03:35:49,303 [INFO]       ├ System.Single LaneMoveAddParam2 (off=108)
2026-04-05 03:35:49,303 [INFO]       ├ Gallop.RaceParamDefine.SkillParam.TimeRemainHpCoef[] TimeRemainHpCoefAscArray (off=112)
2026-04-05 03:35:49,303 [INFO]       ├ Gallop.RaceParamDefine.SkillParam.RaceWinCoef[] RaceWinCountCoefAscArray (off=120)
2026-04-05 03:35:49,303 [INFO]       ├ Gallop.RaceParamDefine.SkillParam.OrderChangeCoef[] OrderUpCornerPhaseEndAfterCoefAscArray (off=128)
2026-04-05 03:35:49,303 [INFO]       ├ Gallop.RaceParamDefine.SkillParam.BaseStatusCoef[] BaseWizCoefAscArray (off=136)
2026-04-05 03:35:49,303 [INFO]       ├ System.Single OrderUpAddAbilityTime (off=144)
2026-04-05 03:35:49,303 [INFO]       ├ System.Int32 OrderUpAddAbilityTimeMaxCount (off=148)
2026-04-05 03:35:49,303 [INFO]       ├ System.Int32 OrderUpAdditionalActivateAbilityMaxCount (off=152)
2026-04-05 03:35:49,303 [INFO]       ├ Gallop.RaceParamDefine.SkillParam.SkillActivateTagGroup[] SkillActivateTagGroupArray (off=160)
2026-04-05 03:35:49,303 [INFO]       ├ System.Int32[] AbilityValueUsageTagGroup1Array (off=168)
2026-04-05 03:35:49,303 [INFO]       ├ Gallop.RaceParamDefine.SkillParam.ActivateSpecificTagGroupSkillCountCoef[] ActivateSpecificTagGroupSkillCountCoefAscArray (off=176)
2026-04-05 03:35:49,303 [INFO]     SkillTriggerTag : System.Enum
2026-04-05 03:35:49,303 [INFO]       ├ System.Int32 value__ (off=16)
2026-04-05 03:35:49,303 [INFO]       ├ Gallop.SkillDefine.SkillTriggerTag Null (off=0) [static]
2026-04-05 03:35:49,303 [INFO]       ├ Gallop.SkillDefine.SkillTriggerTag DistanceShort (off=0) [static]
2026-04-05 03:35:49,303 [INFO]       ├ Gallop.SkillDefine.SkillTriggerTag DistanceMile (off=0) [static]
2026-04-05 03:35:49,303 [INFO]       ├ Gallop.SkillDefine.SkillTriggerTag DistanceMiddle (off=0) [static]
2026-04-05 03:35:49,303 [INFO]       ├ Gallop.SkillDefine.SkillTriggerTag DistanceLong (off=0) [static]
2026-04-05 03:35:49,303 [INFO]       ├ Gallop.SkillDefine.SkillTriggerTag RunningStyleNige (off=0) [static]
2026-04-05 03:35:49,303 [INFO]       ├ Gallop.SkillDefine.SkillTriggerTag RunningStyleSenko (off=0) [static]
2026-04-05 03:35:49,303 [INFO]       ├ Gallop.SkillDefine.SkillTriggerTag RunningStyleSashi (off=0) [static]
2026-04-05 03:35:49,303 [INFO]       ├ Gallop.SkillDefine.SkillTriggerTag RunningStyleOikomi (off=0) [static]
2026-04-05 03:35:49,303 [INFO]       ├ Gallop.SkillDefine.SkillTriggerTag Season (off=0) [static]
2026-04-05 03:35:49,303 [INFO]       ├ Gallop.SkillDefine.SkillTriggerTag Weather (off=0) [static]
2026-04-05 03:35:49,303 [INFO]       ├ Gallop.SkillDefine.SkillTriggerTag PostNumber (off=0) [static]
2026-04-05 03:35:49,303 [INFO]       ├ Gallop.SkillDefine.SkillTriggerTag RunningStyleSame (off=0) [static]
2026-04-05 03:35:49,303 [INFO]       ├ Gallop.SkillDefine.SkillTriggerTag Popularity (off=0) [static]
2026-04-05 03:35:49,303 [INFO]       ├ Gallop.SkillDefine.SkillTriggerTag Corner (off=0) [static]
2026-04-05 03:35:49,303 [INFO]       ├ Gallop.SkillDefine.SkillTriggerTag Straight (off=0) [static]
2026-04-05 03:35:49,303 [INFO]       ├ Gallop.SkillDefine.SkillTriggerTag Start (off=0) [static]
2026-04-05 03:35:49,303 [INFO]       ├ Gallop.SkillDefine.SkillTriggerTag PhaseStart (off=0) [static]
2026-04-05 03:35:49,303 [INFO]       ├ Gallop.SkillDefine.SkillTriggerTag PhaseMiddle (off=0) [static]
2026-04-05 03:35:49,303 [INFO]       ├ Gallop.SkillDefine.SkillTriggerTag PhaseEnd (off=0) [static]
2026-04-05 03:35:49,303 [INFO]       ├ Gallop.SkillDefine.SkillTriggerTag LastSpurt (off=0) [static]
2026-04-05 03:35:49,303 [INFO]       ├ Gallop.SkillDefine.SkillTriggerTag Temptation (off=0) [static]
2026-04-05 03:35:49,303 [INFO]       ├ Gallop.SkillDefine.SkillTriggerTag Track (off=0) [static]
2026-04-05 03:35:49,303 [INFO]       ├ Gallop.SkillDefine.SkillTriggerTag Turf (off=0) [static]
2026-04-05 03:35:49,303 [INFO]       ├ Gallop.SkillDefine.SkillTriggerTag Dirt (off=0) [static]
2026-04-05 03:35:49,303 [INFO]       ├ Gallop.SkillDefine.SkillTriggerTag OrderChange (off=0) [static]
2026-04-05 03:35:49,303 [INFO]       ├ Gallop.SkillDefine.SkillTriggerTag SkillActivateCount (off=0) [static]
2026-04-05 03:35:49,303 [INFO]     Gallop.SingleModeSkillLearningView : Gallop.ViewBase
2026-04-05 03:35:49,303 [INFO]       ├ Gallop.ScrollRectCommon <ScrollRect>k__BackingField (off=80)
2026-04-05 03:35:49,303 [INFO]       ├ Gallop.PartsSingleModeSkillLearningListItem <Item>k__BackingField (off=88)
2026-04-05 03:35:49,303 [INFO]       ├ Gallop.TextCommon <SkillPointText>k__BackingField (off=96)
2026-04-05 03:35:49,303 [INFO]       ├ Gallop.ButtonCommon <DetailButton>k__BackingField (off=104)
2026-04-05 03:35:49,303 [INFO]       ├ Gallop.ButtonCommon <DecideButton>k__BackingField (off=112)
2026-04-05 03:35:49,303 [INFO]       ├ Gallop.ButtonCommon <ResetButton>k__BackingField (off=120)
2026-04-05 03:35:49,303 [INFO]       ├ UnityEngine.GameObject[] <AnimationTargetList>k__BackingField (off=128)
2026-04-05 03:35:49,303 [INFO]       ├ UnityEngine.GameObject <AnimationTargetBottom>k__BackingField (off=136)
2026-04-05 03:35:49,303 [INFO]       ├ UnityEngine.RectTransform <TutorialStep1>k__BackingField (off=144)
2026-04-05 03:35:49,303 [INFO]       ├ Gallop.ScrollRectCommon get_ScrollRect(0p)
2026-04-05 03:35:49,303 [INFO]       ├ System.Void set_ScrollRect(1p)
2026-04-05 03:35:49,303 [INFO]       ├ Gallop.PartsSingleModeSkillLearningListItem get_Item(0p)
2026-04-05 03:35:49,303 [INFO]       ├ System.Void set_Item(1p)
2026-04-05 03:35:49,303 [INFO]       ├ Gallop.TextCommon get_SkillPointText(0p)
2026-04-05 03:35:49,303 [INFO]       ├ System.Void set_SkillPointText(1p)
2026-04-05 03:35:49,303 [INFO]       ├ Gallop.ButtonCommon get_DetailButton(0p)
2026-04-05 03:35:49,303 [INFO]       ├ System.Void set_DetailButton(1p)
2026-04-05 03:35:49,303 [INFO]       ├ Gallop.ButtonCommon get_DecideButton(0p)
2026-04-05 03:35:49,304 [INFO]       ├ System.Void set_DecideButton(1p)
2026-04-05 03:35:49,304 [INFO]       ├ Gallop.ButtonCommon get_ResetButton(0p)
2026-04-05 03:35:49,304 [INFO]       ├ System.Void set_ResetButton(1p)
2026-04-05 03:35:49,304 [INFO]       ├ UnityEngine.GameObject[] get_AnimationTargetList(0p)
2026-04-05 03:35:49,304 [INFO]       ├ System.Void set_AnimationTargetList(1p)
2026-04-05 03:35:49,304 [INFO]       ├ UnityEngine.GameObject get_AnimationTargetBottom(0p)
2026-04-05 03:35:49,304 [INFO]       ├ System.Void set_AnimationTargetBottom(1p)
2026-04-05 03:35:49,304 [INFO]       ├ UnityEngine.RectTransform get_TutorialStep1(0p)
2026-04-05 03:35:49,304 [INFO]       ├ System.Void set_TutorialStep1(1p)
2026-04-05 03:35:49,304 [INFO]     SkillModifierParam : System.Enum
2026-04-05 03:35:49,304 [INFO]       ├ System.Int32 value__ (off=16)
2026-04-05 03:35:49,304 [INFO]       ├ Gallop.SkillDefine.SkillModifierParam Speed (off=0) [static]
2026-04-05 03:35:49,304 [INFO]       ├ Gallop.SkillDefine.SkillModifierParam Stamina (off=0) [static]
2026-04-05 03:35:49,304 [INFO]       ├ Gallop.SkillDefine.SkillModifierParam Power (off=0) [static]
2026-04-05 03:35:49,304 [INFO]       ├ Gallop.SkillDefine.SkillModifierParam Guts (off=0) [static]
2026-04-05 03:35:49,304 [INFO]       ├ Gallop.SkillDefine.SkillModifierParam Wiz (off=0) [static]
2026-04-05 03:35:49,304 [INFO]       ├ Gallop.SkillDefine.SkillModifierParam CurrentSpeed (off=0) [static]
2026-04-05 03:35:49,304 [INFO]       ├ Gallop.SkillDefine.SkillModifierParam TargetSpeed (off=0) [static]
2026-04-05 03:35:49,304 [INFO]       ├ Gallop.SkillDefine.SkillModifierParam LaneMoveSpeed (off=0) [static]
2026-04-05 03:35:49,304 [INFO]       ├ Gallop.SkillDefine.SkillModifierParam TemptationPer (off=0) [static]
2026-04-05 03:35:49,304 [INFO]       ├ Gallop.SkillDefine.SkillModifierParam PushPer (off=0) [static]
2026-04-05 03:35:49,304 [INFO]       ├ Gallop.SkillDefine.SkillModifierParam Accel (off=0) [static]
2026-04-05 03:35:49,304 [INFO]       ├ Gallop.SkillDefine.SkillModifierParam TargetLane (off=0) [static]
2026-04-05 03:35:49,304 [INFO]       ├ Gallop.SkillDefine.SkillModifierParam Hp (off=0) [static]
2026-04-05 03:35:49,304 [INFO]       ├ Gallop.SkillDefine.SkillModifierParam HpDecRate (off=0) [static]
2026-04-05 03:35:49,304 [INFO]       ├ Gallop.SkillDefine.SkillModifierParam TemptationEndTime (off=0) [static]
2026-04-05 03:35:49,304 [INFO]       ├ Gallop.SkillDefine.SkillModifierParam StartDelayScale (off=0) [static]
2026-04-05 03:35:49,304 [INFO]       ├ Gallop.SkillDefine.SkillModifierParam ForceOvertakeIn (off=0) [static]
2026-04-05 03:35:49,304 [INFO]       ├ Gallop.SkillDefine.SkillModifierParam ForceOvertakeOut (off=0) [static]
2026-04-05 03:35:49,304 [INFO]       ├ Gallop.SkillDefine.SkillModifierParam DebuffCancel (off=0) [static]
2026-04-05 03:35:49,304 [INFO]       ├ Gallop.SkillDefine.SkillModifierParam VisibleDistance (off=0) [static]
2026-04-05 03:35:49,304 [INFO]       ├ Gallop.SkillDefine.SkillModifierParam RunningStyleExOonige (off=0) [static]
2026-04-05 03:35:49,304 [INFO]       ├ Gallop.SkillDefine.SkillModifierParam TargetSpeedOnMoveLane (off=0) [static]
2026-04-05 03:35:49,304 [INFO]       ├ Gallop.SkillDefine.SkillModifierParam StartDelayFix (off=0) [static]
2026-04-05 03:35:49,304 [INFO]       ├ Gallop.SkillDefine.SkillModifierParam CurrentSpeedWithNaturalDeceleration (off=0) [static]
2026-04-05 03:35:49,304 [INFO]       ├ Gallop.SkillDefine.SkillModifierParam ActivateRandomNormalAndRareSkill (off=0) [static]
2026-04-05 03:35:49,304 [INFO]       ├ Gallop.SkillDefine.SkillModifierParam ActivateRandomRareSkill (off=0) [static]
2026-04-05 03:35:49,304 [INFO]     Gallop.SkillIcon : Gallop.IconBase
2026-04-05 03:35:49,304 [INFO]       ├ Gallop.RawImageCommon _iconImage (off=48)
2026-04-05 03:35:49,304 [INFO]       ├ Gallop.ImageCommon _lockIcon (off=56)
2026-04-05 03:35:49,304 [INFO]       ├ Gallop.ButtonCommon _myButton (off=64)
2026-04-05 03:35:49,304 [INFO]       ├ Gallop.TextCommon _level (off=72)
2026-04-05 03:35:49,304 [INFO]       ├ UnityEngine.Transform _newIconRoot (off=80)
2026-04-05 03:35:49,304 [INFO]       ├ System.Boolean _isDisplayLongTapInfo (off=0) [static]
2026-04-05 03:35:49,304 [INFO]       ├ UnityEngine.GameObject _newIcon (off=88)
2026-04-05 03:35:49,304 [INFO]       ├ Gallop.SkillIconLongTapInfoPop.OpenType _longTapType (off=96)
2026-04-05 03:35:49,304 [INFO]       ├ System.Single _baseValue (off=100)
2026-04-05 03:35:49,304 [INFO]       ├ System.Boolean _isChallengeMatchBonusSkill (off=104)
2026-04-05 03:35:49,304 [INFO]       ├ System.Int32 _challengeMatchBonusSkillLv (off=108)
2026-04-05 03:35:49,304 [INFO]       ├ Gallop.ButtonCommon get_MyButton(0p)
2026-04-05 03:35:49,304 [INFO]       ├ System.Int32 get_SkillId(0p)
2026-04-05 03:35:49,304 [INFO]       ├ System.Boolean get_IsVisibleNew(0p)
2026-04-05 03:35:49,304 [INFO]       ├ System.Boolean get_IsVisibleLock(0p)
2026-04-05 03:35:49,304 [INFO]       ├ System.Void Awake(0p)
2026-04-05 03:35:49,304 [INFO]       ├ System.Void Setup(4p)
2026-04-05 03:35:49,304 [INFO]       ├ System.Void SetLock(1p)
2026-04-05 03:35:49,304 [INFO]       ├ System.Void SetButtonColorsInteractable(1p)
2026-04-05 03:35:49,304 [INFO]       ├ System.Void SetActiveLockIcon(1p)
2026-04-05 03:35:49,304 [INFO]       ├ System.Void SetLevel(1p)
2026-04-05 03:35:49,304 [INFO]       ├ System.Void SetSize(1p)
2026-04-05 03:35:49,304 [INFO]       ├ System.Void SetOnClick(1p)
2026-04-05 03:35:49,304 [INFO]       ├ System.Void OnLongTap(0p)
2026-04-05 03:35:49,304 [INFO]       ├ System.Void SetChallengeMatchIcon(1p)
2026-04-05 03:35:49,304 [INFO]     Gallop.ISkillDetail
2026-04-05 03:35:49,304 [INFO]       ├ Gallop.IHorseRaceInfo get_OwnerHorse(0p)
2026-04-05 03:35:49,304 [INFO]       ├ System.Int32 get_SkillId(0p)
2026-04-05 03:35:49,304 [INFO]       ├ System.Int32 get_SkillLevel(0p)
2026-04-05 03:35:49,304 [INFO]       ├ System.Single get_CoolDownTime(0p)
2026-04-05 03:35:49,304 [INFO]       ├ System.Void AddAbility(1p)
2026-04-05 03:35:49,304 [INFO]       ├ System.Collections.Generic.List<Gallop.ISkillAbility> get_Abilities(0p)
2026-04-05 03:35:49,304 [INFO]       ├ System.Void SetPreTrigger(1p)
2026-04-05 03:35:49,304 [INFO]       ├ System.Void SetTrigger(1p)
2026-04-05 03:35:49,304 [INFO]       ├ System.Boolean UpdateSkill(1p)
2026-04-05 03:35:49,304 [INFO]       ├ System.Boolean UpdateTriggerAndActivate(1p)
2026-04-05 03:35:49,304 [INFO]       ├ System.Boolean get_IsActivated(0p)
2026-04-05 03:35:49,304 [INFO]       ├ System.Void Activate(0p)
2026-04-05 03:35:49,304 [INFO]       ├ System.Void Stop(0p)
2026-04-05 03:35:49,304 [INFO]       ├ System.Single get_LeftTime(0p)
2026-04-05 03:35:49,305 [INFO]       ├ System.Boolean get_IsDebuff(0p)
2026-04-05 03:35:49,305 [INFO]       ├ System.Void set_IsDebuff(1p)
2026-04-05 03:35:49,305 [INFO]       ├ Gallop.SkillDefine.SkillCategory get_Category(0p)
2026-04-05 03:35:49,305 [INFO]       ├ System.Void set_Category(1p)
2026-04-05 03:35:49,305 [INFO]       ├ System.String get_SkillEffectName(0p)
2026-04-05 03:35:49,305 [INFO]       ├ System.Void set_SkillEffectName(1p)
2026-04-05 03:35:49,305 [INFO]       └ ... 6 more methods
2026-04-05 03:35:49,305 [INFO]     Gallop.SingleModeChoiceRewardInfoSkillInfo : System.Object
2026-04-05 03:35:49,305 [INFO]       ├ System.Int32 <SkillId>k__BackingField (off=16)
2026-04-05 03:35:49,305 [INFO]       ├ System.Int32 <CurrentHintLevel>k__BackingField (off=20)
2026-04-05 03:35:49,305 [INFO]       ├ Gallop.SingleModeChoiceRewardInfoSkillInfo.SkillStateType <SkillState>k__BackingField (off=24)
2026-04-05 03:35:49,305 [INFO]       ├ System.Boolean <IsBadSkill>k__BackingField (off=28)
2026-04-05 03:35:49,305 [INFO]       ├ System.Type get_EqualityContract(0p)
2026-04-05 03:35:49,305 [INFO]       ├ System.Int32 get_SkillId(0p)
2026-04-05 03:35:49,305 [INFO]       ├ System.Void set_SkillId(1p)
2026-04-05 03:35:49,305 [INFO]       ├ System.Int32 get_CurrentHintLevel(0p)
2026-04-05 03:35:49,305 [INFO]       ├ System.Void set_CurrentHintLevel(1p)
2026-04-05 03:35:49,305 [INFO]       ├ Gallop.SingleModeChoiceRewardInfoSkillInfo.SkillStateType get_SkillState(0p)
2026-04-05 03:35:49,305 [INFO]       ├ System.Void set_SkillState(1p)
2026-04-05 03:35:49,305 [INFO]       ├ System.Boolean get_IsBadSkill(0p)
2026-04-05 03:35:49,305 [INFO]       ├ System.Void set_IsBadSkill(1p)
2026-04-05 03:35:49,305 [INFO]       ├ System.String ToString(0p)
2026-04-05 03:35:49,305 [INFO]       ├ System.Boolean PrintMembers(1p)
2026-04-05 03:35:49,305 [INFO]       ├ System.Boolean op_Inequality(2p)
2026-04-05 03:35:49,305 [INFO]       ├ System.Boolean op_Equality(2p)
2026-04-05 03:35:49,305 [INFO]       ├ System.Int32 GetHashCode(0p)
2026-04-05 03:35:49,305 [INFO]       ├ System.Boolean Equals(1p)
2026-04-05 03:35:49,305 [INFO]       ├ System.Boolean Equals(1p)
2026-04-05 03:35:49,305 [INFO]       ├ Gallop.SingleModeChoiceRewardInfoSkillInfo <Clone>$(0p)
2026-04-05 03:35:49,305 [INFO]       ├ System.Void Deconstruct(4p)
2026-04-05 03:35:49,305 [INFO]     SkillTargetType : System.Enum
2026-04-05 03:35:49,305 [INFO]       ├ System.Int32 value__ (off=16)
2026-04-05 03:35:49,305 [INFO]       ├ Gallop.SkillDefine.SkillTargetType Self (off=0) [static]
2026-04-05 03:35:49,305 [INFO]       ├ Gallop.SkillDefine.SkillTargetType All (off=0) [static]
2026-04-05 03:35:49,305 [INFO]       ├ Gallop.SkillDefine.SkillTargetType AllOtherSelf (off=0) [static]
2026-04-05 03:35:49,305 [INFO]       ├ Gallop.SkillDefine.SkillTargetType Visible (off=0) [static]
2026-04-05 03:35:49,305 [INFO]       ├ Gallop.SkillDefine.SkillTargetType RandomOtherSelf (off=0) [static]
2026-04-05 03:35:49,305 [INFO]       ├ Gallop.SkillDefine.SkillTargetType Order (off=0) [static]
2026-04-05 03:35:49,305 [INFO]       ├ Gallop.SkillDefine.SkillTargetType OrderInfront (off=0) [static]
2026-04-05 03:35:49,305 [INFO]       ├ Gallop.SkillDefine.SkillTargetType OrderBehind (off=0) [static]
2026-04-05 03:35:49,305 [INFO]       ├ Gallop.SkillDefine.SkillTargetType SelfInfront (off=0) [static]
2026-04-05 03:35:49,305 [INFO]       ├ Gallop.SkillDefine.SkillTargetType SelfBehind (off=0) [static]
2026-04-05 03:35:49,305 [INFO]       ├ Gallop.SkillDefine.SkillTargetType TeamMember (off=0) [static]
2026-04-05 03:35:49,305 [INFO]       ├ Gallop.SkillDefine.SkillTargetType Near (off=0) [static]
2026-04-05 03:35:49,305 [INFO]       ├ Gallop.SkillDefine.SkillTargetType SelfAndBlockFront (off=0) [static]
2026-04-05 03:35:49,305 [INFO]       ├ Gallop.SkillDefine.SkillTargetType BlockSide (off=0) [static]
2026-04-05 03:35:49,305 [INFO]       ├ Gallop.SkillDefine.SkillTargetType NearInfront (off=0) [static]
2026-04-05 03:35:49,305 [INFO]       ├ Gallop.SkillDefine.SkillTargetType NearBehind (off=0) [static]
2026-04-05 03:35:49,305 [INFO]       ├ Gallop.SkillDefine.SkillTargetType RunningStyle (off=0) [static]
2026-04-05 03:35:49,305 [INFO]       ├ Gallop.SkillDefine.SkillTargetType RunningStyleOtherSelf (off=0) [static]
2026-04-05 03:35:49,305 [INFO]       ├ Gallop.SkillDefine.SkillTargetType SelfInfrontTemptation (off=0) [static]
2026-04-05 03:35:49,305 [INFO]       ├ Gallop.SkillDefine.SkillTargetType SelfBehindTemptation (off=0) [static]
2026-04-05 03:35:49,305 [INFO]       ├ Gallop.SkillDefine.SkillTargetType RunningStyleTemptationOtherSelf (off=0) [static]
2026-04-05 03:35:49,306 [INFO]       ├ Gallop.SkillDefine.SkillTargetType CharaId (off=0) [static]
2026-04-05 03:35:49,306 [INFO]     SkillSet : System.Object
2026-04-05 03:35:49,306 [INFO]       ├ System.Int32 Id (off=16)
2026-04-05 03:35:49,306 [INFO]       ├ System.Int32 SkillId1 (off=20)
2026-04-05 03:35:49,306 [INFO]       ├ System.Int32 SkillLevel1 (off=24)
2026-04-05 03:35:49,306 [INFO]       ├ System.Int32 SkillId2 (off=28)
2026-04-05 03:35:49,306 [INFO]       ├ System.Int32 SkillLevel2 (off=32)
2026-04-05 03:35:49,306 [INFO]       ├ System.Int32 SkillId3 (off=36)
2026-04-05 03:35:49,306 [INFO]       ├ System.Int32 SkillLevel3 (off=40)
2026-04-05 03:35:49,306 [INFO]       ├ System.Int32 SkillId4 (off=44)
2026-04-05 03:35:49,306 [INFO]       ├ System.Int32 SkillLevel4 (off=48)
2026-04-05 03:35:49,306 [INFO]       ├ System.Int32 SkillId5 (off=52)
2026-04-05 03:35:49,306 [INFO]       ├ System.Int32 SkillLevel5 (off=56)
2026-04-05 03:35:49,306 [INFO]       ├ System.Int32 SkillId6 (off=60)
2026-04-05 03:35:49,306 [INFO]       ├ System.Int32 SkillLevel6 (off=64)
2026-04-05 03:35:49,306 [INFO]       ├ System.Int32 SkillId7 (off=68)
2026-04-05 03:35:49,306 [INFO]       ├ System.Int32 SkillLevel7 (off=72)
2026-04-05 03:35:49,306 [INFO]       ├ System.Int32 SkillId8 (off=76)
2026-04-05 03:35:49,306 [INFO]       ├ System.Int32 SkillLevel8 (off=80)
2026-04-05 03:35:49,306 [INFO]       ├ System.Int32 SkillId9 (off=84)
2026-04-05 03:35:49,306 [INFO]       ├ System.Int32 SkillLevel9 (off=88)
2026-04-05 03:35:49,306 [INFO]       ├ System.Int32 SkillId10 (off=92)
2026-04-05 03:35:49,306 [INFO]       ├ System.Int32 SkillLevel10 (off=96)
2026-04-05 03:35:49,306 [INFO]     Gallop.PartsGetSkillPlate : Gallop.PartsGetStatusPlate
2026-04-05 03:35:49,306 [INFO]       ├ Gallop.TextCommon _lvText (off=120)
2026-04-05 03:35:49,306 [INFO]       ├ Gallop.SkillIcon _skillIcon (off=128)
2026-04-05 03:35:49,306 [INFO]       ├ UnityEngine.UI.ContentSizeFitter _nameContentsSizeFitter (off=136)
2026-04-05 03:35:49,306 [INFO]       ├ UnityEngine.RectTransform _skillNameTextRect (off=144)
2026-04-05 03:35:49,306 [INFO]       ├ Gallop.TextCommon _needSkillPoint (off=152)
2026-04-05 03:35:49,306 [INFO]       ├ UnityEngine.GameObject _hintLvObject (off=160)
2026-04-05 03:35:49,306 [INFO]       ├ Gallop.ImageCommon _hintLabelImage (off=168)
2026-04-05 03:35:49,306 [INFO]       ├ Gallop.TextCommon _hintLvText (off=176)
2026-04-05 03:35:49,306 [INFO]       ├ System.Int32 SKILL_UPDATE_BORDER (off=0) [static]
2026-04-05 03:35:49,306 [INFO]       ├ System.Int32 SKILL_NAME_FONTSIZE_BORDER10 (off=0) [static]
2026-04-05 03:35:49,306 [INFO]       ├ System.Int32 SKILL_NAME_FONTSIZE_BORDER11 (off=0) [static]
2026-04-05 03:35:49,306 [INFO]       ├ System.Int32 SKILL_NAME_FONTSIZE_BORDER12 (off=0) [static]
2026-04-05 03:35:49,306 [INFO]       ├ System.Int32 SKILL_NAME_FONTSIZE_BORDER13 (off=0) [static]
2026-04-05 03:35:49,306 [INFO]       ├ System.Single SKILL_TEXT_MAX_WIDTH (off=0) [static]
2026-04-05 03:35:49,306 [INFO]       ├ System.Action _onClickInfoButton (off=184)
2026-04-05 03:35:49,306 [INFO]       ├ Gallop.MasterSkillData.SkillData _skillData (off=192)
2026-04-05 03:35:49,306 [INFO]       ├ System.Void SetUpCharacterLimitBreakSkill(3p)
2026-04-05 03:35:49,306 [INFO]       ├ System.Void SetUpCharacterTalentUpgradeSkill(5p)
2026-04-05 03:35:49,306 [INFO]       ├ System.Void SetUpCharacterGetEnableSkillForHintLvUp(5p)
2026-04-05 03:35:49,306 [INFO]       ├ System.Void OnClickInfoButtonCharacterSkill(0p)
2026-04-05 03:35:49,306 [INFO]       ├ System.Void OnClickInfoButtonSupportCardSkill(0p)
2026-04-05 03:35:49,306 [INFO]     Gallop.PartsHintLevelUpBottomSkillList : UnityEngine.MonoBehaviour
2026-04-05 03:35:49,306 [INFO]       ├ Gallop.PartsCharacterHintLvUpListItem _originItem (off=32)
2026-04-05 03:35:49,306 [INFO]       ├ Gallop.CursorCommon _cursorCommon (off=40)
2026-04-05 03:35:49,306 [INFO]       ├ Gallop.ScrollRectCommon _scrollRectCommon (off=48)
2026-04-05 03:35:49,306 [INFO]       ├ System.Int32 DEFAULT_PREV_SELECT_SKILL_INDEX (off=0) [static]
2026-04-05 03:35:49,306 [INFO]       ├ System.Int32 SCROLL_VIEW_DEFAULT_POSITION (off=0) [static]
2026-04-05 03:35:49,306 [INFO]       ├ System.Collections.Generic.List<Gallop.MasterAvailableSkillSet.AvailableSkillSet> _availableSkillSetList (off=56)
2026-04-05 03:35:49,306 [INFO]       ├ System.Collections.Generic.List<Gallop.PartsCharacterHintLvUpListItem> _bottomSkillList (off=64)
2026-04-05 03:35:49,306 [INFO]       ├ System.Int32 _prevSelectSkillIndex (off=72)
2026-04-05 03:35:49,306 [INFO]       ├ System.Int32 _selectSkillIndex (off=76)
2026-04-05 03:35:49,306 [INFO]       ├ System.Int32 get_PrevSelectSkillIndex(0p)
2026-04-05 03:35:49,306 [INFO]       ├ System.Int32 get_SelectSkillIndex(0p)
2026-04-05 03:35:49,306 [INFO]       ├ System.Int32 get_ListCount(0p)
2026-04-05 03:35:49,306 [INFO]       ├ System.Void CreateList(3p)
2026-04-05 03:35:49,306 [INFO]       ├ System.Void SetScrollPosition(1p)
2026-04-05 03:35:49,306 [INFO]       ├ System.Void ResetScrollPos(0p)
2026-04-05 03:35:49,306 [INFO]       ├ System.Void Release(0p)
2026-04-05 03:35:49,306 [INFO]       ├ System.Void SetSelectSkillIndex(1p)
2026-04-05 03:35:49,306 [INFO]       ├ System.Void OnSelectSkill(2p)
2026-04-05 03:35:49,306 [INFO]       ├ System.Void UpdateBottomSkillListIndex(2p)
2026-04-05 03:35:49,306 [INFO]       ├ System.Void DestorySkillItem(0p)
2026-04-05 03:35:49,306 [INFO]       ├ System.Boolean IsReleaseCheck(3p)
2026-04-05 03:35:49,306 [INFO]     Gallop.SkillEffectPlayer : System.Object
2026-04-05 03:35:49,307 [INFO]       ├ System.Int32 DELAY_BUFF_SIZE (off=0) [static]
2026-04-05 03:35:49,307 [INFO]       ├ System.Single DELAY_ACTIVATE_SEC (off=0) [static]
2026-04-05 03:35:49,307 [INFO]       ├ System.Single EFFECT_PLAY_INTERVAL_SEC (off=0) [static]
2026-04-05 03:35:49,307 [INFO]       ├ System.Single LIFE_TIME_NULL (off=0) [static]
2026-04-05 03:35:49,307 [INFO]       ├ Gallop.ISkillEffectPool _effectPool (off=16)
2026-04-05 03:35:49,307 [INFO]       ├ System.Collections.Generic.List<Gallop.SkillEffectPlayer.DelayPlayInfo> _delayPlayList (off=24)
2026-04-05 03:35:49,307 [INFO]       ├ Gallop.SkillEffect _playingEffect (off=32)
2026-04-05 03:35:49,307 [INFO]       ├ System.Single _nextPlayInterval (off=40)
2026-04-05 03:35:49,307 [INFO]       ├ System.Void PlaySkillEffect(4p)
2026-04-05 03:35:49,307 [INFO]       ├ System.Void PlayInternal(3p)
2026-04-05 03:35:49,307 [INFO]       ├ System.Boolean CheckPlayable(0p)
2026-04-05 03:35:49,307 [INFO]       ├ UnityEngine.Transform GetAppearTrnsform(0p)
2026-04-05 03:35:49,307 [INFO]       ├ System.Void ClearDelayPlay(0p)
2026-04-05 03:35:49,307 [INFO]       ├ System.Void Stop(0p)
2026-04-05 03:35:49,307 [INFO]       ├ System.Void Pause(0p)
2026-04-05 03:35:49,307 [INFO]       ├ System.Void Resume(0p)
2026-04-05 03:35:49,307 [INFO]       ├ System.Void SetSpeed(1p)
2026-04-05 03:35:49,307 [INFO]       ├ System.Void Update(1p)
2026-04-05 03:35:49,307 [INFO]       ├ System.Void UpdateDelayPlay(1p)
2026-04-05 03:35:49,307 [INFO]       ├ System.Void UpdatePlaying(0p)
2026-04-05 03:35:49,307 [INFO]       ├ System.Void UpdateElapsedTime(1p)
2026-04-05 03:35:49,307 [INFO]     <PlaySkillCutinCoroutine>d__63 : System.Object
2026-04-05 03:35:49,307 [INFO]       ├ System.Int32 <>1__state (off=16)
2026-04-05 03:35:49,307 [INFO]       ├ System.Object <>2__current (off=24)
2026-04-05 03:35:49,307 [INFO]       ├ Gallop.TeamStadium3DController <>4__this (off=32)
2026-04-05 03:35:49,307 [INFO]       ├ System.Nullable<UnityEngine.Color> skillCutinBgColor (off=40)
2026-04-05 03:35:49,307 [INFO]       ├ System.Boolean hideSkillBackgroundCamera (off=60)
2026-04-05 03:35:49,307 [INFO]       ├ System.Action onEndAction (off=64)
2026-04-05 03:35:49,307 [INFO]       ├ System.Int32 charaId (off=72)
2026-04-05 03:35:49,307 [INFO]       ├ System.Int32 cardId (off=76)
2026-04-05 03:35:49,307 [INFO]       ├ System.Int32 dressId (off=80)
2026-04-05 03:35:49,307 [INFO]       ├ System.Int32 gateNo (off=84)
2026-04-05 03:35:49,307 [INFO]       ├ Gallop.RaceInfo raceInfo (off=88)
2026-04-05 03:35:49,307 [INFO]       ├ System.Boolean isLoadAsync (off=96)
2026-04-05 03:35:49,307 [INFO]       ├ UnityEngine.RenderTexture toBackgroundRT (off=104)
2026-04-05 03:35:49,307 [INFO]       ├ Gallop.TeamStadium3DController.<>c__DisplayClass63_0 <>8__1 (off=112)
2026-04-05 03:35:49,307 [INFO]       ├ System.Action onPlayAction (off=120)
2026-04-05 03:35:49,307 [INFO]       ├ System.String <path>5__2 (off=128)
2026-04-05 03:35:49,307 [INFO]       ├ System.Void System.IDisposable.Dispose(0p)
2026-04-05 03:35:49,307 [INFO]       ├ System.Boolean MoveNext(0p)
2026-04-05 03:35:49,307 [INFO]       ├ System.Object System.Collections.Generic.IEnumerator<System.Object>.get_Current(0p)
2026-04-05 03:35:49,307 [INFO]       ├ System.Void System.Collections.IEnumerator.Reset(0p)
2026-04-05 03:35:49,308 [INFO]       ├ System.Object System.Collections.IEnumerator.get_Current(0p)
2026-04-05 03:35:49,308 [INFO]     Gallop.PartsHintLevelUpSkillGroup : UnityEngine.MonoBehaviour
2026-04-05 03:35:49,308 [INFO]       ├ Gallop.PartsGetSkillPlate _skillPlateContent (off=32)
2026-04-05 03:35:49,308 [INFO]       ├ Gallop.ScrollRectCommon ScrollRect (off=40)
2026-04-05 03:35:49,308 [INFO]       ├ System.Collections.Generic.List<Gallop.PartsGetSkillPlate> _plateList (off=48)
2026-04-05 03:35:49,308 [INFO]       ├ Gallop.WorkCardData.CardData _cardData (off=56)
2026-04-05 03:35:49,308 [INFO]       ├ System.Collections.Generic.List<Gallop.MasterAvailableSkillSet.AvailableSkillSet> _cardAvailableSkillSet (off=64)
2026-04-05 03:35:49,308 [INFO]       ├ Cute.UI.AtlasReference _atlasReference (off=72)
2026-04-05 03:35:49,308 [INFO]       ├ System.Int32 SCROLL_VIEW_DEFAULT_POSITION (off=0) [static]
2026-04-05 03:35:49,308 [INFO]       ├ System.Int32 _contentCount (off=80)
2026-04-05 03:35:49,308 [INFO]       ├ DG.Tweening.Tweener _scrollTweener (off=88)
2026-04-05 03:35:49,308 [INFO]       ├ System.Single AUTO_SCROLL_SPEED (off=0) [static]
2026-04-05 03:35:49,308 [INFO]       ├ System.Void SetUpAtlas(1p)
2026-04-05 03:35:49,308 [INFO]       ├ System.Void Initialize(1p)
2026-04-05 03:35:49,308 [INFO]       ├ System.Void CreateList(1p)
2026-04-05 03:35:49,308 [INFO]       ├ System.Void ResetList(0p)
2026-04-05 03:35:49,308 [INFO]       ├ System.Void UpdateNextLevel(2p)
2026-04-05 03:35:49,308 [INFO]       ├ System.Void SelectSkillItem(1p)
2026-04-05 03:35:49,308 [INFO]       ├ System.Void DestroyItem(0p)
2026-04-05 03:35:49,308 [INFO]       ├ System.Void Release(0p)
2026-04-05 03:35:49,308 [INFO]       ├ System.Void AutoPlayScroll(4p)
2026-04-05 03:35:49,308 [INFO]       ├ System.Void ResetScrollPos(0p)
2026-04-05 03:35:49,308 [INFO]     SkillAbilityValueUsage : System.Enum
2026-04-05 03:35:49,308 [INFO]       ├ System.Int32 value__ (off=16)
2026-04-05 03:35:49,308 [INFO]       ├ Gallop.SkillDefine.SkillAbilityValueUsage None (off=0) [static]
2026-04-05 03:35:49,308 [INFO]       ├ Gallop.SkillDefine.SkillAbilityValueUsage Direct (off=0) [static]
2026-04-05 03:35:49,308 [INFO]       ├ Gallop.SkillDefine.SkillAbilityValueUsage MultiplySkillNum (off=0) [static]
2026-04-05 03:35:49,308 [INFO]       ├ Gallop.SkillDefine.SkillAbilityValueUsage MultiplyTeamTotalSpeed (off=0) [static]
2026-04-05 03:35:49,308 [INFO]       ├ Gallop.SkillDefine.SkillAbilityValueUsage MultiplyTeamTotalStamina (off=0) [static]
2026-04-05 03:35:49,308 [INFO]       ├ Gallop.SkillDefine.SkillAbilityValueUsage MultiplyTeamTotalPower (off=0) [static]
2026-04-05 03:35:49,308 [INFO]       ├ Gallop.SkillDefine.SkillAbilityValueUsage MultiplyTeamTotalGuts (off=0) [static]
2026-04-05 03:35:49,308 [INFO]       ├ Gallop.SkillDefine.SkillAbilityValueUsage MultiplyTeamTotalWiz (off=0) [static]
2026-04-05 03:35:49,308 [INFO]       ├ Gallop.SkillDefine.SkillAbilityValueUsage MultiplyRandom1 (off=0) [static]
2026-04-05 03:35:49,308 [INFO]       ├ Gallop.SkillDefine.SkillAbilityValueUsage MultiplyRandom2 (off=0) [static]
2026-04-05 03:35:49,308 [INFO]       ├ Gallop.SkillDefine.SkillAbilityValueUsage MultiplySingleModeWinCount (off=0) [static]
2026-04-05 03:35:49,308 [INFO]       ├ Gallop.SkillDefine.SkillAbilityValueUsage MultiplyOrderUpCountCornerPhaseEndAfter (off=0) [static]
2026-04-05 03:35:49,308 [INFO]       ├ Gallop.SkillDefine.SkillAbilityValueUsage NOUSE_12 (off=0) [static]
2026-04-05 03:35:49,308 [INFO]       ├ Gallop.SkillDefine.SkillAbilityValueUsage NOUSE_13 (off=0) [static]
2026-04-05 03:35:49,308 [INFO]       ├ Gallop.SkillDefine.SkillAbilityValueUsage MultiplyActivateSpecificTagSkillCount (off=0) [static]
2026-04-05 03:35:49,308 [INFO]       ├ Gallop.SkillDefine.SkillAbilityValueUsage MultiplyActivateHealSkillCount (off=0) [static]
2026-04-05 03:35:49,308 [INFO]       ├ Gallop.SkillDefine.SkillAbilityValueUsage MultiplyFinalCornerEndOrder (off=0) [static]
2026-04-05 03:35:49,308 [INFO]       ├ Gallop.SkillDefine.SkillAbilityValueUsage MultiplyInvTeamMemberCount (off=0) [static]
2026-04-05 03:35:49,308 [INFO]       ├ Gallop.SkillDefine.SkillAbilityValueUsage MultiplyBaseWiz (off=0) [static]
2026-04-05 03:35:49,308 [INFO]       ├ Gallop.SkillDefine.SkillAbilityValueUsage AdditionalActivate (off=0) [static]
2026-04-05 03:35:49,308 [INFO]     Gallop.RaceUISkillInfoPlate : UnityEngine.MonoBehaviour
2026-04-05 03:35:49,308 [INFO]       ├ System.Single PLATE_DISP_SEC (off=0) [static]
2026-04-05 03:35:49,308 [INFO]       ├ System.Single POS_OFFSET (off=0) [static]
2026-04-05 03:35:49,308 [INFO]       ├ Gallop.ImageCommon <IconImage>k__BackingField (off=32)
2026-04-05 03:35:49,308 [INFO]       ├ System.Single _dispSec (off=40)
2026-04-05 03:35:49,308 [INFO]       ├ System.Boolean <IsUsing>k__BackingField (off=44)
2026-04-05 03:35:49,308 [INFO]       ├ UnityEngine.RectTransform _rect (off=48)
2026-04-05 03:35:49,308 [INFO]       ├ System.Int32 _posIndex (off=56)
2026-04-05 03:35:49,308 [INFO]       ├ System.String[] _skillIconSpriteNameArray (off=0) [static]
2026-04-05 03:35:49,308 [INFO]       ├ Gallop.ImageCommon get_IconImage(0p)
2026-04-05 03:35:49,308 [INFO]       ├ System.Void set_IconImage(1p)
2026-04-05 03:35:49,308 [INFO]       ├ System.Boolean get_IsUsing(0p)
2026-04-05 03:35:49,308 [INFO]       ├ System.Void set_IsUsing(1p)
2026-04-05 03:35:49,308 [INFO]       ├ System.Void Setup(1p)
2026-04-05 03:35:49,308 [INFO]       ├ System.Void Play(2p)
2026-04-05 03:35:49,308 [INFO]       ├ UnityEngine.Sprite GetSkillIconSprite(2p)
2026-04-05 03:35:49,308 [INFO]       ├ System.Void ReleaseSkillIconNameTable(0p)
2026-04-05 03:35:49,308 [INFO]       ├ System.Void InitializeSkillIconNameTable(0p)
2026-04-05 03:35:49,308 [INFO]       ├ System.Void AlterLateUpdate(1p)
2026-04-05 03:35:49,308 [INFO]       ├ System.Void Stop(0p)
2026-04-05 03:35:49,308 [INFO]     Gallop.SkillSEPlayer : System.Object
2026-04-05 03:35:49,308 [INFO]       ├ System.String SKILL_SE_CUE_SHEET_NAME (off=0) [static]
2026-04-05 03:35:49,308 [INFO]       ├ Gallop.RaceDefine.SEPriority ACTIVATE_PRIORITY (off=0) [static]
2026-04-05 03:35:49,308 [INFO]       ├ Gallop.RaceDefine.SEPriority MAIN_PRIORITY (off=0) [static]
2026-04-05 03:35:49,308 [INFO]       ├ Gallop.SkillSEPlayer.DelayPlayInfo _delayPlayInfo (off=16)
2026-04-05 03:35:49,308 [INFO]       ├ Cute.Cri.AudioPlayback _playingSE (off=40)
2026-04-05 03:35:49,308 [INFO]       ├ System.Single _nextPlayInterval (off=88)
2026-04-05 03:35:49,308 [INFO]       ├ Gallop.RaceDefine.SEPriority _priority (off=92)
2026-04-05 03:35:49,308 [INFO]       ├ Gallop.SkillEffectPlayer _effectPlayer (off=96)
2026-04-05 03:35:49,308 [INFO]       ├ System.Single _minDistance (off=104)
2026-04-05 03:35:49,308 [INFO]       ├ System.Single _maxDistance (off=108)
2026-04-05 03:35:49,308 [INFO]       ├ Gallop.IHorseRaceInfo _ownerInfo (off=112)
2026-04-05 03:35:49,308 [INFO]       ├ System.Void Play(4p)
2026-04-05 03:35:49,308 [INFO]       ├ System.Void PlayInternal(1p)
2026-04-05 03:35:49,308 [INFO]       ├ System.Boolean CheckPlayable(0p)
2026-04-05 03:35:49,308 [INFO]       ├ System.Void OnStop(0p)
2026-04-05 03:35:49,308 [INFO]       ├ System.Void Stop(0p)
2026-04-05 03:35:49,308 [INFO]       ├ System.Void Update(1p)
2026-04-05 03:35:49,308 [INFO]       ├ System.Void UpdateDelayPlay(1p)
2026-04-05 03:35:49,308 [INFO]       ├ System.Void UpdateElapsedTime(1p)
2026-04-05 03:35:49,308 [INFO]     Gallop.SkillView : System.Object
2026-04-05 03:35:49,308 [INFO]       ├ System.Single SKILL_EFFECT_LIFETIME (off=0) [static]
2026-04-05 03:35:49,308 [INFO]       ├ Gallop.IHorseRaceInfo _ownerInfo (off=16)
2026-04-05 03:35:49,308 [INFO]       ├ Gallop.SkillEffectPlayer _effectPlayerActivate (off=24)
2026-04-05 03:35:49,308 [INFO]       ├ Gallop.SkillEffectPlayer _effectPlayerSkill (off=32)
2026-04-05 03:35:49,308 [INFO]       ├ Gallop.SkillSEPlayer _sePlayerActivate (off=40)
2026-04-05 03:35:49,308 [INFO]       ├ Gallop.SkillSEPlayer _sePlayerMain (off=48)
2026-04-05 03:35:49,308 [INFO]       ├ System.Void Update(1p)
2026-04-05 03:35:49,308 [INFO]       ├ System.Void InitSkillEffect(1p)
2026-04-05 03:35:49,308 [INFO]       ├ System.Void InitSkillSE(0p)
2026-04-05 03:35:49,308 [INFO]       ├ System.Void PlaySkillEffect(3p)
2026-04-05 03:35:49,308 [INFO]       ├ System.Void PlaySkillEffect(4p)
2026-04-05 03:35:49,308 [INFO]       ├ System.Void ClearDelayPlayEffect(0p)
2026-04-05 03:35:49,308 [INFO]       ├ System.Void StopEffect(0p)
2026-04-05 03:35:49,308 [INFO]       ├ System.Void PauseEffect(0p)
2026-04-05 03:35:49,308 [INFO]       ├ System.Void ResumeEffect(0p)
2026-04-05 03:35:49,308 [INFO]       ├ System.Void SetEffectSpeed(1p)
2026-04-05 03:35:49,308 [INFO]       ├ System.Void PlaySkillSE(2p)
2026-04-05 03:35:49,308 [INFO]       ├ System.Void StopSE(0p)
2026-04-05 03:35:49,308 [INFO]     Gallop.MasterSkillData : Gallop.AbstractMasterData
2026-04-05 03:35:49,308 [INFO]       ├ System.String TABLE_NAME (off=0) [static]
2026-04-05 03:35:49,308 [INFO]       ├ Gallop.MasterCardDatabase _db (off=16)
2026-04-05 03:35:49,308 [INFO]       ├ System.Boolean _preloaded (off=24)
2026-04-05 03:35:49,308 [INFO]       ├ System.Collections.Generic.HashSet<System.Int32> _notFounds (off=32)
2026-04-05 03:35:49,308 [INFO]       ├ System.Collections.Generic.Dictionary<System.Int32,Gallop.MasterSkillData.SkillData> _lazyPrimaryKeyDictionary (off=40)
2026-04-05 03:35:49,309 [INFO]       ├ System.Collections.Generic.Dictionary<System.Int32,System.Collections.Generic.List<Gallop.MasterSkillData.SkillData>> _dictionaryWithGroupId (off=48)
2026-04-05 03:35:49,309 [INFO]       ├ System.Collections.Generic.Dictionary<System.Int32,Gallop.MasterSkillData.SkillData> get_dictionary(0p)
2026-04-05 03:35:49,309 [INFO]       ├ Gallop.MasterSkillData.SkillData Get(1p)
2026-04-05 03:35:49,309 [INFO]       ├ Gallop.MasterSkillData.SkillData _SelectOne(1p)
2026-04-05 03:35:49,309 [INFO]       ├ Gallop.MasterSkillData.SkillData GetWithGroupIdOrderByIdAsc(1p)
2026-04-05 03:35:49,309 [INFO]       ├ Gallop.MasterSkillData.SkillData _SelectWithGroupIdOrderByIdAsc(1p)
2026-04-05 03:35:49,309 [INFO]       ├ System.Collections.Generic.List<Gallop.MasterSkillData.SkillData> GetListWithGroupIdOrderByIdAsc(1p)
2026-04-05 03:35:49,309 [INFO]       ├ System.Collections.Generic.List<Gallop.MasterSkillData.SkillData> MaybeListWithGroupIdOrderByIdAsc(1p)
2026-04-05 03:35:49,309 [INFO]       ├ System.Collections.Generic.List<Gallop.MasterSkillData.SkillData> _ListSelectWithGroupIdOrderByIdAsc(1p)
2026-04-05 03:35:49,309 [INFO]       ├ Gallop.MasterSkillData.SkillData _CreateOrmByQueryResultWithGroupIdOrderByIdAsc(2p)
2026-04-05 03:35:49,309 [INFO]       ├ System.Void Unload(0p)
2026-04-05 03:35:49,309 [INFO]       ├ System.Void _ForcePreloadAllEntries(0p)
2026-04-05 03:35:49,309 [INFO]     Gallop.MasterSkillExp : Gallop.AbstractMasterData
2026-04-05 03:35:49,309 [INFO]       ├ System.String TABLE_NAME (off=0) [static]
2026-04-05 03:35:49,309 [INFO]       ├ Gallop.MasterCardDatabase _db (off=16)
2026-04-05 03:35:49,309 [INFO]       ├ System.Boolean _preloaded (off=24)
2026-04-05 03:35:49,309 [INFO]       ├ System.Collections.Generic.HashSet<System.Int32> _notFounds (off=32)
2026-04-05 03:35:49,309 [INFO]       ├ System.Collections.Generic.Dictionary<System.Int32,Gallop.MasterSkillExp.SkillExp> _lazyPrimaryKeyDictionary (off=40)
2026-04-05 03:35:49,309 [INFO]       ├ System.Collections.Generic.Dictionary<System.Int32,System.Collections.Generic.List<Gallop.MasterSkillExp.SkillExp>> _dictionaryWithType (off=48)
2026-04-05 03:35:49,309 [INFO]       ├ System.Collections.Generic.Dictionary<System.Int32,Gallop.MasterSkillExp.SkillExp> get_dictionary(0p)
2026-04-05 03:35:49,309 [INFO]       ├ Gallop.MasterSkillExp.SkillExp Get(1p)
2026-04-05 03:35:49,309 [INFO]       ├ Gallop.MasterSkillExp.SkillExp _SelectOne(1p)
2026-04-05 03:35:49,309 [INFO]       ├ Gallop.MasterSkillExp.SkillExp GetWithTypeOrderByLevelAsc(1p)
2026-04-05 03:35:49,309 [INFO]       ├ Gallop.MasterSkillExp.SkillExp _SelectWithTypeOrderByLevelAsc(1p)
2026-04-05 03:35:49,309 [INFO]       ├ System.Collections.Generic.List<Gallop.MasterSkillExp.SkillExp> GetListWithTypeOrderByLevelAsc(1p)
2026-04-05 03:35:49,309 [INFO]       ├ System.Collections.Generic.List<Gallop.MasterSkillExp.SkillExp> MaybeListWithTypeOrderByLevelAsc(1p)
2026-04-05 03:35:49,309 [INFO]       ├ System.Collections.Generic.List<Gallop.MasterSkillExp.SkillExp> _ListSelectWithTypeOrderByLevelAsc(1p)
2026-04-05 03:35:49,309 [INFO]       ├ Gallop.MasterSkillExp.SkillExp _CreateOrmByQueryResultWithTypeOrderByLevelAsc(2p)
2026-04-05 03:35:49,309 [INFO]       ├ System.Void Unload(0p)
2026-04-05 03:35:49,309 [INFO]       ├ System.Void _ForcePreloadAllEntries(0p)
2026-04-05 03:35:49,309 [INFO]     Gallop.MasterSkillLevelValue : Gallop.AbstractMasterData
2026-04-05 03:35:49,309 [INFO]       ├ System.String TABLE_NAME (off=0) [static]
2026-04-05 03:35:49,309 [INFO]       ├ Gallop.MasterCardDatabase _db (off=16)
2026-04-05 03:35:49,309 [INFO]       ├ System.Boolean _preloaded (off=24)
2026-04-05 03:35:49,309 [INFO]       ├ System.Collections.Generic.HashSet<System.Int32> _notFounds (off=32)
2026-04-05 03:35:49,309 [INFO]       ├ System.Collections.Generic.Dictionary<System.Int32,Gallop.MasterSkillLevelValue.SkillLevelValue> _lazyPrimaryKeyDictionary (off=40)
2026-04-05 03:35:49,310 [INFO]       ├ System.Collections.Generic.Dictionary<System.Int32,System.Collections.Generic.List<Gallop.MasterSkillLevelValue.SkillLevelValue>> _dictionaryWithAbilityType (off=48)
2026-04-05 03:35:49,310 [INFO]       ├ System.Collections.Generic.Dictionary<System.Int32,Gallop.MasterSkillLevelValue.SkillLevelValue> get_dictionary(0p)
2026-04-05 03:35:49,310 [INFO]       ├ Gallop.MasterSkillLevelValue.SkillLevelValue Get(1p)
2026-04-05 03:35:49,310 [INFO]       ├ Gallop.MasterSkillLevelValue.SkillLevelValue _SelectOne(1p)
2026-04-05 03:35:49,310 [INFO]       ├ Gallop.MasterSkillLevelValue.SkillLevelValue GetWithAbilityTypeOrderByLevelAsc(1p)
2026-04-05 03:35:49,310 [INFO]       ├ Gallop.MasterSkillLevelValue.SkillLevelValue _SelectWithAbilityTypeOrderByLevelAsc(1p)
2026-04-05 03:35:49,310 [INFO]       ├ System.Collections.Generic.List<Gallop.MasterSkillLevelValue.SkillLevelValue> GetListWithAbilityTypeOrderByLevelAsc(1p)
2026-04-05 03:35:49,310 [INFO]       ├ System.Collections.Generic.List<Gallop.MasterSkillLevelValue.SkillLevelValue> MaybeListWithAbilityTypeOrderByLevelAsc(1p)
2026-04-05 03:35:49,310 [INFO]       ├ System.Collections.Generic.List<Gallop.MasterSkillLevelValue.SkillLevelValue> _ListSelectWithAbilityTypeOrderByLevelAsc(1p)
2026-04-05 03:35:49,310 [INFO]       ├ Gallop.MasterSkillLevelValue.SkillLevelValue _CreateOrmByQueryResultWithAbilityTypeOrderByLevelAsc(2p)
2026-04-05 03:35:49,310 [INFO]       ├ System.Void Unload(0p)
2026-04-05 03:35:49,310 [INFO]       ├ System.Void _ForcePreloadAllEntries(0p)
2026-04-05 03:35:49,310 [INFO]     Gallop.DialogCharacterSimpleSkillDetail : Gallop.DialogInnerBase
2026-04-05 03:35:49,310 [INFO]       ├ Gallop.SkillIcon _iconSkill (off=48)
2026-04-05 03:35:49,310 [INFO]       ├ Gallop.TextCommon _textSkillName (off=56)
2026-04-05 03:35:49,310 [INFO]       ├ Gallop.TextCommon _textSkillText (off=64)
2026-04-05 03:35:49,310 [INFO]       ├ Gallop.ImageCommon _baseImage (off=72)
2026-04-05 03:35:49,310 [INFO]       ├ Gallop.ImageCommon _lineImage (off=80)
2026-04-05 03:35:49,310 [INFO]       ├ UnityEngine.GameObject _needSkillPointRoot (off=88)
2026-04-05 03:35:49,310 [INFO]       ├ Gallop.TextCommon _needSkillPointText (off=96)
2026-04-05 03:35:49,310 [INFO]       ├ Gallop.ImageCommon _hintLabelImage (off=104)
2026-04-05 03:35:49,310 [INFO]       ├ Gallop.TextCommon _hintLvText (off=112)
2026-04-05 03:35:49,310 [INFO]       ├ Gallop.ImageCommon _eventLimitedImage (off=120)
2026-04-05 03:35:49,310 [INFO]       ├ Gallop.TextCommon _warnText (off=128)
2026-04-05 03:35:49,310 [INFO]       ├ Gallop.DialogCommonBase.FormType GetFormType(0p)
2026-04-05 03:35:49,310 [INFO]       ├ Gallop.DialogCommon.Data.ObjectParentType GetParentType(0p)
2026-04-05 03:35:49,310 [INFO]       ├ System.Void Open(7p)
2026-04-05 03:35:49,310 [INFO]       ├ System.Void OpenForTeamBuilding(1p)
2026-04-05 03:35:49,310 [INFO]       ├ System.Void Setup(3p)
2026-04-05 03:35:49,310 [INFO]       ├ System.Void SetupyWarnText(1p)
2026-04-05 03:35:49,310 [INFO]     Gallop.SkillTriggerBase : System.Object
2026-04-05 03:35:49,310 [INFO]       ├ Gallop.IHorseRaceInfo _owner (off=16)
2026-04-05 03:35:49,310 [INFO]       ├ Gallop.IRaceHorseAccessor _horseAccessor (off=24)
2026-04-05 03:35:49,310 [INFO]       ├ Gallop.IRaceCourseAttributeAccessor _courseAttributeAccessor (off=32)
2026-04-05 03:35:49,310 [INFO]       ├ Gallop.IRaceTimeAccessor _timeAccessor (off=40)
2026-04-05 03:35:49,310 [INFO]       ├ Gallop.IRaceRandomGenerator _randomGenerator (off=48)
2026-04-05 03:35:49,310 [INFO]       ├ Gallop.RaceInfo _raceInfo (off=56)
2026-04-05 03:35:49,310 [INFO]       ├ Gallop.RaceParamDefine.SkillParam _skillParam (off=64)
2026-04-05 03:35:49,310 [INFO]       ├ Gallop.SkillBase _ownerSkill (off=72)
2026-04-05 03:35:49,310 [INFO]       ├ Gallop.SkillTriggerBase.SkillTriggerOperator _op (off=80)
2026-04-05 03:35:49,310 [INFO]       ├ System.Int32 _valueRh (off=84)
2026-04-05 03:35:49,310 [INFO]       ├ System.Collections.Generic.List<Gallop.ISkillTrigger> _selfGroup (off=88)
2026-04-05 03:35:49,310 [INFO]       ├ System.Boolean <IsActivated>k__BackingField (off=96)
2026-04-05 03:35:49,310 [INFO]       ├ System.Void Update(1p)
2026-04-05 03:35:49,310 [INFO]       ├ System.Boolean get_IsActivated(0p)
2026-04-05 03:35:49,310 [INFO]       ├ System.Void set_IsActivated(1p)
2026-04-05 03:35:49,310 [INFO]       ├ System.Boolean CheckActivate(0p)
2026-04-05 03:35:49,310 [INFO]       ├ Gallop.SkillDefine.SkillTriggerCategory get_Category(0p)
2026-04-05 03:35:49,310 [INFO]     Gallop.SkillEffectPool : System.Object
2026-04-05 03:35:49,310 [INFO]       ├ Gallop.SkillEffectPool.EffectCache[] _cacheEffects (off=16)
2026-04-05 03:35:49,310 [INFO]       ├ System.Int32 _layer (off=24)
2026-04-05 03:35:49,310 [INFO]       ├ UnityEngine.Transform _parent (off=32)
2026-04-05 03:35:49,310 [INFO]       ├ System.Void CreatePool(1p)
2026-04-05 03:35:49,310 [INFO]       ├ Gallop.SkillEffectPool.EffectCache CreateEffectCache(1p)
2026-04-05 03:35:49,310 [INFO]       ├ System.Void InitializeEffectObject(1p)
2026-04-05 03:35:49,310 [INFO]       ├ System.Void MakeEffectCacheWorkSkill(3p)
2026-04-05 03:35:49,310 [INFO]       ├ System.Void MakeEffectCacheWorkSkillDetail(3p)
2026-04-05 03:35:49,310 [INFO]       ├ Gallop.SkillEffectPool.EffectCacheMakeWork FindOrAddEffectCacheMakeWork(2p)
2026-04-05 03:35:49,310 [INFO]       ├ Gallop.SkillEffectPool.EffectCacheMakeWork FindEffectCacheMakeWork(2p)
2026-04-05 03:35:49,310 [INFO]       ├ Gallop.SkillEffectPool.EffectInfo FindInfo(1p)
2026-04-05 03:35:49,310 [INFO]       ├ Gallop.SkillEffectPool.EffectInfo FindEmptyInfo(1p)
2026-04-05 03:35:49,310 [INFO]       ├ System.Void ReleasePool(0p)
2026-04-05 03:35:49,310 [INFO]       ├ Gallop.SkillEffect Borrow(1p)
2026-04-05 03:35:49,310 [INFO]       ├ System.Void Return(1p)
2026-04-05 03:35:49,310 [INFO]       ├ System.Void StartWarmUp(0p)
2026-04-05 03:35:49,310 [INFO]       ├ System.Void EndWarmUp(0p)
2026-04-05 03:35:49,310 [INFO]     Gallop.MasterAvailableSkillSet : Gallop.AbstractMasterData
2026-04-05 03:35:49,310 [INFO]       ├ System.String TABLE_NAME (off=0) [static]
2026-04-05 03:35:49,310 [INFO]       ├ Gallop.MasterCardDatabase _db (off=16)
2026-04-05 03:35:49,310 [INFO]       ├ System.Collections.Generic.HashSet<System.Int32> _notFounds (off=24)
2026-04-05 03:35:49,310 [INFO]       ├ System.Collections.Generic.Dictionary<System.Int32,Gallop.MasterAvailableSkillSet.AvailableSkillSet> _lazyPrimaryKeyDictionary (off=32)
2026-04-05 03:35:49,310 [INFO]       ├ System.Collections.Generic.Dictionary<System.Int32,System.Collections.Generic.List<Gallop.MasterAvailableSkillSet.AvailableSkillSet>> _dictionaryWithAvailableSkillSetId (off=40)
2026-04-05 03:35:49,310 [INFO]       ├ Gallop.MasterAvailableSkillSet.AvailableSkillSet Get(1p)
2026-04-05 03:35:49,310 [INFO]       ├ Gallop.MasterAvailableSkillSet.AvailableSkillSet _SelectOne(1p)
2026-04-05 03:35:49,310 [INFO]       ├ Gallop.MasterAvailableSkillSet.AvailableSkillSet GetWithAvailableSkillSetIdOrderByIdAsc(1p)
2026-04-05 03:35:49,310 [INFO]       ├ Gallop.MasterAvailableSkillSet.AvailableSkillSet _SelectWithAvailableSkillSetIdOrderByIdAsc(1p)
2026-04-05 03:35:49,310 [INFO]       ├ System.Collections.Generic.List<Gallop.MasterAvailableSkillSet.AvailableSkillSet> GetListWithAvailableSkillSetIdOrderByIdAsc(1p)
2026-04-05 03:35:49,311 [INFO]       ├ System.Collections.Generic.List<Gallop.MasterAvailableSkillSet.AvailableSkillSet> MaybeListWithAvailableSkillSetIdOrderByIdAsc(1p)
2026-04-05 03:35:49,311 [INFO]       ├ System.Collections.Generic.List<Gallop.MasterAvailableSkillSet.AvailableSkillSet> _ListSelectWithAvailableSkillSetIdOrderByIdAsc(1p)
2026-04-05 03:35:49,311 [INFO]       ├ Gallop.MasterAvailableSkillSet.AvailableSkillSet _CreateOrmByQueryResultWithAvailableSkillSetIdOrderByIdAsc(2p)
2026-04-05 03:35:49,311 [INFO]       ├ System.Void Unload(0p)
2026-04-05 03:35:49,311 [INFO]       ├ Gallop.MasterAvailableSkillSet.AvailableSkillSet GetFromTalentLevel(2p)
2026-04-05 03:35:49,311 [INFO]     Gallop.SkillBaseContentsHolder : UnityEngine.MonoBehaviour
2026-04-05 03:35:49,311 [INFO]       ├ Gallop.SkillIcon <SkillIcon>k__BackingField (off=32)
2026-04-05 03:35:49,311 [INFO]       ├ Gallop.TextCommon <SkillName>k__BackingField (off=40)
2026-04-05 03:35:49,311 [INFO]       ├ Gallop.ImageCommon <BgImage>k__BackingField (off=48)
2026-04-05 03:35:49,311 [INFO]       ├ Gallop.ButtonCommon <Button>k__BackingField (off=56)
2026-04-05 03:35:49,311 [INFO]       ├ Gallop.PartsOutsideBlinkImage <BlinkImage>k__BackingField (off=64)
2026-04-05 03:35:49,311 [INFO]       ├ Gallop.SkillIcon get_SkillIcon(0p)
2026-04-05 03:35:49,311 [INFO]       ├ System.Void set_SkillIcon(1p)
2026-04-05 03:35:49,311 [INFO]       ├ Gallop.TextCommon get_SkillName(0p)
2026-04-05 03:35:49,311 [INFO]       ├ System.Void set_SkillName(1p)
2026-04-05 03:35:49,311 [INFO]       ├ Gallop.ImageCommon get_BgImage(0p)
2026-04-05 03:35:49,311 [INFO]       ├ System.Void set_BgImage(1p)
2026-04-05 03:35:49,311 [INFO]       ├ Gallop.ButtonCommon get_Button(0p)
2026-04-05 03:35:49,311 [INFO]       ├ System.Void set_Button(1p)
2026-04-05 03:35:49,311 [INFO]       ├ Gallop.PartsOutsideBlinkImage get_BlinkImage(0p)
2026-04-05 03:35:49,311 [INFO]       ├ System.Void set_BlinkImage(1p)
2026-04-05 03:35:49,311 [INFO]     Gallop.SkillTriggerCreatorSimulate : System.Object
2026-04-05 03:35:49,311 [INFO]       ├ System.Char SEPARATOR_AND (off=0) [static]
2026-04-05 03:35:49,311 [INFO]       ├ System.Char SEPARATOR_OR (off=0) [static]
2026-04-05 03:35:49,311 [INFO]       ├ System.Collections.Generic.Dictionary<System.String,Gallop.SkillTriggerCreatorSimulate.TriggerCreateFunc> _triggerCreateFunc (off=0) [static]
2026-04-05 03:35:49,311 [INFO]       ├ Gallop.ISkillTriggerCollection CreateTriggerCollection(2p)
2026-04-05 03:35:49,311 [INFO]       ├ System.Collections.Generic.List<Gallop.ISkillTrigger> _CreateTriggers(2p)
2026-04-05 03:35:49,311 [INFO]       ├ Gallop.ISkillTrigger _CreateTrigger(3p)
2026-04-05 03:35:49,311 [INFO]       ├ System.Collections.Generic.List<Gallop.SkillDefine.SkillTriggerTag> CreateTriggerTagList(1p)
2026-04-05 03:35:49,311 [INFO]       ├ System.Collections.Generic.List<Gallop.SkillDefine.SkillTriggerTag> CreateTriggerTagList(1p)
2026-04-05 03:35:49,311 [INFO]       ├ System.Collections.Generic.List<Gallop.SkillDefine.SkillTriggerTag> CreateTriggerTagListForKeywordSet(1p)
2026-04-05 03:35:49,311 [INFO]       ├ System.Collections.Generic.List<Gallop.SkillDefine.SkillTriggerTag> CreateTriggerTagListForKeyword(1p)
2026-04-05 03:35:49,311 [INFO]       ├ System.Collections.Generic.List<Gallop.SkillTriggerCreatorSimulate.TriggerContext> CreateTriggerContextList(1p)
2026-04-05 03:35:49,311 [INFO]       ├ System.Collections.Generic.List<Gallop.SkillTriggerCreatorSimulate.TriggerContext> CreateTriggerContextListInternal(1p)
2026-04-05 03:35:49,311 [INFO]       ├ System.Boolean Parse2Context(2p)
2026-04-05 03:35:49,311 [INFO]       ├ Gallop.SkillTriggerBase.SkillTriggerOperator Str2Operator(1p)
2026-04-05 03:35:49,311 [INFO]     Gallop.PartsSingleModeChoiceRewardAnotherEventSkillElement : UnityEngine.MonoBehaviour
2026-04-05 03:35:49,311 [INFO]       ├ Gallop.TextCommon _labelText (off=32)
2026-04-05 03:35:49,311 [INFO]       ├ UnityEngine.Transform _skillListTransform (off=40)
2026-04-05 03:35:49,311 [INFO]       ├ UnityEngine.RectTransform _positionOffstRect (off=48)
2026-04-05 03:35:49,311 [INFO]       ├ Gallop.PartsSingleModeChoiceRewardAnotherEventSkillBranch _branchElementBase (off=56)
2026-04-05 03:35:49,311 [INFO]       ├ System.Boolean _hasRewardText (off=64)
2026-04-05 03:35:49,311 [INFO]       ├ System.Boolean _hasSkill (off=65)
2026-04-05 03:35:49,311 [INFO]       ├ Gallop.ISingleModeChoiceRewardInfoAnotherEventSkillElement _viewModel (off=72)
2026-04-05 03:35:49,311 [INFO]       ├ System.Collections.Generic.List<Gallop.PartsSingleModeChoiceRewardAnotherEventSkillBranch> _branchElementList (off=80)
2026-04-05 03:35:49,311 [INFO]       ├ System.Single POSITION_Y_OFFSET (off=0) [static]
2026-04-05 03:35:49,311 [INFO]       ├ System.Void Setup(3p)
2026-04-05 03:35:49,311 [INFO]       ├ System.Void SetupLabelText(0p)
2026-04-05 03:35:49,311 [INFO]       ├ System.Void SetupSkillList(0p)
2026-04-05 03:35:49,311 [INFO]       ├ System.Void SetOffset(0p)
2026-04-05 03:35:49,311 [INFO]       ├ System.Single GetOffsetY(0p)
2026-04-05 03:35:49,311 [INFO]       ├ System.Void UpdateHeight(0p)
2026-04-05 03:35:49,311 [INFO]     SkillTips : System.Object
2026-04-05 03:35:49,311 [INFO]       ├ CodeStage.AntiCheat.ObscuredTypes.ObscuredInt <GroupId>k__BackingField (off=16)
2026-04-05 03:35:49,311 [INFO]       ├ CodeStage.AntiCheat.ObscuredTypes.ObscuredInt <Rarity>k__BackingField (off=36)
2026-04-05 03:35:49,311 [INFO]       ├ CodeStage.AntiCheat.ObscuredTypes.ObscuredInt <Level>k__BackingField (off=56)
2026-04-05 03:35:49,311 [INFO]       ├ System.Int32 LEVEL_MAX (off=0) [static]
2026-04-05 03:35:49,311 [INFO]       ├ System.Int32[] SKILL_TIPS_RATE (off=0) [static]
2026-04-05 03:35:49,311 [INFO]       ├ CodeStage.AntiCheat.ObscuredTypes.ObscuredInt get_GroupId(0p)
2026-04-05 03:35:49,311 [INFO]       ├ System.Void set_GroupId(1p)
2026-04-05 03:35:49,311 [INFO]       ├ CodeStage.AntiCheat.ObscuredTypes.ObscuredInt get_Rarity(0p)
2026-04-05 03:35:49,311 [INFO]       ├ System.Void set_Rarity(1p)
2026-04-05 03:35:49,311 [INFO]       ├ CodeStage.AntiCheat.ObscuredTypes.ObscuredInt get_Level(0p)
2026-04-05 03:35:49,311 [INFO]       ├ System.Void set_Level(1p)
2026-04-05 03:35:49,312 [INFO]       ├ System.Int32 get_Rate(0p)
2026-04-05 03:35:49,312 [INFO]       ├ System.Int32 GetRate(1p)
2026-04-05 03:35:49,312 [INFO]     Gallop.DialogCharacterLimitBreakSkillSimple : Gallop.DialogInnerBase
2026-04-05 03:35:49,312 [INFO]       ├ Gallop.SkillIcon _iconSkill (off=48)
2026-04-05 03:35:49,312 [INFO]       ├ Gallop.TextCommon _textSkillName (off=56)
2026-04-05 03:35:49,312 [INFO]       ├ Gallop.TextCommon _textSkillText (off=64)
2026-04-05 03:35:49,312 [INFO]       ├ Gallop.ImageCommon _bgImage (off=72)
2026-04-05 03:35:49,312 [INFO]       ├ Gallop.ImageCommon _lineImage (off=80)
2026-04-05 03:35:49,312 [INFO]       ├ Gallop.TextCommon _lvText (off=88)
2026-04-05 03:35:49,312 [INFO]       ├ Gallop.TextCommon _uniqSkillInfoText (off=96)
2026-04-05 03:35:49,312 [INFO]       ├ Gallop.ImageCommon _eventLimitedImage (off=104)
2026-04-05 03:35:49,312 [INFO]       ├ Gallop.TextCommon _warnText (off=112)
2026-04-05 03:35:49,312 [INFO]       ├ Gallop.DialogCommonBase.FormType GetFormType(0p)
2026-04-05 03:35:49,312 [INFO]       ├ Gallop.DialogCommon.Data.ObjectParentType GetParentType(0p)
2026-04-05 03:35:49,312 [INFO]       ├ System.Void Open(2p)
2026-04-05 03:35:49,312 [INFO]       ├ System.Void OpenWithSkillId(4p)
2026-04-05 03:35:49,312 [INFO]       ├ System.Void Setup(3p)
2026-04-05 03:35:49,312 [INFO]     Gallop.RaceUISkillInfo : UnityEngine.MonoBehaviour
2026-04-05 03:35:49,312 [INFO]       ├ System.Single FOLLOW_Y_OFFSET (off=0) [static]
2026-04-05 03:35:49,312 [INFO]       ├ System.Single FOLLOW_Z_OFFSET (off=0) [static]
2026-04-05 03:35:49,312 [INFO]       ├ UnityEngine.GameObject _plateTemplate (off=32)
2026-04-05 03:35:49,312 [INFO]       ├ System.Collections.Generic.List<Gallop.RaceUISkillInfoPlate> _plateList (off=40)
2026-04-05 03:35:49,312 [INFO]       ├ UnityEngine.Transform _followTrans (off=48)
2026-04-05 03:35:49,312 [INFO]       ├ UnityEngine.Vector3 _followPosOffset (off=56)
2026-04-05 03:35:49,312 [INFO]       ├ UnityEngine.Camera _uiCamera (off=72)
2026-04-05 03:35:49,312 [INFO]       ├ System.Boolean _isNeedUpdate (off=80)
2026-04-05 03:35:49,312 [INFO]       ├ System.Void Setup(2p)
2026-04-05 03:35:49,312 [INFO]       ├ System.Void Play(2p)
2026-04-05 03:35:49,312 [INFO]       ├ System.Void StopAll(0p)
2026-04-05 03:35:49,312 [INFO]       ├ System.Void AlterLateUpdate(1p)
2026-04-05 03:35:49,312 [INFO]       ├ System.Void UpdateAllPlate(1p)
2026-04-05 03:35:49,312 [INFO]       ├ System.Void UpdateFollow(0p)
2026-04-05 03:35:49,312 [INFO]     Gallop.RaceUISSRSkillActivateFlash : System.Object
2026-04-05 03:35:49,312 [INFO]       ├ System.String LABEL_START (off=0) [static]
2026-04-05 03:35:49,312 [INFO]       ├ System.String MTN_SKILL_TEXT (off=0) [static]
2026-04-05 03:35:49,312 [INFO]       ├ System.String OBJ_LINE_SCALE (off=0) [static]
2026-04-05 03:35:49,312 [INFO]       ├ System.String LABEL_SKILL_ACTIVATE (off=0) [static]
2026-04-05 03:35:49,312 [INFO]       ├ System.String ACTION_START_FADEOUT (off=0) [static]
2026-04-05 03:35:49,312 [INFO]       ├ System.Single STEAM_LANDSCAPE_SCALE (off=0) [static]
2026-04-05 03:35:49,312 [INFO]       ├ Gallop.FlashPlayer _flPlayer (off=16)
2026-04-05 03:35:49,312 [INFO]       ├ System.Void InitFlash(1p)
2026-04-05 03:35:49,312 [INFO]       ├ System.Void Play(1p)
2026-04-05 03:35:49,312 [INFO]       ├ System.Void Stop(0p)
2026-04-05 03:35:49,312 [INFO]       ├ System.Void Pause(0p)
2026-04-05 03:35:49,312 [INFO]       ├ System.Void Resume(0p)
2026-04-05 03:35:49,313 [INFO]       ├ System.Void SetSpeed(1p)
2026-04-05 03:35:49,313 [INFO]       ├ UnityEngine.GameObject GetFlashObj(0p)
2026-04-05 03:35:49,313 [INFO]     Gallop.SkillParamModifierBase : System.Object
2026-04-05 03:35:49,313 [INFO]       ├ System.Single TIME_INFINITE (off=0) [static]
2026-04-05 03:35:49,313 [INFO]       ├ System.Single _time (off=16)
2026-04-05 03:35:49,313 [INFO]       ├ System.Boolean _isOneTime (off=20)
2026-04-05 03:35:49,313 [INFO]       ├ System.Boolean _isTimeInfinite (off=21)
2026-04-05 03:35:49,313 [INFO]       ├ System.Single _value (off=24)
2026-04-05 03:35:49,313 [INFO]       ├ System.Single Apply(1p)
2026-04-05 03:35:49,313 [INFO]       ├ System.Boolean Apply(1p)
2026-04-05 03:35:49,313 [INFO]       ├ System.Boolean Update(1p)
2026-04-05 03:35:49,313 [INFO]       ├ System.Void AddAbilityTime(1p)
2026-04-05 03:35:49,313 [INFO]       ├ System.Boolean Float2Bool(1p)
2026-04-05 03:35:49,313 [INFO]       ├ System.Single Bool2Float(1p)
2026-04-05 03:35:49,313 [INFO]     Gallop.SkillTargetBase : System.Object
2026-04-05 03:35:49,313 [INFO]       ├ Gallop.IHorseRaceInfo _owner (off=16)
2026-04-05 03:35:49,313 [INFO]       ├ Gallop.IRaceHorseAccessor _horseAccessor (off=24)
2026-04-05 03:35:49,313 [INFO]       ├ Gallop.IRaceRandomGenerator _raceRandomGenerator (off=32)
2026-04-05 03:35:49,313 [INFO]       ├ Gallop.RaceInfo _raceInfo (off=40)
2026-04-05 03:35:49,313 [INFO]       ├ System.Int32 _valueRh (off=48)
2026-04-05 03:35:49,313 [INFO]       ├ System.Collections.Generic.List<Gallop.IHorseRaceInfo> _targets (off=56)
2026-04-05 03:35:49,313 [INFO]       ├ System.Boolean _isDebuff (off=64)
2026-04-05 03:35:49,313 [INFO]       ├ System.Void CalcTargets(0p)
2026-04-05 03:35:49,313 [INFO]       ├ System.Void ExceptTarget(0p)
2026-04-05 03:35:49,313 [INFO]       ├ System.Void CalcTargetsDerived(0p)
2026-04-05 03:35:49,313 [INFO]       ├ System.Collections.Generic.List<Gallop.IHorseRaceInfo> GetTargets(0p)
2026-04-05 03:35:49,313 [INFO]       ├ System.Void SetTargets(1p)
2026-04-05 03:35:49,313 [INFO]       ├ System.Void RemoveTargets(1p)
2026-04-05 03:35:49,313 [INFO]       ├ System.Boolean <ExceptTarget>b__9_0(1p)
2026-04-05 03:35:49,313 [INFO]     Gallop.RaceSkillCutInState : System.Object
2026-04-05 03:35:49,313 [INFO]       ├ UnityEngine.Transform _cutInParent (off=16)
2026-04-05 03:35:49,313 [INFO]       ├ Gallop.RaceManagerReplayBase _raceManager (off=24)
2026-04-05 03:35:49,313 [INFO]       ├ Gallop.RaceSkillCutInHelper _cutInHelper (off=32)
2026-04-05 03:35:49,313 [INFO]       ├ Gallop.RaceMainViewController _raceMainView (off=40)
2026-04-05 03:35:49,313 [INFO]       ├ Gallop.IJikkyoAccessor _jikkyoAccessor (off=48)
2026-04-05 03:35:49,313 [INFO]       ├ Gallop.ICourseManager _courseManager (off=56)
2026-04-05 03:35:49,313 [INFO]       ├ Gallop.IRaceView _raceView (off=64)
2026-04-05 03:35:49,313 [INFO]       ├ Gallop.IRaceSkillCutInStateImpl _impl (off=72)
2026-04-05 03:35:49,313 [INFO]       ├ Gallop.IRaceSkillCutInStateImpl CreateImpl(1p)
2026-04-05 03:35:49,313 [INFO]       ├ System.Void Enter(1p)
2026-04-05 03:35:49,313 [INFO]       ├ System.Void Exit(0p)
2026-04-05 03:35:49,313 [INFO]       ├ System.Void FixedUpdate(0p)
2026-04-05 03:35:49,313 [INFO]       ├ System.Boolean Update(1p)
2026-04-05 03:35:49,313 [INFO]       ├ System.Void LateUpdate(0p)
2026-04-05 03:35:49,313 [INFO]     Gallop.SkillIconLongTapInfoPop : Gallop.IconLongTapInfoPopBase`1
2026-04-05 03:35:49,313 [INFO]       ├ System.Int32 DISC_CHAR_NUM (off=0) [static]
2026-04-05 03:35:49,313 [INFO]       ├ Gallop.SkillIcon _tapSkillIcon (off=64)
2026-04-05 03:35:49,313 [INFO]       ├ UnityEngine.RectTransform _panelRoot (off=72)
2026-04-05 03:35:49,313 [INFO]       ├ Gallop.SkillIcon _panelSkillIcon (off=80)
2026-04-05 03:35:49,313 [INFO]       ├ Gallop.TextCommon _skillName (off=88)
2026-04-05 03:35:49,313 [INFO]       ├ UnityEngine.RectTransform _explainRoot (off=96)
2026-04-05 03:35:49,313 [INFO]       ├ Gallop.TextCommon _explainText (off=104)
2026-04-05 03:35:49,313 [INFO]       ├ Gallop.SkillIconLongTapInfoPop.OpenType _openType (off=112)
2026-04-05 03:35:49,313 [INFO]       ├ Gallop.MasterSkillData.SkillData _skillData (off=120)
2026-04-05 03:35:49,313 [INFO]       ├ System.Void Init(1p)
2026-04-05 03:35:49,313 [INFO]       ├ System.Void Setup(3p)
2026-04-05 03:35:49,313 [INFO]       ├ System.Void SetUpExplainWithLevel(1p)
2026-04-05 03:35:49,313 [INFO]       ├ System.Void SetupExplain(1p)
2026-04-05 03:35:49,313 [INFO]     Gallop.RaceSkillCutInStateImplSSR : Gallop.RaceSkillCutInStateImplBase
2026-04-05 03:35:49,313 [INFO]       ├ System.Boolean _isReqFadeIn (off=112)
2026-04-05 03:35:49,313 [INFO]       ├ System.Boolean _isReqPlaySkillNameFlash (off=113)
2026-04-05 03:35:49,313 [INFO]       ├ System.String GetMainCutInName(0p)
2026-04-05 03:35:49,313 [INFO]       ├ System.Void Exit(0p)
2026-04-05 03:35:49,313 [INFO]       ├ System.Void PlayEventCamera(3p)
2026-04-05 03:35:49,313 [INFO]       ├ System.Boolean IsEventCameraPlayable(0p)
2026-04-05 03:35:49,313 [INFO]       ├ System.Void StateMain_Enter(0p)
2026-04-05 03:35:49,313 [INFO]       ├ System.Void StateMain_Update(1p)
2026-04-05 03:35:49,313 [INFO]       ├ System.Void PlaySoundOnDelayStart(0p)
2026-04-05 03:35:49,313 [INFO]       ├ System.Void UpdatePlaySkillFlash(0p)
2026-04-05 03:35:49,313 [INFO]       ├ System.Single GetCutInResumeFrame(0p)
2026-04-05 03:35:49,313 [INFO]       ├ System.Single GetCutInCurrentFrame(0p)
2026-04-05 03:35:49,314 [INFO]       ├ System.Void PlaySystemVoice(0p)
2026-04-05 03:35:49,314 [INFO]     Gallop.SkillTriggerBuildInfo : System.Object
2026-04-05 03:35:49,314 [INFO]       ├ Gallop.IHorseRaceInfo ownerHorse (off=16)
2026-04-05 03:35:49,314 [INFO]       ├ Gallop.IRaceHorseAccessor horseAccessor (off=24)
2026-04-05 03:35:49,314 [INFO]       ├ Gallop.IRaceCourseAttributeAccessor courseAttributeAccessor (off=32)
2026-04-05 03:35:49,314 [INFO]       ├ Gallop.IRaceTimeAccessor timeAccessor (off=40)
2026-04-05 03:35:49,314 [INFO]       ├ Gallop.IRaceRandomGenerator randomGenerator (off=48)
2026-04-05 03:35:49,314 [INFO]       ├ Gallop.RaceInfo raceInfo (off=56)
2026-04-05 03:35:49,314 [INFO]       ├ Gallop.RaceParamDefine.SkillParam SkillParam (off=64)
2026-04-05 03:35:49,314 [INFO]       ├ Gallop.SkillBase ownerSkill (off=72)
2026-04-05 03:35:49,314 [INFO]       ├ Gallop.SkillTriggerBase.SkillTriggerOperator op (off=80)
2026-04-05 03:35:49,314 [INFO]       ├ System.Int32 valueRh (off=84)
2026-04-05 03:35:49,314 [INFO]       ├ System.Collections.Generic.List<Gallop.ISkillTrigger> selfGroup (off=88)
2026-04-05 03:35:49,314 [INFO]     Gallop.SkillViewNull : System.Object
2026-04-05 03:35:49,314 [INFO]       ├ System.Void Update(1p)
2026-04-05 03:35:49,314 [INFO]       ├ System.Void InitSkillEffect(1p)
2026-04-05 03:35:49,314 [INFO]       ├ System.Void InitSkillSE(0p)
2026-04-05 03:35:49,314 [INFO]       ├ System.Void PlaySkillEffect(3p)
2026-04-05 03:35:49,314 [INFO]       ├ System.Void PlaySkillEffect(4p)
2026-04-05 03:35:49,314 [INFO]       ├ System.Void ClearDelayPlayEffect(0p)
2026-04-05 03:35:49,314 [INFO]       ├ System.Void StopEffect(0p)
2026-04-05 03:35:49,314 [INFO]       ├ System.Void PauseEffect(0p)
2026-04-05 03:35:49,314 [INFO]       ├ System.Void ResumeEffect(0p)
2026-04-05 03:35:49,314 [INFO]       ├ System.Void SetEffectSpeed(1p)
2026-04-05 03:35:49,314 [INFO]       ├ System.Void PlaySkillSE(2p)
2026-04-05 03:35:49,314 [INFO]       ├ System.Void StopSE(0p)
2026-04-05 03:35:49,314 [INFO]     Gallop.MasterSkillSet : Gallop.AbstractMasterData
2026-04-05 03:35:49,314 [INFO]       ├ System.String TABLE_NAME (off=0) [static]
2026-04-05 03:35:49,314 [INFO]       ├ Gallop.MasterCardDatabase _db (off=16)
2026-04-05 03:35:49,314 [INFO]       ├ System.Boolean _preloaded (off=24)
2026-04-05 03:35:49,314 [INFO]       ├ System.Collections.Generic.HashSet<System.Int32> _notFounds (off=32)
2026-04-05 03:35:49,314 [INFO]       ├ System.Collections.Generic.Dictionary<System.Int32,Gallop.MasterSkillSet.SkillSet> _lazyPrimaryKeyDictionary (off=40)
2026-04-05 03:35:49,314 [INFO]       ├ System.Collections.Generic.Dictionary<System.Int32,Gallop.MasterSkillSet.SkillSet> get_dictionary(0p)
2026-04-05 03:35:49,314 [INFO]       ├ Gallop.MasterSkillSet.SkillSet Get(1p)
2026-04-05 03:35:49,314 [INFO]       ├ Gallop.MasterSkillSet.SkillSet _SelectOne(1p)
2026-04-05 03:35:49,314 [INFO]       ├ System.Void Unload(0p)
2026-04-05 03:35:49,314 [INFO]       ├ System.Void _ForcePreloadAllEntries(0p)
2026-04-05 03:35:49,314 [INFO]       ├ System.Collections.Generic.List<Gallop.SkillData> GetSkillDataList(1p)
2026-04-05 03:35:49,314 [INFO]     Gallop.PartsCharacterSkillChange : UnityEngine.MonoBehaviour
2026-04-05 03:35:49,314 [INFO]       ├ Gallop.SkillIcon _iconSkillBefore (off=32)
2026-04-05 03:35:49,314 [INFO]       ├ Gallop.TextCommon _textSkillNameBefore (off=40)
2026-04-05 03:35:49,314 [INFO]       ├ Gallop.TextCommon _textSkillTextBefore (off=48)
2026-04-05 03:35:49,314 [INFO]       ├ Gallop.TextCommon _textSkillLevel (off=56)
2026-04-05 03:35:49,314 [INFO]       ├ Gallop.ImageCommon _bgImageCommon (off=64)
2026-04-05 03:35:49,314 [INFO]       ├ Gallop.SkillIcon _iconSkillAfter (off=72)
2026-04-05 03:35:49,314 [INFO]       ├ Gallop.TextCommon _textSkillNameAfter (off=80)
2026-04-05 03:35:49,314 [INFO]       ├ Gallop.TextCommon _textSkillTextAfter (off=88)
2026-04-05 03:35:49,314 [INFO]       ├ Gallop.TextCommon _textSkillLevelAfter (off=96)
2026-04-05 03:35:49,314 [INFO]       ├ Gallop.ImageCommon _bgAfterImageCommon (off=104)
2026-04-05 03:35:49,314 [INFO]       ├ System.Void Setup(2p)
2026-04-05 03:35:49,314 [INFO]     Gallop.SkillAbilityTimeIncrementOrderUp : System.Object
2026-04-05 03:35:49,314 [INFO]       ├ Gallop.IHorseRaceInfo _owner (off=16)
2026-04-05 03:35:49,314 [INFO]       ├ Gallop.RaceParamDefine.SkillParam _skillParam (off=24)
2026-04-05 03:35:49,314 [INFO]       ├ System.Single _abilityTimeByDistanceRate (off=32)
2026-04-05 03:35:49,314 [INFO]       ├ System.Int32 _incrementCount (off=36)
2026-04-05 03:35:49,314 [INFO]       ├ System.Single <AbilityTime>k__BackingField (off=40)
2026-04-05 03:35:49,314 [INFO]       ├ System.Single <AdditionalAbilityTime>k__BackingField (off=44)
2026-04-05 03:35:49,314 [INFO]       ├ System.Single get_AbilityTime(0p)
2026-04-05 03:35:49,314 [INFO]       ├ System.Single get_AdditionalAbilityTime(0p)
2026-04-05 03:35:49,314 [INFO]       ├ System.Void set_AdditionalAbilityTime(1p)
2026-04-05 03:35:49,314 [INFO]       ├ System.Void Init(0p)
2026-04-05 03:35:49,314 [INFO]       ├ System.Void UpdateAbilityTime(0p)
2026-04-05 03:35:49,314 [INFO]     Gallop.ISkillView
2026-04-05 03:35:49,314 [INFO]       ├ System.Void Update(1p)
2026-04-05 03:35:49,314 [INFO]       ├ System.Void InitSkillEffect(1p)
2026-04-05 03:35:49,314 [INFO]       ├ System.Void PlaySkillEffect(3p)
2026-04-05 03:35:49,314 [INFO]       ├ System.Void PlaySkillEffect(4p)
2026-04-05 03:35:49,314 [INFO]       ├ System.Void ClearDelayPlayEffect(0p)
2026-04-05 03:35:49,314 [INFO]       ├ System.Void StopEffect(0p)
2026-04-05 03:35:49,314 [INFO]       ├ System.Void PauseEffect(0p)
2026-04-05 03:35:49,314 [INFO]       ├ System.Void ResumeEffect(0p)
2026-04-05 03:35:49,314 [INFO]       ├ System.Void SetEffectSpeed(1p)
2026-04-05 03:35:49,314 [INFO]       ├ System.Void InitSkillSE(0p)
2026-04-05 03:35:49,314 [INFO]       ├ System.Void PlaySkillSE(2p)
2026-04-05 03:35:49,314 [INFO]       ├ System.Void StopSE(0p)
2026-04-05 03:35:49,314 [INFO]     Gallop.SingleModeMainViewSkillPointPanel : UnityEngine.MonoBehaviour
2026-04-05 03:35:49,315 [INFO]       ├ Gallop.TextCommon _value (off=32)
2026-04-05 03:35:49,315 [INFO]       ├ UnityEngine.CanvasGroup _valueCanvasGroup (off=40)
2026-04-05 03:35:49,315 [INFO]       ├ UnityEngine.Transform _imageNumberRoot (off=48)
2026-04-05 03:35:49,315 [INFO]       ├ Gallop.PartsSingleModeImageNumber _imageNumber (off=56)
2026-04-05 03:35:49,315 [INFO]       ├ UnityEngine.GameObject _maxIcon (off=64)
2026-04-05 03:35:49,315 [INFO]       ├ Gallop.TweenAnimationTimelineComponent _maxTweenAnimation (off=72)
2026-04-05 03:35:49,315 [INFO]       ├ System.Boolean _isMax (off=80)
2026-04-05 03:35:49,315 [INFO]       ├ System.Void SetSkillPoint(1p)
2026-04-05 03:35:49,315 [INFO]       ├ System.Void SetupImageNumber(0p)
2026-04-05 03:35:49,315 [INFO]       ├ System.Void SetChangeValue(3p)
2026-04-05 03:35:49,315 [INFO]       ├ System.Void OnExitTrainingSelect(0p)
2026-04-05 03:35:49,315 [INFO]     Gallop.MasterSkillRarity : Gallop.AbstractMasterData
2026-04-05 03:35:49,315 [INFO]       ├ System.String TABLE_NAME (off=0) [static]
2026-04-05 03:35:49,315 [INFO]       ├ Gallop.MasterCardDatabase _db (off=16)
2026-04-05 03:35:49,315 [INFO]       ├ System.Boolean _preloaded (off=24)
2026-04-05 03:35:49,315 [INFO]       ├ System.Collections.Generic.HashSet<System.Int32> _notFounds (off=32)
2026-04-05 03:35:49,315 [INFO]       ├ System.Collections.Generic.Dictionary<System.Int32,Gallop.MasterSkillRarity.SkillRarity> _lazyPrimaryKeyDictionary (off=40)
2026-04-05 03:35:49,315 [INFO]       ├ System.Collections.Generic.Dictionary<System.Int32,Gallop.MasterSkillRarity.SkillRarity> get_dictionary(0p)
2026-04-05 03:35:49,315 [INFO]       ├ Gallop.MasterSkillRarity.SkillRarity Get(1p)
2026-04-05 03:35:49,315 [INFO]       ├ Gallop.MasterSkillRarity.SkillRarity _SelectOne(1p)
2026-04-05 03:35:49,315 [INFO]       ├ System.Void Unload(0p)
2026-04-05 03:35:49,315 [INFO]       ├ System.Void _ForcePreloadAllEntries(0p)
2026-04-05 03:35:49,315 [INFO]     Gallop.PartsTeamBuildingCollectionSkillGroupListItem : Gallop.LoopScrollItemBase
2026-04-05 03:35:49,315 [INFO]       ├ Gallop.ButtonCommon _button (off=56)
2026-04-05 03:35:49,315 [INFO]       ├ Gallop.CharacterButton _charaButtonBase (off=64)
2026-04-05 03:35:49,315 [INFO]       ├ UnityEngine.GameObject _organizedLabelBase (off=72)
2026-04-05 03:35:49,315 [INFO]       ├ Gallop.SkillIcon _skillIcon (off=80)
2026-04-05 03:35:49,315 [INFO]       ├ Gallop.TextCommon _skillName (off=88)
2026-04-05 03:35:49,315 [INFO]       ├ UnityEngine.GameObject _registeredLabel (off=96)
2026-04-05 03:35:49,315 [INFO]       ├ System.Collections.Generic.List<Gallop.CharacterButton> _charaButtonList (off=104)
2026-04-05 03:35:49,315 [INFO]       ├ Gallop.WorkTeamBuildingData get_workTeamBuildingData(0p)
2026-04-05 03:35:49,315 [INFO]       ├ System.Void UpdateItem(1p)
2026-04-05 03:35:49,315 [INFO]       ├ System.Void SetupCharaIcon(4p)
2026-04-05 03:35:49,315 [INFO]     Gallop.RaceUISkillInfoController : System.Object
2026-04-05 03:35:49,315 [INFO]       ├ System.Int32 PLATE_NUM_DEFAULT (off=0) [static]
2026-04-05 03:35:49,315 [INFO]       ├ Gallop.RaceUISkillInfo[] _skillInfoArray (off=16)
2026-04-05 03:35:49,315 [INFO]       ├ System.Boolean _isVisible (off=24)
2026-04-05 03:35:49,315 [INFO]       ├ System.Void Setup(4p)
2026-04-05 03:35:49,315 [INFO]       ├ System.Void LateUpdate(1p)
2026-04-05 03:35:49,315 [INFO]       ├ System.Void Play(3p)
2026-04-05 03:35:49,315 [INFO]       ├ System.Void Stop(1p)
2026-04-05 03:35:49,315 [INFO]       ├ System.Void StopAll(0p)
2026-04-05 03:35:49,315 [INFO]       ├ System.Void SetVisible(1p)
2026-04-05 03:35:49,315 [INFO]       ├ System.Boolean IsVisible(0p)
2026-04-05 03:35:49,315 [INFO]     Gallop.SkillBuildInfo : System.ValueType
2026-04-05 03:35:49,315 [INFO]       ├ Gallop.MasterSkillData.SkillData masterSkill (off=16)
2026-04-05 03:35:49,315 [INFO]       ├ System.Int32 Level (off=24)
2026-04-05 03:35:49,315 [INFO]       ├ Gallop.IHorseRaceInfo ownerInfo (off=32)
2026-04-05 03:35:49,315 [INFO]       ├ Gallop.IRaceHorseAccessor horseAccessor (off=40)
2026-04-05 03:35:49,315 [INFO]       ├ Gallop.IRaceCourseAttributeAccessor courseAttributeAccessor (off=48)
2026-04-05 03:35:49,315 [INFO]       ├ Gallop.IRaceTimeAccessor timeAccessor (off=56)
2026-04-05 03:35:49,315 [INFO]       ├ Gallop.IRaceRandomGenerator randomGenerator (off=64)
2026-04-05 03:35:49,315 [INFO]       ├ Gallop.IRaceEventRecorder SkillEventRecorder (off=72)
2026-04-05 03:35:49,315 [INFO]       ├ Gallop.RaceInfo raceInfo (off=80)
2026-04-05 03:35:49,315 [INFO]       ├ Gallop.RaceParamDefine.SkillParam SkillParam (off=88)
2026-04-05 03:35:49,315 [INFO]     Gallop.SkillTriggerDistanceBase : Gallop.SkillTriggerBase
2026-04-05 03:35:49,315 [INFO]       ├ System.Single DISTANCE_RANGE (off=0) [static]
2026-04-05 03:35:49,315 [INFO]       ├ System.Single _distanceMin (off=104)
2026-04-05 03:35:49,315 [INFO]       ├ System.Single _distanceMax (off=108)
2026-04-05 03:35:49,315 [INFO]       ├ System.Boolean _isInitialized (off=112)
2026-04-05 03:35:49,315 [INFO]       ├ System.Boolean _hasDistance (off=113)
2026-04-05 03:35:49,315 [INFO]       ├ System.Void _InitDistance(0p)
2026-04-05 03:35:49,315 [INFO]       ├ System.Single _GetDistance(0p)
2026-04-05 03:35:49,315 [INFO]       ├ System.Void LotTriggerStartDistance(2p)
2026-04-05 03:35:49,315 [INFO]       ├ System.Boolean CheckActivate(0p)
2026-04-05 03:35:49,315 [INFO]       ├ Gallop.SkillDefine.SkillTriggerCategory get_Category(0p)
2026-04-05 03:35:49,315 [INFO]     Gallop.SkillModifierReceiver : System.Object
2026-04-05 03:35:49,315 [INFO]       ├ System.Collections.Generic.Dictionary<Gallop.SkillDefine.SkillModifierParam,System.Collections.Generic.List<Gallop.ISkillParamModifier>> _modifier (off=16)
2026-04-05 03:35:49,315 [INFO]       ├ System.Collections.Generic.Dictionary<Gallop.SkillDefine.SkillModifierParam,System.Collections.Generic.List<Gallop.ISkillParamModifier>> _oneTimeSkillModifier (off=24)
2026-04-05 03:35:49,315 [INFO]       ├ System.Void UpdateModifiers(1p)
2026-04-05 03:35:49,315 [INFO]       ├ System.Void AddModifier(2p)
2026-04-05 03:35:49,315 [INFO]       ├ System.Void AddOneTimeSkillModifier(2p)
2026-04-05 03:35:49,315 [INFO]       ├ System.Boolean HasModifier(1p)
2026-04-05 03:35:49,315 [INFO]       ├ System.Single ApplyModifier(2p)
2026-04-05 03:35:49,315 [INFO]       ├ System.Boolean ApplyModifier(2p)
2026-04-05 03:35:49,315 [INFO]       ├ System.Single ApplyOneTimeSkillModifier(2p)
2026-04-05 03:35:49,315 [INFO]       ├ System.Void RemoveModifier(1p)
2026-04-05 03:35:49,315 [INFO]     Gallop.DialogSingleModeSuccessionSkillList : Gallop.DialogInnerBase
2026-04-05 03:35:49,315 [INFO]       ├ UnityEngine.Transform _skillRoot (off=48)
2026-04-05 03:35:49,315 [INFO]       ├ Gallop.PartsSingleModeSkillListItem _skillListItem (off=56)
2026-04-05 03:35:49,315 [INFO]       ├ Gallop.TextCommon _emptyText (off=64)
2026-04-05 03:35:49,316 [INFO]       ├ Gallop.TextCommon _descriptionLabel (off=72)
2026-04-05 03:35:49,316 [INFO]       ├ UnityEngine.GameObject _scrollViewBase (off=80)
2026-04-05 03:35:49,316 [INFO]       ├ Gallop.DialogCommonBase.FormType GetFormType(0p)
2026-04-05 03:35:49,316 [INFO]       ├ Gallop.DialogCommon.Data.ObjectParentType GetParentType(0p)
2026-04-05 03:35:49,316 [INFO]       ├ System.Void Open(3p)
2026-04-05 03:35:49,316 [INFO]       ├ System.Void Setup(3p)
2026-04-05 03:35:49,316 [INFO]       ├ System.Void SetupSkill(2p)
2026-04-05 03:35:49,316 [INFO]     Gallop.PartsSingleModeScenarioFreeShopUseItemConfirmSkillHint : Gallop.PartsSingleModeScenarioFreeShopUseItemConfirmBase
2026-04-05 03:35:49,316 [INFO]       ├ Gallop.SkillIcon _skillIcon (off=32)
2026-04-05 03:35:49,316 [INFO]       ├ Gallop.TextCommon _skillNameText (off=40)
2026-04-05 03:35:49,316 [INFO]       ├ Gallop.TextCommon _currentSkillHintLvText (off=48)
2026-04-05 03:35:49,316 [INFO]       ├ Gallop.TextCommon _previewSkillHintLvText (off=56)
2026-04-05 03:35:49,316 [INFO]       ├ Gallop.PartsSingleModeScenarioFreeShopUseItemConfirmSkillHintModel _model (off=64)
2026-04-05 03:35:49,316 [INFO]       ├ Gallop.PartsSingleModeScenarioFreeShopUseItemConfirmSkillHint Create(3p)
2026-04-05 03:35:49,316 [INFO]       ├ System.Void Setup(1p)
2026-04-05 03:35:49,316 [INFO]       ├ System.Void SetupSkillInfo(0p)
2026-04-05 03:35:49,316 [INFO]       ├ System.Void SetupCurrentSkillLevel(0p)
2026-04-05 03:35:49,316 [INFO]       ├ System.Void SetupPreviewSkillLevel(1p)
2026-04-05 03:35:49,316 [INFO]     <OnEndSkillCutin>d__110 : System.Object
2026-04-05 03:35:49,316 [INFO]       ├ System.Int32 <>1__state (off=16)
2026-04-05 03:35:49,316 [INFO]       ├ System.Object <>2__current (off=24)
2026-04-05 03:35:49,316 [INFO]       ├ Gallop.SingleModeScenarioTeamRaceRaceListViewController <>4__this (off=32)
2026-04-05 03:35:49,316 [INFO]       ├ System.Int32 round (off=40)
2026-04-05 03:35:49,316 [INFO]       ├ System.Single <waitDuration>5__2 (off=44)
2026-04-05 03:35:49,316 [INFO]       ├ System.Void System.IDisposable.Dispose(0p)
2026-04-05 03:35:49,316 [INFO]       ├ System.Boolean MoveNext(0p)
2026-04-05 03:35:49,316 [INFO]       ├ System.Object System.Collections.Generic.IEnumerator<System.Object>.get_Current(0p)
2026-04-05 03:35:49,316 [INFO]       ├ System.Void System.Collections.IEnumerator.Reset(0p)
2026-04-05 03:35:49,316 [INFO]       ├ System.Object System.Collections.IEnumerator.get_Current(0p)
2026-04-05 03:35:49,316 [INFO]     <CoroutineSkillGetChangeView>d__40 : System.Object
2026-04-05 03:35:49,316 [INFO]       ├ System.Int32 <>1__state (off=16)
2026-04-05 03:35:49,316 [INFO]       ├ System.Object <>2__current (off=24)
2026-04-05 03:35:49,316 [INFO]       ├ Gallop.SingleModeSkillLearningViewController <>4__this (off=32)
2026-04-05 03:35:49,316 [INFO]       ├ System.Collections.Generic.List<Gallop.GainSkillInfo> gainSkillList (off=40)
2026-04-05 03:35:49,316 [INFO]       ├ Gallop.SingleModeSkillLearningViewController.<>c__DisplayClass40_0 <>8__1 (off=48)
2026-04-05 03:35:49,316 [INFO]       ├ System.Void System.IDisposable.Dispose(0p)
2026-04-05 03:35:49,316 [INFO]       ├ System.Boolean MoveNext(0p)
2026-04-05 03:35:49,316 [INFO]       ├ System.Object System.Collections.Generic.IEnumerator<System.Object>.get_Current(0p)
2026-04-05 03:35:49,316 [INFO]       ├ System.Void System.Collections.IEnumerator.Reset(0p)
2026-04-05 03:35:49,316 [INFO]       ├ System.Object System.Collections.IEnumerator.get_Current(0p)
2026-04-05 03:35:49,316 [INFO]     SkillDataBase : System.Object
2026-04-05 03:35:49,316 [INFO]       ├ CodeStage.AntiCheat.ObscuredTypes.ObscuredInt _masterId (off=16)
2026-04-05 03:35:49,316 [INFO]       ├ CodeStage.AntiCheat.ObscuredTypes.ObscuredInt _level (off=36)
2026-04-05 03:35:49,316 [INFO]       ├ Gallop.MasterSkillData.SkillData _master (off=56)
2026-04-05 03:35:49,316 [INFO]       ├ System.Int32 get_MasterId(0p)
2026-04-05 03:35:49,316 [INFO]       ├ System.Int32 get_Level(0p)
2026-04-05 03:35:49,316 [INFO]       ├ Gallop.MasterSkillData.SkillData get_MasterData(0p)
2026-04-05 03:35:49,316 [INFO]       ├ System.Void Validate(0p)
2026-04-05 03:35:49,316 [INFO]     Gallop.GachaCutInR3SkillCutIn : Gallop.GachaCutInCharaBase
2026-04-05 03:35:49,316 [INFO]       ├ System.String FLASH_NAME (off=0) [static]
2026-04-05 03:35:49,316 [INFO]       ├ Gallop.GachaFlashCharaNamePlate _namePlate (off=56)
2026-04-05 03:35:49,316 [INFO]       ├ Cute.Cri.AudioPlayback _se (off=64)
2026-04-05 03:35:49,316 [INFO]       ├ System.Void RegisterDownload(1p)
2026-04-05 03:35:49,316 [INFO]       ├ System.Void Play(0p)
2026-04-05 03:35:49,316 [INFO]       ├ System.Void SetupRuntimeFade(1p)
2026-04-05 03:35:49,316 [INFO]       ├ System.Void OnEnd(0p)
2026-04-05 03:35:49,316 [INFO]       ├ System.Void OnSkip(0p)
2026-04-05 03:35:49,316 [INFO]       ├ System.Boolean IsEnableTapSkip(0p)
2026-04-05 03:35:49,316 [INFO]     Gallop.SkillAbilityNull : System.Object
2026-04-05 03:35:49,316 [INFO]       ├ Gallop.SkillDefine.SkillAbilityType get_AbilityType(0p)
2026-04-05 03:35:49,316 [INFO]       ├ Gallop.SkillDefine.SkillAbilityValueUsage get_AbilityValueUsage(0p)
2026-04-05 03:35:49,316 [INFO]       ├ Gallop.SkillDefine.SkillAbilityValueLevelUsage get_AbilityValueLevelUsage(0p)
2026-04-05 03:35:49,316 [INFO]       ├ System.Single get_AbilityValueOnActivate(0p)
2026-04-05 03:35:49,316 [INFO]       ├ System.Collections.Generic.List<Gallop.IHorseRaceInfo> get_AbilityTargets(0p)
2026-04-05 03:35:49,316 [INFO]       ├ System.Boolean IsAdditionalActivate(0p)
2026-04-05 03:35:49,316 [INFO]       ├ System.Void AddAbilityTime(1p)
2026-04-05 03:35:49,316 [INFO]       ├ System.Void Activate(1p)
2026-04-05 03:35:49,316 [INFO]       ├ System.Void Stop(0p)
2026-04-05 03:35:49,316 [INFO]     Gallop.SkillAbilityTimeMultiplyBaseStaticFloat : System.Object
2026-04-05 03:35:49,316 [INFO]       ├ Gallop.IHorseRaceInfo _owner (off=16)
2026-04-05 03:35:49,316 [INFO]       ├ System.Single _abilityTimeBase (off=24)
2026-04-05 03:35:49,316 [INFO]       ├ System.Single <AbilityTime>k__BackingField (off=28)
2026-04-05 03:35:49,316 [INFO]       ├ System.Single get_AbilityTime(0p)
2026-04-05 03:35:49,316 [INFO]       ├ System.Void set_AbilityTime(1p)
2026-04-05 03:35:49,316 [INFO]       ├ System.Single get_AdditionalAbilityTime(0p)
2026-04-05 03:35:49,317 [INFO]       ├ System.Void Init(0p)
2026-04-05 03:35:49,317 [INFO]       ├ System.Void UpdateAbilityTime(0p)
2026-04-05 03:35:49,317 [INFO]       ├ System.Single GetMultiply(0p)
2026-04-05 03:35:49,317 [INFO]     Gallop.SkillDefine : System.Object
2026-04-05 03:35:49,317 [INFO]       ├ System.String SKILL_TRIGGER_KEYWORD_ALWAYS (off=0) [static]
2026-04-05 03:35:49,317 [INFO]       ├ System.String SKILL_TRIGGER_KEYWORD_RUNNING_STYLE (off=0) [static]
2026-04-05 03:35:49,317 [INFO]       ├ System.String SKILL_TRIGGER_KEYWORD_DISTANCE_TYPE (off=0) [static]
2026-04-05 03:35:49,317 [INFO]       ├ System.Single SKILL_CONTINUE_TIME_ACCURACY (off=0) [static]
2026-04-05 03:35:49,317 [INFO]       ├ System.Int32 SKILL_LEVEL_MIN (off=0) [static]
2026-04-05 03:35:49,317 [INFO]       ├ System.Int32 SKILL_TIME_ALWAYS_ACTIVATE (off=0) [static]
2026-04-05 03:35:49,317 [INFO]       ├ System.Int32 SKILLCATEGORY_NUM (off=0) [static]
2026-04-05 03:35:49,317 [INFO]       ├ System.Int32[] ORDER_IN_PER (off=0) [static]
2026-04-05 03:35:49,317 [INFO]       ├ System.Int32[] ORDER_OUT_PER (off=8) [static]
2026-04-05 03:35:49,317 [INFO]     Gallop.SkillManagerSimulate : Gallop.SkillManager
2026-04-05 03:35:49,317 [INFO]       ├ System.Collections.Generic.List<Gallop.ISkillDetail> _activateSkills (off=64)
2026-04-05 03:35:49,317 [INFO]       ├ Gallop.ISkillTriggerCreator _CreateTriggerCreate(0p)
2026-04-05 03:35:49,317 [INFO]       ├ Gallop.ISkillView CreateSkillView(0p)
2026-04-05 03:35:49,317 [INFO]       ├ System.Void Update(1p)
2026-04-05 03:35:49,317 [INFO]       ├ System.Void LotActivateSkill(0p)
2026-04-05 03:35:49,317 [INFO]       ├ System.Void CheckSkillTriggerAndActivate(0p)
2026-04-05 03:35:49,317 [INFO]       ├ System.Void AddCurrentActiveSkill(1p)
2026-04-05 03:35:49,317 [INFO]       ├ System.Void RemoveCurrentActiveSkill(1p)
2026-04-05 03:35:49,317 [INFO]       ├ System.Collections.Generic.List<Gallop.ISkillDetail> GetCurrentActiveSkill(0p)
2026-04-05 03:35:49,317 [INFO]     Gallop.SkillTriggerDistanceSetBase : Gallop.SkillTriggerBase
2026-04-05 03:35:49,317 [INFO]       ├ System.Single DISTANCE_RANGE (off=0) [static]
2026-04-05 03:35:49,317 [INFO]       ├ System.Collections.Generic.List<Gallop.SkillTriggerDistanceSetBase.DistanceSet> _distanceSetList (off=104)
2026-04-05 03:35:49,317 [INFO]       ├ System.Boolean _isInitialized (off=112)
2026-04-05 03:35:49,317 [INFO]       ├ System.Boolean get_HasDistance(0p)
2026-04-05 03:35:49,317 [INFO]       ├ System.Void InitDistance(0p)
2026-04-05 03:35:49,317 [INFO]       ├ System.Single _GetDistance(0p)
2026-04-05 03:35:49,317 [INFO]       ├ System.Void LotAndAddTriggerStartDistance(4p)
2026-04-05 03:35:49,317 [INFO]       ├ System.Boolean CheckActivate(0p)
2026-04-05 03:35:49,317 [INFO]       ├ Gallop.SkillDefine.SkillTriggerCategory get_Category(0p)
2026-04-05 03:35:49,317 [INFO]     Gallop.SkillTriggerFinalCornerLaterHalf : Gallop.SkillTriggerParamBase
2026-04-05 03:35:49,317 [INFO]       ├ System.Boolean _isInitialized (off=104)
2026-04-05 03:35:49,317 [INFO]       ├ System.Boolean _isExistFinalCorner (off=105)
2026-04-05 03:35:49,317 [INFO]       ├ System.Single _distanceMin (off=108)
2026-04-05 03:35:49,317 [INFO]       ├ System.Single _distanceMax (off=112)
2026-04-05 03:35:49,317 [INFO]       ├ System.Boolean CheckActivate(0p)
2026-04-05 03:35:49,317 [INFO]       ├ System.Int32 GetValueLh(0p)
2026-04-05 03:35:49,317 [INFO]       ├ System.Void InitDistance(0p)
2026-04-05 03:35:49,317 [INFO]       ├ System.Void Update(1p)
2026-04-05 03:35:49,317 [INFO]       ├ Gallop.SkillDefine.SkillTriggerTag GetTag(0p)
2026-04-05 03:35:49,317 [INFO]     Gallop.PartsSingleModeSkillList : UnityEngine.MonoBehaviour
2026-04-05 03:35:49,317 [INFO]       ├ UnityEngine.GameObject _skillEmptyTextObject (off=32)
2026-04-05 03:35:49,317 [INFO]       ├ Gallop.LoopScroll _loopScroll (off=40)
2026-04-05 03:35:49,317 [INFO]       ├ Gallop.PartsSingleModeSkillList.SetupParameter _setupParameter (off=48)
2026-04-05 03:35:49,317 [INFO]       ├ Gallop.PartsSingleModeSkillList.SetupParameter CreateSetupParameter(1p)
2026-04-05 03:35:49,317 [INFO]       ├ Gallop.PartsSingleModeSkillList.SetupParameter CreateSetupParameterAtDetail(2p)
2026-04-05 03:35:49,317 [INFO]       ├ Gallop.PartsSingleModeSkillList.SetupParameter CreateSetupParameterAtDetail(2p)
2026-04-05 03:35:49,317 [INFO]       ├ Gallop.PartsSingleModeSkillList.SetupParameter CreateSetupParameterAtDetail(1p)
2026-04-05 03:35:49,317 [INFO]       ├ System.Void Setup(2p)
2026-04-05 03:35:49,317 [INFO]       ├ System.Void SetupSkillList(1p)
2026-04-05 03:35:49,317 [INFO]     Gallop.PartsSingleModeChoiceRewardAnotherEventSkillBranch : UnityEngine.MonoBehaviour
2026-04-05 03:35:49,317 [INFO]       ├ UnityEngine.RectTransform _contentsRootRect (off=32)
2026-04-05 03:35:49,317 [INFO]       ├ UnityEngine.GameObject _labelRoot (off=40)
2026-04-05 03:35:49,317 [INFO]       ├ Gallop.TextCommon _labelText (off=48)
2026-04-05 03:35:49,317 [INFO]       ├ Gallop.PartsSingleModeSkillListItem _skillItem (off=56)
2026-04-05 03:35:49,317 [INFO]       ├ Gallop.ISingleModeChoiceRewardInfoAnotherEventSkillElement _viewModel (off=64)
2026-04-05 03:35:49,317 [INFO]       ├ System.Void Setup(2p)
2026-04-05 03:35:49,317 [INFO]       ├ System.Void SetupLabel(1p)
2026-04-05 03:35:49,317 [INFO]       ├ System.Void SetupSkill(1p)
2026-04-05 03:35:49,317 [INFO]       ├ System.Void UpdateHeight(0p)
2026-04-05 03:35:49,317 [INFO]     SkillInfo : System.Object
2026-04-05 03:35:49,317 [INFO]       ├ System.Collections.Generic.List<Gallop.PartsSingleModeSkillLearningListItem.Info> _skillList (off=16)
2026-04-05 03:35:49,317 [INFO]       ├ System.Collections.Generic.List<Gallop.PartsSingleModeSkillLearningListItem.Info> get_SkillList(0p)
2026-04-05 03:35:49,317 [INFO]       ├ System.Void AddInfo(2p)
2026-04-05 03:35:49,317 [INFO]       ├ System.Boolean IsSelected(0p)
2026-04-05 03:35:49,317 [INFO]       ├ System.Boolean IsSelectedOrLevelChange(0p)
2026-04-05 03:35:49,317 [INFO]       ├ System.Void ClearSelected(0p)
2026-04-05 03:35:49,317 [INFO]       ├ System.Int32 GetNeedSkillPoint(0p)
2026-04-05 03:35:49,317 [INFO]       ├ System.Boolean IsEnableDecide(0p)
2026-04-05 03:35:49,317 [INFO]       ├ System.Int32 GetDispOrder(0p)
2026-04-05 03:35:49,317 [INFO]     <PlaySkillListOutAnimation>d__24 : System.Object
2026-04-05 03:35:49,317 [INFO]       ├ System.Int32 <>1__state (off=16)
2026-04-05 03:35:49,317 [INFO]       ├ System.Object <>2__current (off=24)
2026-04-05 03:35:49,317 [INFO]       ├ Gallop.TeamBuildingCollectionViewController <>4__this (off=32)
2026-04-05 03:35:49,317 [INFO]       ├ Gallop.TeamBuildingCollectionViewController.<>c__DisplayClass24_0 <>8__1 (off=40)
2026-04-05 03:35:49,317 [INFO]       ├ System.Void System.IDisposable.Dispose(0p)
2026-04-05 03:35:49,317 [INFO]       ├ System.Boolean MoveNext(0p)
2026-04-05 03:35:49,318 [INFO]       ├ System.Object System.Collections.Generic.IEnumerator<System.Object>.get_Current(0p)
2026-04-05 03:35:49,318 [INFO]       ├ System.Void System.Collections.IEnumerator.Reset(0p)
2026-04-05 03:35:49,318 [INFO]       ├ System.Object System.Collections.IEnumerator.get_Current(0p)
2026-04-05 03:35:49,318 [INFO]     SkillCutSettings : CutMetaData
2026-04-05 03:35:49,318 [INFO]       ├ System.Int32 GACHA_SCENE_ID (off=0) [static]
2026-04-05 03:35:49,318 [INFO]       ├ System.Int32 VS_SCENE_ID (off=0) [static]
2026-04-05 03:35:49,318 [INFO]       ├ System.Int32 MINICHARA_SCENE_ID (off=0) [static]
2026-04-05 03:35:49,318 [INFO]       ├ System.Int32 LIMITBREAK_SCENE_ID (off=0) [static]
2026-04-05 03:35:49,318 [INFO]       ├ System.Int32 INVALID_SCENE_ID (off=0) [static]
2026-04-05 03:35:49,318 [INFO]       ├ System.Int32 INVALID_CUT_ID (off=0) [static]
2026-04-05 03:35:49,318 [INFO]       ├ Gallop.CutIn.Cutt.CutInTimelineData.SkillCutSettings.SkillCutCharaTypeRule CharaTypeRule (off=16)
2026-04-05 03:35:49,318 [INFO]       ├ System.Int32 CutId (off=20)
2026-04-05 03:35:49,318 [INFO]       ├ System.Int32 get_SceneId(0p)
2026-04-05 03:35:49,318 [INFO]     Gallop.PartsCharacterSkillListVertical : UnityEngine.MonoBehaviour
2026-04-05 03:35:49,318 [INFO]       ├ Gallop.PartsCharacterSkillListVerticalItem _skillItem (off=32)
2026-04-05 03:35:49,318 [INFO]       ├ UnityEngine.GameObject _nonDataText (off=40)
2026-04-05 03:35:49,318 [INFO]       ├ UnityEngine.RectTransform _verticalLayoutRectTransform (off=48)
2026-04-05 03:35:49,318 [INFO]       ├ System.Collections.Generic.List<UnityEngine.GameObject> _skillItemObjList (off=56)
2026-04-05 03:35:49,318 [INFO]       ├ System.Void SetData(1p)
2026-04-05 03:35:49,318 [INFO]       ├ System.Void Clean(0p)
2026-04-05 03:35:49,318 [INFO]       ├ System.Void CreateAcquiredSkillItem(1p)
2026-04-05 03:35:49,318 [INFO]       ├ Gallop.PartsCharacterSkillListVerticalItem.Info CreateSkillItemInfo(1p)
2026-04-05 03:35:49,318 [INFO]     <PlaySkillCutInForSkip>d__71 : System.Object
2026-04-05 03:35:49,318 [INFO]       ├ System.Int32 <>1__state (off=16)
2026-04-05 03:35:49,318 [INFO]       ├ System.Object <>2__current (off=24)
2026-04-05 03:35:49,318 [INFO]       ├ Gallop.LimitBreakCut <>4__this (off=32)
2026-04-05 03:35:49,318 [INFO]       ├ System.Void System.IDisposable.Dispose(0p)
2026-04-05 03:35:49,318 [INFO]       ├ System.Boolean MoveNext(0p)
2026-04-05 03:35:49,318 [INFO]       ├ System.Object System.Collections.Generic.IEnumerator<System.Object>.get_Current(0p)
2026-04-05 03:35:49,318 [INFO]       ├ System.Void System.Collections.IEnumerator.Reset(0p)
2026-04-05 03:35:49,318 [INFO]       ├ System.Object System.Collections.IEnumerator.get_Current(0p)
2026-04-05 03:35:49,318 [INFO]     <SkipSkillCutInWithWaitingReadyToPlay>d__72 : System.Object
2026-04-05 03:35:49,318 [INFO]       ├ System.Int32 <>1__state (off=16)
2026-04-05 03:35:49,318 [INFO]       ├ System.Object <>2__current (off=24)
2026-04-05 03:35:49,318 [INFO]       ├ Gallop.LimitBreakCut <>4__this (off=32)
2026-04-05 03:35:49,318 [INFO]       ├ System.Void System.IDisposable.Dispose(0p)
2026-04-05 03:35:49,318 [INFO]       ├ System.Boolean MoveNext(0p)
2026-04-05 03:35:49,318 [INFO]       ├ System.Object System.Collections.Generic.IEnumerator<System.Object>.get_Current(0p)
2026-04-05 03:35:49,318 [INFO]       ├ System.Void System.Collections.IEnumerator.Reset(0p)
2026-04-05 03:35:49,318 [INFO]       ├ System.Object System.Collections.IEnumerator.get_Current(0p)
2026-04-05 03:35:49,318 [INFO]     Gallop.ISkillAbility
2026-04-05 03:35:49,318 [INFO]       ├ Gallop.SkillDefine.SkillAbilityType get_AbilityType(0p)
2026-04-05 03:35:49,318 [INFO]       ├ Gallop.SkillDefine.SkillAbilityValueUsage get_AbilityValueUsage(0p)
2026-04-05 03:35:49,318 [INFO]       ├ Gallop.SkillDefine.SkillAbilityValueLevelUsage get_AbilityValueLevelUsage(0p)
2026-04-05 03:35:49,318 [INFO]       ├ System.Single get_AbilityValueOnActivate(0p)
2026-04-05 03:35:49,318 [INFO]       ├ System.Collections.Generic.List<Gallop.IHorseRaceInfo> get_AbilityTargets(0p)
2026-04-05 03:35:49,318 [INFO]       ├ System.Boolean IsAdditionalActivate(0p)
2026-04-05 03:35:49,318 [INFO]       ├ System.Void AddAbilityTime(1p)
2026-04-05 03:35:49,318 [INFO]       ├ System.Void Activate(1p)
2026-04-05 03:35:49,318 [INFO]       ├ System.Void Stop(0p)
2026-04-05 03:35:49,318 [INFO]     Gallop.SkillManagerReplay : Gallop.SkillManager
2026-04-05 03:35:49,318 [INFO]       ├ Gallop.ISkillTriggerCreator _CreateTriggerCreate(0p)
2026-04-05 03:35:49,318 [INFO]       ├ Gallop.ISkillView CreateSkillView(0p)
2026-04-05 03:35:49,318 [INFO]       ├ System.Void Update(1p)
2026-04-05 03:35:49,318 [INFO]       ├ System.Void AddCurrentActiveSkill(1p)
2026-04-05 03:35:49,318 [INFO]       ├ System.Void RemoveCurrentActiveSkill(1p)
2026-04-05 03:35:49,318 [INFO]       ├ System.Collections.Generic.List<Gallop.ISkillDetail> GetCurrentActiveSkill(0p)
2026-04-05 03:35:49,318 [INFO]       ├ System.Void LotActivateSkill(0p)
2026-04-05 03:35:49,318 [INFO]       ├ System.Void CheckSkillTriggerAndActivate(0p)
2026-04-05 03:35:49,318 [INFO]     Gallop.SkillTargetNull : System.Object
2026-04-05 03:35:49,318 [INFO]       ├ System.Collections.Generic.List<Gallop.IHorseRaceInfo> <EmptyTarget>k__BackingField (off=0) [static]
2026-04-05 03:35:49,318 [INFO]       ├ System.Collections.Generic.List<Gallop.IHorseRaceInfo> get_EmptyTarget(0p)
2026-04-05 03:35:49,318 [INFO]       ├ System.Void set_EmptyTarget(1p)
2026-04-05 03:35:49,318 [INFO]       ├ System.Void CalcTargets(0p)
2026-04-05 03:35:49,318 [INFO]       ├ System.Collections.Generic.List<Gallop.IHorseRaceInfo> GetTargets(0p)
2026-04-05 03:35:49,318 [INFO]       ├ System.Void SetTargets(1p)
2026-04-05 03:35:49,318 [INFO]       ├ System.Void RemoveTargets(1p)
2026-04-05 03:35:49,318 [INFO]     Gallop.SkillTriggerCreatorBuildInfo : System.ValueType
2026-04-05 03:35:49,318 [INFO]       ├ Gallop.IHorseRaceInfo owner (off=16)
2026-04-05 03:35:49,318 [INFO]       ├ Gallop.IRaceHorseAccessor horseAccessor (off=24)
2026-04-05 03:35:49,318 [INFO]       ├ Gallop.IRaceCourseAttributeAccessor courseAttributeAccessor (off=32)
2026-04-05 03:35:49,318 [INFO]       ├ Gallop.IRaceTimeAccessor timeAccessor (off=40)
2026-04-05 03:35:49,318 [INFO]       ├ Gallop.IRaceRandomGenerator randomGenerator (off=48)
2026-04-05 03:35:49,318 [INFO]       ├ Gallop.RaceInfo raceInfo (off=56)
2026-04-05 03:35:49,318 [INFO]       ├ Gallop.RaceParamDefine.SkillParam SkillParam (off=64)
2026-04-05 03:35:49,318 [INFO]       ├ Gallop.SkillBase ownerSkill (off=72)
2026-04-05 03:35:49,318 [INFO]     Gallop.MasterSingleModeSkillNeedPoint : Gallop.AbstractMasterData
2026-04-05 03:35:49,318 [INFO]       ├ System.String TABLE_NAME (off=0) [static]
2026-04-05 03:35:49,318 [INFO]       ├ Gallop.MasterSingleModeDatabase _db (off=16)
2026-04-05 03:35:49,318 [INFO]       ├ System.Collections.Generic.HashSet<System.Int32> _notFounds (off=24)
2026-04-05 03:35:49,318 [INFO]       ├ System.Collections.Generic.Dictionary<System.Int32,Gallop.MasterSingleModeSkillNeedPoint.SingleModeSkillNeedPoint> _lazyPrimaryKeyDictionary (off=32)
2026-04-05 03:35:49,318 [INFO]       ├ Gallop.MasterSingleModeSkillNeedPoint.SingleModeSkillNeedPoint Get(1p)
2026-04-05 03:35:49,318 [INFO]       ├ Gallop.MasterSingleModeSkillNeedPoint.SingleModeSkillNeedPoint _SelectOne(1p)
2026-04-05 03:35:49,318 [INFO]       ├ System.Void Unload(0p)
2026-04-05 03:35:49,318 [INFO]     Gallop.SkillItem : UnityEngine.MonoBehaviour
2026-04-05 03:35:49,318 [INFO]       ├ Gallop.SkillIcon _iconImage (off=32)
2026-04-05 03:35:49,318 [INFO]       ├ Gallop.TextCommon _skillNameText (off=40)
2026-04-05 03:35:49,318 [INFO]       ├ Gallop.TextCommon _skillDescText (off=48)
2026-04-05 03:35:49,318 [INFO]       ├ Gallop.TextCommon _skillPointText (off=56)
2026-04-05 03:35:49,318 [INFO]       ├ Gallop.ImageCommon _skillBg (off=64)
2026-04-05 03:35:49,318 [INFO]       ├ Gallop.ImageCommon _lineImage (off=72)
2026-04-05 03:35:49,319 [INFO]       ├ System.Void SetupSkillInfo(1p)
2026-04-05 03:35:49,319 [INFO]     Gallop.PartsHintLevelSkillPointTextSetting : UnityEngine.MonoBehaviour
2026-04-05 03:35:49,319 [INFO]       ├ System.String NEXT_HINT_ANIMATION_NAME (off=0) [static]
2026-04-05 03:35:49,319 [INFO]       ├ Gallop.TextCommon _textNeedSkillPoint (off=32)
2026-04-05 03:35:49,319 [INFO]       ├ Gallop.TextCommon _hintLevel (off=40)
2026-04-05 03:35:49,319 [INFO]       ├ Gallop.TextCommon _hintLevelAnimationValue (off=48)
2026-04-05 03:35:49,319 [INFO]       ├ Gallop.TweenAnimationTimelineComponent _addNextLevelValueAnimation (off=56)
2026-04-05 03:35:49,319 [INFO]       ├ System.Void PlayAnimation(1p)
2026-04-05 03:35:49,319 [INFO]       ├ System.Void SetUpTexts(3p)
2026-04-05 03:35:49,319 [INFO]     Gallop.PartsSkillListPracticeRaceSnsShare : UnityEngine.MonoBehaviour
2026-04-05 03:35:49,319 [INFO]       ├ System.Int32 SKILL_SHOW_MAX (off=0) [static]
2026-04-05 03:35:49,319 [INFO]       ├ UnityEngine.Vector2 SKILLICON_SIZE_SNS (off=0) [static]
2026-04-05 03:35:49,319 [INFO]       ├ System.Collections.Generic.List<Gallop.PartsSingleModeSkillListItem> _skillListItem (off=32)
2026-04-05 03:35:49,319 [INFO]       ├ Gallop.TextCommon[] _skillCountText (off=40)
2026-04-05 03:35:49,319 [INFO]       ├ System.Void Setup(2p)
2026-04-05 03:35:49,319 [INFO]       ├ System.Collections.Generic.List<Gallop.PartsSingleModeSkillListItem.Info> OrderBySkillRarity(2p)
2026-04-05 03:35:49,319 [INFO]     Gallop.RaceUISkillInfoControllerNull : System.Object
2026-04-05 03:35:49,319 [INFO]       ├ System.Void Setup(4p)
2026-04-05 03:35:49,319 [INFO]       ├ System.Void LateUpdate(1p)
2026-04-05 03:35:49,319 [INFO]       ├ System.Void Play(3p)
2026-04-05 03:35:49,319 [INFO]       ├ System.Void Stop(1p)
2026-04-05 03:35:49,319 [INFO]       ├ System.Void StopAll(0p)
2026-04-05 03:35:49,319 [INFO]       ├ System.Void SetVisible(1p)
2026-04-05 03:35:49,319 [INFO]       ├ System.Boolean IsVisible(0p)
2026-04-05 03:35:49,319 [INFO]     Gallop.RaceUISSRSkillActivateFlashNull : System.Object
2026-04-05 03:35:49,319 [INFO]       ├ System.Void InitFlash(1p)
2026-04-05 03:35:49,319 [INFO]       ├ System.Void Play(1p)
2026-04-05 03:35:49,319 [INFO]       ├ System.Void Stop(0p)
2026-04-05 03:35:49,319 [INFO]       ├ System.Void Pause(0p)
2026-04-05 03:35:49,319 [INFO]       ├ System.Void Resume(0p)
2026-04-05 03:35:49,319 [INFO]       ├ System.Void SetSpeed(1p)
2026-04-05 03:35:49,319 [INFO]       ├ UnityEngine.GameObject GetFlashObj(0p)
2026-04-05 03:35:49,319 [INFO]     Gallop.RaceUISSRSkillNameFlashNull : System.Object
2026-04-05 03:35:49,319 [INFO]       ├ System.Void InitFlash(1p)
2026-04-05 03:35:49,319 [INFO]       ├ System.Void Play(3p)
2026-04-05 03:35:49,319 [INFO]       ├ System.Void Stop(0p)
2026-04-05 03:35:49,319 [INFO]       ├ System.Void Pause(0p)
2026-04-05 03:35:49,319 [INFO]       ├ System.Void Resume(0p)
2026-04-05 03:35:49,319 [INFO]       ├ System.Void SetSpeed(1p)
2026-04-05 03:35:49,320 [INFO]       ├ UnityEngine.GameObject GetNameObj(0p)
2026-04-05 03:35:49,320 [INFO]     Gallop.SkillAbilityTimeMultiplyBaseDynamicFloat : System.Object
2026-04-05 03:35:49,320 [INFO]       ├ Gallop.IHorseRaceInfo _owner (off=16)
2026-04-05 03:35:49,320 [INFO]       ├ System.Single _abilityTimeBase (off=24)
2026-04-05 03:35:49,320 [INFO]       ├ System.Single get_AbilityTime(0p)
2026-04-05 03:35:49,320 [INFO]       ├ System.Single get_AdditionalAbilityTime(0p)
2026-04-05 03:35:49,320 [INFO]       ├ System.Void Init(0p)
2026-04-05 03:35:49,320 [INFO]       ├ System.Void UpdateAbilityTime(0p)
2026-04-05 03:35:49,320 [INFO]       ├ System.Single GetMultiply(0p)
2026-04-05 03:35:49,320 [INFO]     Gallop.SkillAbilityValueMultiplyBaseStaticFloat : System.Object
2026-04-05 03:35:49,320 [INFO]       ├ Gallop.IHorseRaceInfo _owner (off=16)
2026-04-05 03:35:49,320 [INFO]       ├ System.Single _abilityValueBase (off=24)
2026-04-05 03:35:49,320 [INFO]       ├ Gallop.RaceParamDefine.SkillParam _skillParam (off=32)
2026-04-05 03:35:49,320 [INFO]       ├ System.Single <AbilityValue>k__BackingField (off=40)
2026-04-05 03:35:49,320 [INFO]       ├ System.Single get_AbilityValue(0p)
2026-04-05 03:35:49,320 [INFO]       ├ System.Void set_AbilityValue(1p)
2026-04-05 03:35:49,320 [INFO]       ├ System.Single GetMultiply(0p)
2026-04-05 03:35:49,320 [INFO]     Gallop.SkillAbilityValueMultiplyTeamTotalStatusBase : Gallop.SkillAbilityValueMultiplyBaseDynamicFloat
2026-04-05 03:35:49,320 [INFO]       ├ Gallop.IRaceHorseAccessor _horseAccessor (off=32)
2026-04-05 03:35:49,320 [INFO]       ├ Gallop.RaceParamDefine.SkillParam _paramDefine (off=40)
2026-04-05 03:35:49,320 [INFO]       ├ Gallop.IHorseRaceInfo[] _selfOnlyTeam (off=48)
2026-04-05 03:35:49,320 [INFO]       ├ System.Single GetMultiply(0p)
2026-04-05 03:35:49,320 [INFO]       ├ Gallop.IHorseRaceInfo[] GetStatusTargetHorse(0p)
2026-04-05 03:35:49,320 [INFO]       ├ System.Single GetMultiply(1p)
2026-04-05 03:35:49,320 [INFO]       ├ System.Single GetStatus(1p)
2026-04-05 03:35:49,320 [INFO]     Gallop.SkillTriggerRandomLotOtherActivate : Gallop.SkillTriggerBase
2026-04-05 03:35:49,320 [INFO]       ├ System.Boolean _isLotOK (off=104)
2026-04-05 03:35:49,320 [INFO]       ├ System.Single _lotInterval (off=108)
2026-04-05 03:35:49,320 [INFO]       ├ System.Single _lotIntervalMax (off=112)
2026-04-05 03:35:49,320 [INFO]       ├ System.Void Update(1p)
2026-04-05 03:35:49,320 [INFO]       ├ System.Boolean CheckActivate(0p)
2026-04-05 03:35:49,320 [INFO]       ├ System.Boolean _IsOtherActivate(0p)
2026-04-05 03:35:49,320 [INFO]       ├ Gallop.SkillDefine.SkillTriggerCategory get_Category(0p)
2026-04-05 03:35:49,320 [INFO]     Gallop.RaceSkillCutInReserveCreator : System.Object
2026-04-05 03:35:49,320 [INFO]       ├ Gallop.RaceSkillCutInReserveCreator.ReserveData <Reserve>k__BackingField (off=16)
2026-04-05 03:35:49,320 [INFO]       ├ Gallop.RaceSkillCutInReserveCreator.ReserveData get_Reserve(0p)
2026-04-05 03:35:49,320 [INFO]       ├ System.Void set_Reserve(1p)
2026-04-05 03:35:49,320 [INFO]       ├ System.Void CreatePlayReserved(3p)
2026-04-05 03:35:49,320 [INFO]       ├ System.Void AddCutInInfo(4p)
2026-04-05 03:35:49,320 [INFO]       ├ System.Void AddCutInInfo(5p)
2026-04-05 03:35:49,320 [INFO]       ├ System.Boolean FindReserve(1p)
2026-04-05 03:35:49,320 [INFO]     Gallop.DialogSingleModeAcquisitionSkillList : Gallop.DialogInnerBase
2026-04-05 03:35:49,320 [INFO]       ├ Gallop.PartsSingleModeSkillListItem _item (off=48)
2026-04-05 03:35:49,320 [INFO]       ├ System.Collections.Generic.List<Gallop.PartsSingleModeSkillListItem> _itemList (off=56)
2026-04-05 03:35:49,320 [INFO]       ├ Gallop.TextCommon _explainText (off=64)
2026-04-05 03:35:49,320 [INFO]       ├ Gallop.DialogCommonBase.FormType GetFormType(0p)
2026-04-05 03:35:49,320 [INFO]       ├ Gallop.DialogCommon.Data.ObjectParentType GetParentType(0p)
2026-04-05 03:35:49,320 [INFO]       ├ System.Void PushDialog(4p)
2026-04-05 03:35:49,320 [INFO]       ├ System.Void Setup(2p)
2026-04-05 03:35:49,320 [INFO]     Gallop.PartsSingleModeChoiceRewardAnotherEventSkillElementViewModel : System.Object
2026-04-05 03:35:49,320 [INFO]       ├ Gallop.MasterSingleModeEventChoiceReward.SingleModeEventChoiceReward _choiceRewardMaster (off=16)
2026-04-05 03:35:49,320 [INFO]       ├ Gallop.ISingleModeChoiceRewardInfoAnotherEventSkillElement.BranchInfo[] _branchInfoArray (off=24)
2026-04-05 03:35:49,320 [INFO]       ├ System.Int32 <EventCount>k__BackingField (off=32)
2026-04-05 03:35:49,320 [INFO]       ├ System.String get_LabelText(0p)
2026-04-05 03:35:49,320 [INFO]       ├ Gallop.ISingleModeChoiceRewardInfoAnotherEventSkillElement.BranchInfo GetBranchInfo(1p)
2026-04-05 03:35:49,320 [INFO]       ├ System.Int32 GetBranchCount(0p)
2026-04-05 03:35:49,320 [INFO]       ├ System.Int32 get_EventCount(0p)
2026-04-05 03:35:49,320 [INFO]     SkillTag : System.Enum
2026-04-05 03:35:49,320 [INFO]       ├ System.Int32 value__ (off=16)
2026-04-05 03:35:49,320 [INFO]       ├ Gallop.SingleModeDefine.SkillTag SPEED (off=0) [static]
2026-04-05 03:35:49,320 [INFO]       ├ Gallop.SingleModeDefine.SkillTag STAMINA (off=0) [static]
2026-04-05 03:35:49,320 [INFO]       ├ Gallop.SingleModeDefine.SkillTag POWER (off=0) [static]
2026-04-05 03:35:49,320 [INFO]       ├ Gallop.SingleModeDefine.SkillTag GUTS (off=0) [static]
2026-04-05 03:35:49,320 [INFO]       ├ Gallop.SingleModeDefine.SkillTag WIZ (off=0) [static]
2026-04-05 03:35:49,320 [INFO]       ├ Gallop.SingleModeDefine.SkillTag DOWN (off=0) [static]
2026-04-05 03:35:49,320 [INFO]       ├ Gallop.SingleModeDefine.SkillTag SPECIAL (off=0) [static]
2026-04-05 03:35:49,320 [INFO]     SkillCategory : System.Enum
2026-04-05 03:35:49,320 [INFO]       ├ System.Int32 value__ (off=16)
2026-04-05 03:35:49,320 [INFO]       ├ Gallop.GameDefine.SkillCategory Always (off=0) [static]
2026-04-05 03:35:49,321 [INFO]       ├ Gallop.GameDefine.SkillCategory EarlyStage (off=0) [static]
2026-04-05 03:35:49,321 [INFO]       ├ Gallop.GameDefine.SkillCategory MiddleStage (off=0) [static]
2026-04-05 03:35:49,321 [INFO]       ├ Gallop.GameDefine.SkillCategory FinalStage (off=0) [static]
2026-04-05 03:35:49,321 [INFO]       ├ Gallop.GameDefine.SkillCategory Situation (off=0) [static]
2026-04-05 03:35:49,321 [INFO]       ├ Gallop.GameDefine.SkillCategory Special (off=0) [static]
2026-04-05 03:35:49,321 [INFO]     Gallop.PartsSupportCardDeckSkillListItem : UnityEngine.MonoBehaviour
2026-04-05 03:35:49,321 [INFO]       ├ Gallop.ButtonCommon _button (off=32)
2026-04-05 03:35:49,321 [INFO]       ├ Gallop.ImageCommon _bgImage (off=40)
2026-04-05 03:35:49,321 [INFO]       ├ UnityEngine.Transform _skillIconRoot (off=48)
2026-04-05 03:35:49,321 [INFO]       ├ Gallop.TextCommon _name (off=56)
2026-04-05 03:35:49,321 [INFO]       ├ Gallop.RawImageCommon[] _iconArray (off=64)
2026-04-05 03:35:49,321 [INFO]       ├ System.Void UpdateItem(1p)
2026-04-05 03:35:49,321 [INFO]     Gallop.DialogSkillHint : Gallop.DialogInnerBase
2026-04-05 03:35:49,321 [INFO]       ├ UnityEngine.GameObject _skillItemObject (off=48)
2026-04-05 03:35:49,321 [INFO]       ├ UnityEngine.Transform _scrollItemParent (off=56)
2026-04-05 03:35:49,321 [INFO]       ├ Gallop.DialogCommonBase.FormType GetFormType(0p)
2026-04-05 03:35:49,321 [INFO]       ├ Gallop.DialogCommon.Data.ObjectParentType GetParentType(0p)
2026-04-05 03:35:49,321 [INFO]       ├ System.Void Open(1p)
2026-04-05 03:35:49,321 [INFO]       ├ System.Void Setup(1p)
2026-04-05 03:35:49,321 [INFO]     Gallop.IRaceUISkillInfoController
2026-04-05 03:35:49,321 [INFO]       ├ System.Void Setup(4p)
2026-04-05 03:35:49,321 [INFO]       ├ System.Void LateUpdate(1p)
2026-04-05 03:35:49,321 [INFO]       ├ System.Void Play(3p)
2026-04-05 03:35:49,321 [INFO]       ├ System.Void Stop(1p)
2026-04-05 03:35:49,321 [INFO]       ├ System.Void StopAll(0p)
2026-04-05 03:35:49,321 [INFO]       ├ System.Void SetVisible(1p)
2026-04-05 03:35:49,321 [INFO]       ├ System.Boolean IsVisible(0p)
2026-04-05 03:35:49,321 [INFO]     Gallop.IRaceUISSRSkillActivateFlash
2026-04-05 03:35:49,321 [INFO]       ├ System.Void InitFlash(1p)
2026-04-05 03:35:49,321 [INFO]       ├ System.Void Play(1p)
2026-04-05 03:35:49,321 [INFO]       ├ System.Void Stop(0p)
2026-04-05 03:35:49,321 [INFO]       ├ System.Void Pause(0p)
2026-04-05 03:35:49,321 [INFO]       ├ System.Void Resume(0p)
2026-04-05 03:35:49,321 [INFO]       ├ System.Void SetSpeed(1p)
2026-04-05 03:35:49,321 [INFO]       ├ UnityEngine.GameObject GetFlashObj(0p)
2026-04-05 03:35:49,321 [INFO]     Gallop.IRaceUISSRSkillNameFlash
2026-04-05 03:35:49,321 [INFO]       ├ System.Void InitFlash(1p)
2026-04-05 03:35:49,321 [INFO]       ├ System.Void Play(3p)
2026-04-05 03:35:49,321 [INFO]       ├ System.Void Stop(0p)
2026-04-05 03:35:49,321 [INFO]       ├ System.Void Pause(0p)
2026-04-05 03:35:49,321 [INFO]       ├ System.Void Resume(0p)
2026-04-05 03:35:49,321 [INFO]       ├ System.Void SetSpeed(1p)
2026-04-05 03:35:49,321 [INFO]       ├ UnityEngine.GameObject GetNameObj(0p)
2026-04-05 03:35:49,321 [INFO]     Gallop.SkillAbilityTimeDirect : System.Object
2026-04-05 03:35:49,321 [INFO]       ├ System.Single <AbilityTime>k__BackingField (off=16)
2026-04-05 03:35:49,321 [INFO]       ├ System.Single get_AbilityTime(0p)
2026-04-05 03:35:49,321 [INFO]       ├ System.Void set_AbilityTime(1p)
2026-04-05 03:35:49,321 [INFO]       ├ System.Single get_AdditionalAbilityTime(0p)
2026-04-05 03:35:49,321 [INFO]       ├ System.Void Init(0p)
2026-04-05 03:35:49,321 [INFO]       ├ System.Void UpdateAbilityTime(0p)
2026-04-05 03:35:49,321 [INFO]     Gallop.SkillAbilityValueMultiplyBaseStaticInt : System.Object
2026-04-05 03:35:49,321 [INFO]       ├ Gallop.IHorseRaceInfo _owner (off=16)
2026-04-05 03:35:49,321 [INFO]       ├ System.Single _abilityValueBase (off=24)
2026-04-05 03:35:49,321 [INFO]       ├ System.Single <AbilityValue>k__BackingField (off=28)
2026-04-05 03:35:49,321 [INFO]       ├ System.Single get_AbilityValue(0p)
2026-04-05 03:35:49,321 [INFO]       ├ System.Void set_AbilityValue(1p)
2026-04-05 03:35:49,321 [INFO]       ├ System.Int32 GetMultiply(0p)
2026-04-05 03:35:49,321 [INFO]     SkillPlateType : System.Enum
2026-04-05 03:35:49,321 [INFO]       ├ System.Int32 value__ (off=16)
2026-04-05 03:35:49,321 [INFO]       ├ Gallop.SkillDefine.SkillPlateType Null (off=0) [static]
2026-04-05 03:35:49,321 [INFO]       ├ Gallop.SkillDefine.SkillPlateType Buff (off=0) [static]
2026-04-05 03:35:49,321 [INFO]       ├ Gallop.SkillDefine.SkillPlateType Debuff (off=0) [static]
2026-04-05 03:35:49,321 [INFO]       ├ Gallop.SkillDefine.SkillPlateType NotificationOnly (off=0) [static]
2026-04-05 03:35:49,321 [INFO]       ├ Gallop.SkillDefine.SkillPlateType NotificationCharaMessagePlate (off=0) [static]
2026-04-05 03:35:49,321 [INFO]       ├ Gallop.SkillDefine.SkillPlateType LimitedEventBuff (off=0) [static]
2026-04-05 03:35:49,321 [INFO]     Gallop.SkillTargetBuildInfo : System.ValueType
2026-04-05 03:35:49,321 [INFO]       ├ Gallop.IHorseRaceInfo ownerHorse (off=16)
2026-04-05 03:35:49,321 [INFO]       ├ Gallop.IRaceHorseAccessor horseAccessor (off=24)
2026-04-05 03:35:49,321 [INFO]       ├ Gallop.IRaceRandomGenerator randomGenerator (off=32)
2026-04-05 03:35:49,321 [INFO]       ├ Gallop.RaceInfo raceInfo (off=40)
2026-04-05 03:35:49,321 [INFO]       ├ System.Int32 valueRh (off=48)
2026-04-05 03:35:49,321 [INFO]       ├ System.Boolean IsDebuff (off=52)
2026-04-05 03:35:49,321 [INFO]     SkillTriggerOperator : System.Enum
2026-04-05 03:35:49,321 [INFO]       ├ System.Int32 value__ (off=16)
2026-04-05 03:35:49,321 [INFO]       ├ Gallop.SkillTriggerBase.SkillTriggerOperator Equal (off=0) [static]
2026-04-05 03:35:49,321 [INFO]       ├ Gallop.SkillTriggerBase.SkillTriggerOperator NotEqual (off=0) [static]
2026-04-05 03:35:49,321 [INFO]       ├ Gallop.SkillTriggerBase.SkillTriggerOperator Greater (off=0) [static]
2026-04-05 03:35:49,321 [INFO]       ├ Gallop.SkillTriggerBase.SkillTriggerOperator GreaterEqual (off=0) [static]
2026-04-05 03:35:49,321 [INFO]       ├ Gallop.SkillTriggerBase.SkillTriggerOperator Lesser (off=0) [static]
2026-04-05 03:35:49,321 [INFO]       ├ Gallop.SkillTriggerBase.SkillTriggerOperator LesserEqual (off=0) [static]
2026-04-05 03:35:49,321 [INFO]     Gallop.SkillTriggerPhase : Gallop.SkillTriggerParamBase
2026-04-05 03:35:49,321 [INFO]       ├ System.Collections.Generic.Dictionary<Gallop.HorseRaceInfo.Phase,Gallop.SkillDefine.SkillTriggerTag> PHASE_2_TAG_DIC (off=0) [static]
2026-04-05 03:35:49,321 [INFO]       ├ System.Int32 GetValueLh(0p)
2026-04-05 03:35:49,321 [INFO]       ├ Gallop.SkillDefine.SkillTriggerCategory get_Category(0p)
2026-04-05 03:35:49,321 [INFO]       ├ Gallop.SkillDefine.SkillTriggerTag GetTag(1p)
2026-04-05 03:35:49,321 [INFO]       ├ System.Collections.Generic.List<Gallop.SkillDefine.SkillTriggerTag> GetTagList(2p)
2026-04-05 03:35:49,321 [INFO]     Gallop.SkillTriggerSameSkillHorseCount : Gallop.SkillTriggerParamBase
2026-04-05 03:35:49,321 [INFO]       ├ System.Boolean _isInitialized (off=104)
2026-04-05 03:35:49,321 [INFO]       ├ Gallop.IHorseRaceInfo[] _allHorses (off=112)
2026-04-05 03:35:49,321 [INFO]       ├ System.Int32 _sameSkillHorseCount (off=120)
2026-04-05 03:35:49,321 [INFO]       ├ System.Boolean CheckActivate(0p)
2026-04-05 03:35:49,321 [INFO]       ├ System.Int32 GetValueLh(0p)
2026-04-05 03:35:49,321 [INFO]       ├ System.Boolean _CheckInitialize(0p)
2026-04-05 03:35:49,321 [INFO]     Gallop.SkillTriggerCollection : System.Object
2026-04-05 03:35:49,321 [INFO]       ├ System.Int32 TRIGGER_LIST_CAPACITY (off=0) [static]
2026-04-05 03:35:49,321 [INFO]       ├ System.Collections.Generic.List<System.Collections.Generic.List<Gallop.ISkillTrigger>> _triggers (off=16)
2026-04-05 03:35:49,321 [INFO]       ├ System.Boolean IsActivatedAny(0p)
2026-04-05 03:35:49,321 [INFO]       ├ System.Boolean _IsActivatedAll(1p)
2026-04-05 03:35:49,321 [INFO]       ├ System.Void Update(1p)
2026-04-05 03:35:49,321 [INFO]       ├ System.Void AddTriggerGroup(1p)
2026-04-05 03:35:49,321 [INFO]     Gallop.SkillEffectPoolNull : System.Object
2026-04-05 03:35:49,321 [INFO]       ├ System.Void CreatePool(1p)
2026-04-05 03:35:49,321 [INFO]       ├ System.Void ReleasePool(0p)
2026-04-05 03:35:49,321 [INFO]       ├ Gallop.SkillEffect Borrow(1p)
2026-04-05 03:35:49,322 [INFO]       ├ System.Void Return(1p)
2026-04-05 03:35:49,322 [INFO]       ├ System.Void StartWarmUp(0p)
2026-04-05 03:35:49,322 [INFO]       ├ System.Void EndWarmUp(0p)
2026-04-05 03:35:49,322 [INFO]     Gallop.PartsSingleModeChoiceRewardSkillElementViewModel : System.Object
2026-04-05 03:35:49,322 [INFO]       ├ Gallop.MasterSingleModeEventChoiceReward.SingleModeEventChoiceReward _choiceRewardMaster (off=16)
2026-04-05 03:35:49,322 [INFO]       ├ Gallop.SingleModeChoiceRewardInfoSkillInfo <SkillInfo>k__BackingField (off=24)
2026-04-05 03:35:49,322 [INFO]       ├ System.Int32 _gainHintLevel (off=32)
2026-04-05 03:35:49,322 [INFO]       ├ Gallop.SingleModeChoiceRewardInfoSkillInfo get_SkillInfo(0p)
2026-04-05 03:35:49,322 [INFO]       ├ System.String get_LabelText(0p)
2026-04-05 03:35:49,322 [INFO]       ├ System.Int32 get_Priority(0p)
2026-04-05 03:35:49,322 [INFO]     Gallop.PartsSingleModeScenarioFreeShopUseItemConfirmSkillHintModel : System.Object
2026-04-05 03:35:49,322 [INFO]       ├ Gallop.MasterSingleModeFreeShopEffect.SingleModeFreeShopEffect _singleModeFreeShopEffect (off=16)
2026-04-05 03:35:49,322 [INFO]       ├ Gallop.MasterSingleModeFreeShopEffect.SingleModeFreeShopEffect get_SingleModeFreeShopEffect(0p)
2026-04-05 03:35:49,322 [INFO]       ├ System.Int32 get_SingleModeFreeShopEffectValue(0p)
2026-04-05 03:35:49,322 [INFO]       ├ Gallop.MasterSkillData.SkillData get_MasterSkillData(0p)
2026-04-05 03:35:49,322 [INFO]       ├ System.Int32 get_CurrentSkillHintLevel(0p)
2026-04-05 03:35:49,322 [INFO]       ├ System.Boolean <get_CurrentSkillHintLevel>b__9_0(1p)
2026-04-05 03:35:49,322 [INFO]     Gallop.DialogSingleModeSkillLearningComplete : Gallop.DialogInnerBase
2026-04-05 03:35:49,322 [INFO]       ├ UnityEngine.Transform _skillIconRoot (off=48)
2026-04-05 03:35:49,322 [INFO]       ├ Gallop.DialogCommonBase.FormType GetFormType(0p)
2026-04-05 03:35:49,322 [INFO]       ├ Gallop.DialogCommon.Data.ObjectParentType GetParentType(0p)
2026-04-05 03:35:49,322 [INFO]       ├ System.Void PushDialog(1p)
2026-04-05 03:35:49,322 [INFO]       ├ System.Void Setup(1p)
2026-04-05 03:35:49,322 [INFO]       ├ System.Void CreateSkillIcon(2p)
2026-04-05 03:35:49,322 [INFO]     SingleModeSkillNeedPoint : System.Object
2026-04-05 03:35:49,322 [INFO]       ├ System.Int32 Id (off=16)
2026-04-05 03:35:49,322 [INFO]       ├ System.Int32 NeedSkillPoint (off=20)
2026-04-05 03:35:49,322 [INFO]       ├ System.Int32 StatusType (off=24)
2026-04-05 03:35:49,322 [INFO]       ├ System.Int32 StatusValue (off=28)
2026-04-05 03:35:49,322 [INFO]       ├ System.Int32 SolvableType (off=32)
2026-04-05 03:35:49,322 [INFO]     Gallop.PartsCharacterSkillListVerticalItem : UnityEngine.MonoBehaviour
2026-04-05 03:35:49,322 [INFO]       ├ Gallop.TextCommon _categoryTitleText (off=32)
2026-04-05 03:35:49,322 [INFO]       ├ Gallop.SkillIcon _skillIcon (off=40)
2026-04-05 03:35:49,323 [INFO]       ├ UnityEngine.RectTransform _verticalLayoutRectTransform (off=48)
2026-04-05 03:35:49,323 [INFO]       ├ UnityEngine.RectTransform _gridLayoutTransform (off=56)
2026-04-05 03:35:49,323 [INFO]       ├ System.Void SetData(2p)
2026-04-05 03:35:49,323 [INFO]     Gallop.PartsSkillList : UnityEngine.MonoBehaviour
2026-04-05 03:35:49,323 [INFO]       ├ Gallop.PartsSkillListContent _contentBase (off=32)
2026-04-05 03:35:49,323 [INFO]       ├ System.Collections.Generic.List<Gallop.PartsSkillListContent> _contentList (off=40)
2026-04-05 03:35:49,323 [INFO]       ├ System.Void Setup(3p)
2026-04-05 03:35:49,323 [INFO]       ├ System.Void Setup(3p)
2026-04-05 03:35:49,323 [INFO]       ├ System.Void Cleanup(0p)
2026-04-05 03:35:49,323 [INFO]     Gallop.PartsSkillListContent : UnityEngine.MonoBehaviour
2026-04-05 03:35:49,323 [INFO]       ├ Gallop.TextCommon _categoryName (off=32)
2026-04-05 03:35:49,323 [INFO]       ├ UnityEngine.GameObject _skillBase (off=40)
2026-04-05 03:35:49,323 [INFO]       ├ System.Void Setup(4p)
2026-04-05 03:35:49,323 [INFO]       ├ System.Void SetupAcquirable(2p)
2026-04-05 03:35:49,323 [INFO]       ├ System.Void OnClick(4p)
2026-04-05 03:35:49,323 [INFO]     Gallop.DialogCharacterLimitBreakSkillDiff : Gallop.DialogInnerBase
2026-04-05 03:35:49,323 [INFO]       ├ Gallop.PartsCharacterSkillChange _partsSkillChange (off=48)
2026-04-05 03:35:49,323 [INFO]       ├ Gallop.DialogCommonBase.FormType GetFormType(0p)
2026-04-05 03:35:49,323 [INFO]       ├ Gallop.DialogCommon.Data.ObjectParentType GetParentType(0p)
2026-04-05 03:35:49,323 [INFO]       ├ System.Void Open(2p)
2026-04-05 03:35:49,323 [INFO]       ├ System.Void Setup(2p)
2026-04-05 03:35:49,323 [INFO]     Gallop.SkillAbilityValueMultiplyRandom : Gallop.SkillAbilityValueMultiplyBaseDynamicFloat
2026-04-05 03:35:49,323 [INFO]       ├ Gallop.IRaceHorseAccessor _horseAccessor (off=32)
2026-04-05 03:35:49,323 [INFO]       ├ Gallop.RaceParamDefine.SkillParam.AbiiltyValueUsageRandom[] _randomArray (off=40)
2026-04-05 03:35:49,323 [INFO]       ├ Gallop.IRaceRandomGenerator _randomGenerator (off=48)
2026-04-05 03:35:49,323 [INFO]       ├ System.Single GetMultiply(0p)
2026-04-05 03:35:49,323 [INFO]       ├ System.Single LotValue(1p)
2026-04-05 03:35:49,323 [INFO]     Gallop.SkillAbilityValueMultiplyStatusBase : Gallop.SkillAbilityValueMultiplyBaseDynamicFloat
2026-04-05 03:35:49,323 [INFO]       ├ Gallop.RaceParamDefine.SkillParam _paramDefine (off=32)
2026-04-05 03:35:49,323 [INFO]       ├ System.Single GetMultiply(0p)
2026-04-05 03:35:49,323 [INFO]       ├ System.Single GetMultiply(1p)
2026-04-05 03:35:49,323 [INFO]       ├ Gallop.RaceParamDefine.SkillParam.BaseStatusCoef[] get_BaseStatusCoefArray(0p)
2026-04-05 03:35:49,323 [INFO]       ├ System.Single get_BaseStatus(0p)
2026-04-05 03:35:49,323 [INFO]     SkillRarity : System.Enum
2026-04-05 03:35:49,323 [INFO]       ├ System.Int32 value__ (off=16)
2026-04-05 03:35:49,323 [INFO]       ├ Gallop.SkillDefine.SkillRarity Rarity1 (off=0) [static]
2026-04-05 03:35:49,323 [INFO]       ├ Gallop.SkillDefine.SkillRarity Rarity2 (off=0) [static]
2026-04-05 03:35:49,323 [INFO]       ├ Gallop.SkillDefine.SkillRarity Rarity3 (off=0) [static]
2026-04-05 03:35:49,323 [INFO]       ├ Gallop.SkillDefine.SkillRarity Rarity4 (off=0) [static]
2026-04-05 03:35:49,323 [INFO]       ├ Gallop.SkillDefine.SkillRarity Rarity5 (off=0) [static]
2026-04-05 03:35:49,323 [INFO]     SkillAbilityTimeUsage : System.Enum
2026-04-05 03:35:49,323 [INFO]       ├ System.Int32 value__ (off=16)
2026-04-05 03:35:49,323 [INFO]       ├ Gallop.SkillDefine.SkillAbilityTimeUsage None (off=0) [static]
2026-04-05 03:35:49,323 [INFO]       ├ Gallop.SkillDefine.SkillAbilityTimeUsage Direct (off=0) [static]
2026-04-05 03:35:49,323 [INFO]       ├ Gallop.SkillDefine.SkillAbilityTimeUsage MultiplyDistanceDiffTop (off=0) [static]
2026-04-05 03:35:49,323 [INFO]       ├ Gallop.SkillDefine.SkillAbilityTimeUsage MultiplyRemainHp (off=0) [static]
2026-04-05 03:35:49,323 [INFO]       ├ Gallop.SkillDefine.SkillAbilityTimeUsage IncrementOrderUp (off=0) [static]
2026-04-05 03:35:49,323 [INFO]     Gallop.SkillParamModifierSet : Gallop.SkillParamModifierBase
2026-04-05 03:35:49,323 [INFO]       ├ System.Single Apply(1p)
2026-04-05 03:35:49,323 [INFO]       ├ System.Boolean Apply(1p)
2026-04-05 03:35:49,323 [INFO]     Gallop.SkillTriggerParamBase : Gallop.SkillTriggerBase
2026-04-05 03:35:49,323 [INFO]       ├ System.Boolean CheckActivate(0p)
2026-04-05 03:35:49,323 [INFO]       ├ System.Int32 GetValueLh(0p)
2026-04-05 03:35:49,323 [INFO]       ├ System.Boolean CheckValue(0p)
2026-04-05 03:35:49,323 [INFO]       ├ System.Boolean CheckValueOp(3p)
2026-04-05 03:35:49,324 [INFO]       ├ Gallop.SkillDefine.SkillTriggerCategory get_Category(0p)
2026-04-05 03:35:49,324 [INFO]     Gallop.SkillTriggerMoveLane : Gallop.SkillTriggerParamBase
2026-04-05 03:35:49,324 [INFO]       ├ System.Single LANE_MOVE_CONTINUE_TIME (off=0) [static]
2026-04-05 03:35:49,324 [INFO]       ├ System.Int32 MOVE_DIRECTION_NULL (off=0) [static]
2026-04-05 03:35:49,324 [INFO]       ├ System.Int32 MOVE_DIRECTION_IN (off=0) [static]
2026-04-05 03:35:49,324 [INFO]       ├ System.Int32 MOVE_DIRECTION_OUT (off=0) [static]
2026-04-05 03:35:49,324 [INFO]       ├ System.Int32 GetValueLh(0p)
2026-04-05 03:35:49,324 [INFO]     Gallop.SkillTriggerHpEmptyOneTime : Gallop.SkillTriggerBase
2026-04-05 03:35:49,324 [INFO]       ├ System.Single _prevHp (off=104)
2026-04-05 03:35:49,324 [INFO]       ├ System.Boolean _isInitialized (off=108)
2026-04-05 03:35:49,324 [INFO]       ├ System.Boolean CheckActivate(0p)
2026-04-05 03:35:49,324 [INFO]       ├ System.Boolean _CheckInitialize(0p)
2026-04-05 03:35:49,324 [INFO]       ├ Gallop.SkillDefine.SkillTriggerCategory get_Category(0p)
2026-04-05 03:35:49,324 [INFO]     Gallop.ISkillEffectPool
2026-04-05 03:35:49,324 [INFO]       ├ System.Void CreatePool(1p)
2026-04-05 03:35:49,324 [INFO]       ├ System.Void ReleasePool(0p)
2026-04-05 03:35:49,324 [INFO]       ├ Gallop.SkillEffect Borrow(1p)
2026-04-05 03:35:49,324 [INFO]       ├ System.Void Return(1p)
2026-04-05 03:35:49,324 [INFO]       ├ System.Void StartWarmUp(0p)
2026-04-05 03:35:49,324 [INFO]       ├ System.Void EndWarmUp(0p)
2026-04-05 03:35:49,324 [INFO]     SkillDefineStatic : System.Object
2026-04-05 03:35:49,324 [INFO]       ├ System.Int32[] NORMAL_AND_RARE_SKILL_RARITY_ARRAY (off=0) [static]
2026-04-05 03:35:49,324 [INFO]       ├ System.Int32[] RARE_SKILL_RARITY_ARRAY (off=8) [static]
2026-04-05 03:35:49,324 [INFO]       ├ System.Int32[] ORDER_IN_PER (off=16) [static]
2026-04-05 03:35:49,324 [INFO]       ├ System.Int32[] ORDER_OUT_PER (off=24) [static]
2026-04-05 03:35:49,324 [INFO]     PartsSingleModeScenarioLiveLiveSkillGetSequence : System.Object
2026-04-05 03:35:49,324 [INFO]       ├ UnityEngine.Vector3 WIPE_FLASH_OFFET (off=0) [static]
2026-04-05 03:35:49,324 [INFO]       ├ UnityEngine.Vector3 TITLE_FLASH_OFFET (off=12) [static]
2026-04-05 03:35:49,324 [INFO]       ├ UnityEngine.Vector3 MINI_MODEL_RAW_IMAGE_POSITION (off=24) [static]
2026-04-05 03:35:49,324 [INFO]       ├ UnityEngine.Vector3 MINI_MODEL_DEFAULT_POSITION (off=36) [static]
2026-04-05 03:35:49,324 [INFO]     SkillCutCharaTypeRule : System.Enum
2026-04-05 03:35:49,324 [INFO]       ├ System.Int32 value__ (off=16)
2026-04-05 03:35:49,324 [INFO]       ├ Gallop.CutIn.Cutt.CutInTimelineData.SkillCutSettings.SkillCutCharaTypeRule Min (off=0) [static]
2026-04-05 03:35:49,324 [INFO]       ├ Gallop.CutIn.Cutt.CutInTimelineData.SkillCutSettings.SkillCutCharaTypeRule Gacha (off=0) [static]
2026-04-05 03:35:49,324 [INFO]       ├ Gallop.CutIn.Cutt.CutInTimelineData.SkillCutSettings.SkillCutCharaTypeRule Vs (off=0) [static]
2026-04-05 03:35:49,324 [INFO]       ├ Gallop.CutIn.Cutt.CutInTimelineData.SkillCutSettings.SkillCutCharaTypeRule LimitBreak (off=0) [static]
2026-04-05 03:35:49,324 [INFO]       ├ Gallop.CutIn.Cutt.CutInTimelineData.SkillCutSettings.SkillCutCharaTypeRule Max (off=0) [static]
2026-04-05 03:35:49,324 [INFO]     AvailableSkillSet : System.Object
2026-04-05 03:35:49,324 [INFO]       ├ System.Int32 Id (off=16)
2026-04-05 03:35:49,324 [INFO]       ├ System.Int32 AvailableSkillSetId (off=20)
2026-04-05 03:35:49,324 [INFO]       ├ System.Int32 SkillId (off=24)
2026-04-05 03:35:49,324 [INFO]       ├ System.Int32 NeedRank (off=28)
2026-04-05 03:35:49,324 [INFO]     SkillExp : System.Object
2026-04-05 03:35:49,324 [INFO]       ├ System.Int32 Id (off=16)
2026-04-05 03:35:49,324 [INFO]       ├ System.Int32 Type (off=20)
2026-04-05 03:35:49,324 [INFO]       ├ System.Int32 Level (off=24)
2026-04-05 03:35:49,324 [INFO]       ├ System.Int32 Scale (off=28)
2026-04-05 03:35:49,324 [INFO]     SkillLevelValue : System.Object
2026-04-05 03:35:49,324 [INFO]       ├ System.Int32 Id (off=16)
2026-04-05 03:35:49,324 [INFO]       ├ System.Int32 AbilityType (off=20)
2026-04-05 03:35:49,324 [INFO]       ├ System.Int32 Level (off=24)
2026-04-05 03:35:49,324 [INFO]       ├ System.Int32 FloatAbilityValueCoef (off=28)
2026-04-05 03:35:49,324 [INFO]     SkillLevel : System.Object
2026-04-05 03:35:49,324 [INFO]       ├ System.Int32 <SkillId>k__BackingField (off=16)
2026-04-05 03:35:49,324 [INFO]       ├ System.Int32 <Level>k__BackingField (off=20)
2026-04-05 03:35:49,325 [INFO]       ├ System.Int32 get_SkillId(0p)
2026-04-05 03:35:49,325 [INFO]       ├ System.Int32 get_Level(0p)
2026-04-05 03:35:49,325 [INFO]     MainStoryShowSkillType : System.Enum
2026-04-05 03:35:49,325 [INFO]       ├ System.Int32 value__ (off=16)
2026-04-05 03:35:49,325 [INFO]       ├ Gallop.RaceDefine.MainStoryShowSkillType Null (off=0) [static]
2026-04-05 03:35:49,325 [INFO]       ├ Gallop.RaceDefine.MainStoryShowSkillType Show (off=0) [static]
2026-04-05 03:35:49,325 [INFO]       ├ Gallop.RaceDefine.MainStoryShowSkillType ShowGimmickMatch (off=0) [static]
2026-04-05 03:35:49,325 [INFO]       ├ Gallop.RaceDefine.MainStoryShowSkillType ShowGimmickUnmatch (off=0) [static]
2026-04-05 03:35:49,325 [INFO]     Gallop.SkillAbilityValueMultiplyBaseDynamicFloat : System.Object
2026-04-05 03:35:49,325 [INFO]       ├ Gallop.IHorseRaceInfo _owner (off=16)
2026-04-05 03:35:49,325 [INFO]       ├ System.Single _abilityValueBase (off=24)
2026-04-05 03:35:49,325 [INFO]       ├ System.Single get_AbilityValue(0p)
2026-04-05 03:35:49,325 [INFO]       ├ System.Single GetMultiply(0p)
2026-04-05 03:35:49,325 [INFO]     Gallop.SkillAbilityValueMultiplyFinalCornerEndOrder : Gallop.SkillAbilityValueMultiplyBaseDynamicFloat
2026-04-05 03:35:49,325 [INFO]       ├ System.Single MULTIPLY_MAX (off=0) [static]
2026-04-05 03:35:49,325 [INFO]       ├ System.Single MULTIPLY_MIN (off=0) [static]
2026-04-05 03:35:49,325 [INFO]       ├ System.Single MULTIPLY_DOWN_RATE (off=0) [static]
2026-04-05 03:35:49,325 [INFO]       ├ System.Single GetMultiply(0p)
2026-04-05 03:35:49,325 [INFO]     SkillCategory : System.Enum
2026-04-05 03:35:49,325 [INFO]       ├ System.Int32 value__ (off=16)
2026-04-05 03:35:49,325 [INFO]       ├ Gallop.SkillDefine.SkillCategory Speed (off=0) [static]
2026-04-05 03:35:49,325 [INFO]       ├ Gallop.SkillDefine.SkillCategory Heal (off=0) [static]
2026-04-05 03:35:49,325 [INFO]       ├ Gallop.SkillDefine.SkillCategory Accel (off=0) [static]
2026-04-05 03:35:49,325 [INFO]       ├ Gallop.SkillDefine.SkillCategory Null (off=0) [static]
2026-04-05 03:35:49,325 [INFO]     SkillAbilityValueLevelUsage : System.Enum
2026-04-05 03:35:49,325 [INFO]       ├ System.Int32 value__ (off=16)
2026-04-05 03:35:49,325 [INFO]       ├ Gallop.SkillDefine.SkillAbilityValueLevelUsage None (off=0) [static]
2026-04-05 03:35:49,325 [INFO]       ├ Gallop.SkillDefine.SkillAbilityValueLevelUsage Normal (off=0) [static]
2026-04-05 03:35:49,325 [INFO]       ├ Gallop.SkillDefine.SkillAbilityValueLevelUsage Ignore (off=0) [static]
2026-04-05 03:35:49,325 [INFO]       ├ Gallop.SkillDefine.SkillAbilityValueLevelUsage Inverse (off=0) [static]
2026-04-05 03:35:49,325 [INFO]     Gallop.SkillTriggerNull : System.Object
2026-04-05 03:35:49,325 [INFO]       ├ Gallop.SkillTriggerNull _instance (off=0) [static]
2026-04-05 03:35:49,325 [INFO]       ├ Gallop.SkillTriggerNull get_Instance(0p)
2026-04-05 03:35:49,325 [INFO]       ├ System.Boolean get_IsActivated(0p)
2026-04-05 03:35:49,325 [INFO]       ├ System.Void Update(1p)
2026-04-05 03:35:49,325 [INFO]     Gallop.SkillTriggerParamBaseFloat : Gallop.SkillTriggerBase
2026-04-05 03:35:49,325 [INFO]       ├ System.Boolean CheckActivate(0p)
2026-04-05 03:35:49,325 [INFO]       ├ System.Single GetValueLh(0p)
2026-04-05 03:35:49,325 [INFO]       ├ System.Boolean CheckValue(0p)
2026-04-05 03:35:49,325 [INFO]       ├ Gallop.SkillDefine.SkillTriggerCategory get_Category(0p)
2026-04-05 03:35:49,325 [INFO]     Gallop.SkillTriggerLastStraightRandom : Gallop.SkillTriggerDistanceBase
2026-04-05 03:35:49,325 [INFO]       ├ System.Void _InitDistance(0p)
2026-04-05 03:35:49,325 [INFO]       ├ System.Void Update(1p)
2026-04-05 03:35:49,325 [INFO]       ├ Gallop.SkillDefine.SkillTriggerTag GetTag(0p)
2026-04-05 03:35:49,325 [INFO]       ├ Gallop.SkillDefine.SkillTriggerCategory get_Category(0p)
2026-04-05 03:35:49,325 [INFO]     Gallop.SkillTriggerLastStraightOneTime : Gallop.SkillTriggerBase
2026-04-05 03:35:49,325 [INFO]       ├ System.Boolean _isLastStraightPrev (off=104)
2026-04-05 03:35:49,325 [INFO]       ├ System.Boolean CheckActivate(0p)
2026-04-05 03:35:49,325 [INFO]       ├ Gallop.SkillDefine.SkillTriggerCategory get_Category(0p)
2026-04-05 03:35:49,325 [INFO]       ├ Gallop.SkillDefine.SkillTriggerTag GetTag(0p)
2026-04-05 03:35:49,325 [INFO]     Gallop.SkillTriggerAllCornerRandom : Gallop.SkillTriggerDistanceSetBase
2026-04-05 03:35:49,325 [INFO]       ├ System.Int32 CHECK_NUM (off=0) [static]
2026-04-05 03:35:49,325 [INFO]       ├ System.Void InitDistance(0p)
2026-04-05 03:35:49,325 [INFO]       ├ System.Void Update(1p)
2026-04-05 03:35:49,325 [INFO]       ├ Gallop.SkillDefine.SkillTriggerTag GetTag(0p)
2026-04-05 03:35:49,325 [INFO]     Gallop.SkillTriggerRaceAccumulateTimeRandom : Gallop.SkillTriggerParamBase
2026-04-05 03:35:49,325 [INFO]       ├ System.Int32 _randomStartTime (off=104)
2026-04-05 03:35:49,325 [INFO]       ├ System.Boolean CheckActivate(0p)
2026-04-05 03:35:49,325 [INFO]       ├ System.Int32 GetValueLh(0p)
2026-04-05 03:35:49,325 [INFO]       ├ Gallop.SkillDefine.SkillTriggerCategory get_Category(0p)
2026-04-05 03:35:49,325 [INFO]     Gallop.SkillTriggerActivateCountPhase : Gallop.SkillTriggerParamBase
2026-04-05 03:35:49,325 [INFO]       ├ System.Collections.Generic.List<Gallop.HorseRaceInfo.Phase> _countPhases (off=104)
2026-04-05 03:35:49,325 [INFO]       ├ System.Int32 GetValueLh(0p)
2026-04-05 03:35:49,325 [INFO]       ├ Gallop.SkillDefine.SkillTriggerTag GetTag(0p)
2026-04-05 03:35:49,325 [INFO]     Gallop.SkillTriggerIsActivateAnySkill : Gallop.SkillTriggerParamBase
2026-04-05 03:35:49,325 [INFO]       ├ System.Int32 _prevActivateSkillCount (off=104)
2026-04-05 03:35:49,325 [INFO]       ├ System.Int32 _activateThisSkillCount (off=108)
2026-04-05 03:35:49,325 [INFO]       ├ System.Int32 GetValueLh(0p)
2026-04-05 03:35:49,325 [INFO]       ├ Gallop.SkillDefine.SkillTriggerTag GetTag(0p)
2026-04-05 03:35:49,325 [INFO]     Gallop.SkillTriggerActivateSkillTagGroup : Gallop.SkillTriggerParamBase
2026-04-05 03:35:49,325 [INFO]       ├ System.Int32[] _tagArray (off=104)
2026-04-05 03:35:49,325 [INFO]       ├ System.Int32 GetValueLh(0p)
2026-04-05 03:35:49,325 [INFO]       ├ System.Boolean CheckActivate(0p)
2026-04-05 03:35:49,325 [INFO]       ├ Gallop.SkillDefine.SkillTriggerTag GetTag(0p)
2026-04-05 03:35:49,325 [INFO]     Gallop.RaceSerializedSkillParam : System.Object
2026-04-05 03:35:49,325 [INFO]       ├ System.Int32 skill_id (off=16)
2026-04-05 03:35:49,325 [INFO]       ├ System.Int32 level (off=20)
2026-04-05 03:35:49,325 [INFO]       ├ Gallop.SkillData ToSkillData(0p)
2026-04-05 03:35:49,325 [INFO]       ├ Gallop.RaceSerializedSkillParam FromSkillData(1p)
2026-04-05 03:35:49,325 [INFO]     Gallop.IRaceSkillCutInStateImpl
2026-04-05 03:35:49,325 [INFO]       ├ System.Void Enter(1p)
2026-04-05 03:35:49,326 [INFO]       ├ System.Void Exit(0p)
2026-04-05 03:35:49,326 [INFO]       ├ System.Void FixedUpdate(0p)
2026-04-05 03:35:49,326 [INFO]       ├ System.Boolean Update(1p)
2026-04-05 03:35:49,326 [INFO]       ├ System.Void LateUpdate(0p)
2026-04-05 03:35:49,326 [INFO]     Gallop.PartsSingleModeDifficultyEventSkillPlate : UnityEngine.MonoBehaviour
2026-04-05 03:35:49,326 [INFO]       ├ Gallop.SkillIcon _iconSkill (off=32)
2026-04-05 03:35:49,326 [INFO]       ├ Gallop.TextCommon _textSkillName (off=40)
2026-04-05 03:35:49,326 [INFO]       ├ Gallop.TextCommon _textSkillText (off=48)
2026-04-05 03:35:49,326 [INFO]       ├ System.Void Setup(1p)
2026-04-05 03:35:49,326 [INFO]     InheritSkillLearnState : System.Enum
2026-04-05 03:35:49,326 [INFO]       ├ System.Int32 value__ (off=16)
2026-04-05 03:35:49,326 [INFO]       ├ Gallop.SingleModeDefine.InheritSkillLearnState NONE (off=0) [static]
2026-04-05 03:35:49,326 [INFO]       ├ Gallop.SingleModeDefine.InheritSkillLearnState POTENTIAL (off=0) [static]
2026-04-05 03:35:49,326 [INFO]       ├ Gallop.SingleModeDefine.InheritSkillLearnState LEARNED_LV1 (off=0) [static]
2026-04-05 03:35:49,326 [INFO]       ├ Gallop.SingleModeDefine.InheritSkillLearnState LEARNED_LV_HALF (off=0) [static]
2026-04-05 03:35:49,326 [INFO]     Gallop.PartsSingleModeStartSkillList : UnityEngine.MonoBehaviour
2026-04-05 03:35:49,326 [INFO]       ├ Gallop.PartsSingleModeStartSkillListContent _contentBase (off=32)
2026-04-05 03:35:49,326 [INFO]       ├ System.Collections.Generic.List<Gallop.PartsSingleModeStartSkillListContent> _contentList (off=40)
2026-04-05 03:35:49,326 [INFO]       ├ System.Void Setup(1p)
2026-04-05 03:35:49,326 [INFO]       ├ System.Void Cleanup(0p)
2026-04-05 03:35:49,326 [INFO]     AcquiredSkill : SkillDataBase
2026-04-05 03:35:49,326 [INFO]       ├ Gallop.WorkSkillData.AcquiredSkill[] Convert(1p)
2026-04-05 03:35:49,326 [INFO]       ├ Gallop.WorkSkillData.AcquiredSkill Convert(1p)
2026-04-05 03:35:49,326 [INFO]     SkillType : System.Enum
2026-04-05 03:35:49,326 [INFO]       ├ System.Int32 value__ (off=16)
2026-04-05 03:35:49,326 [INFO]       ├ Gallop.PartsGetStatusPlate.SkillType CHARACTER_UNIQUE (off=0) [static]
2026-04-05 03:35:49,326 [INFO]       ├ Gallop.PartsGetStatusPlate.SkillType CHARACTER_TALENT (off=0) [static]
2026-04-05 03:35:49,326 [INFO]       ├ Gallop.PartsGetStatusPlate.SkillType CHARACTER_HINTLV (off=0) [static]
2026-04-05 03:35:49,326 [INFO]     SkillBuffType : System.Enum
2026-04-05 03:35:49,326 [INFO]       ├ System.Int32 value__ (off=16)
2026-04-05 03:35:49,326 [INFO]       ├ Gallop.JikkyoTrigger.SkillBuffType Unknown (off=0) [static]
2026-04-05 03:35:49,326 [INFO]       ├ Gallop.JikkyoTrigger.SkillBuffType Buff (off=0) [static]
2026-04-05 03:35:49,326 [INFO]       ├ Gallop.JikkyoTrigger.SkillBuffType Debuff (off=0) [static]
2026-04-05 03:35:49,326 [INFO]     SkillTargetType : System.Enum
2026-04-05 03:35:49,326 [INFO]       ├ System.Int32 value__ (off=16)
2026-04-05 03:35:49,326 [INFO]       ├ Gallop.JikkyoTrigger.SkillTargetType Unknown (off=0) [static]
2026-04-05 03:35:49,326 [INFO]       ├ Gallop.JikkyoTrigger.SkillTargetType Single (off=0) [static]
2026-04-05 03:35:49,326 [INFO]       ├ Gallop.JikkyoTrigger.SkillTargetType Multi (off=0) [static]
2026-04-05 03:35:49,326 [INFO]     Gallop.ISkillAbilityTimeCalculator
2026-04-05 03:35:49,326 [INFO]       ├ System.Single get_AbilityTime(0p)
2026-04-05 03:35:49,326 [INFO]       ├ System.Single get_AdditionalAbilityTime(0p)
2026-04-05 03:35:49,326 [INFO]       ├ System.Void Init(0p)
2026-04-05 03:35:49,326 [INFO]       ├ System.Void UpdateAbilityTime(0p)
2026-04-05 03:35:49,326 [INFO]     Gallop.SkillAbilityTimeMultiplyDistanceDiffTop : Gallop.SkillAbilityTimeMultiplyBaseDynamicFloat
2026-04-05 03:35:49,326 [INFO]       ├ Gallop.IRaceHorseAccessor _horseAccessor (off=32)
2026-04-05 03:35:49,326 [INFO]       ├ Gallop.RaceParamDefine.SkillParam _skillParam (off=40)
2026-04-05 03:35:49,326 [INFO]       ├ System.Single GetMultiply(0p)
2026-04-05 03:35:49,326 [INFO]     Gallop.SkillAbilityValueDirect : System.Object
2026-04-05 03:35:49,326 [INFO]       ├ System.Single <AbilityValue>k__BackingField (off=16)
2026-04-05 03:35:49,326 [INFO]       ├ System.Single get_AbilityValue(0p)
2026-04-05 03:35:49,326 [INFO]       ├ System.Void set_AbilityValue(1p)
2026-04-05 03:35:49,326 [INFO]     Gallop.SkillAbilityValueMultiplySkillNum : Gallop.SkillAbilityValueMultiplyBaseDynamicFloat
2026-04-05 03:35:49,326 [INFO]       ├ System.Single MULTIPLY_MAX (off=0) [static]
2026-04-05 03:35:49,326 [INFO]       ├ System.Single COEF_PER_SKILL (off=0) [static]
2026-04-05 03:35:49,326 [INFO]       ├ System.Single GetMultiply(0p)
2026-04-05 03:35:49,326 [INFO]     SkillLimitedType : System.Enum
2026-04-05 03:35:49,326 [INFO]       ├ System.Int32 value__ (off=16)
2026-04-05 03:35:49,326 [INFO]       ├ Gallop.SkillDefine.SkillLimitedType Null (off=0) [static]
2026-04-05 03:35:49,326 [INFO]       ├ Gallop.SkillDefine.SkillLimitedType StoryUnlockSkill (off=0) [static]
2026-04-05 03:35:49,326 [INFO]       ├ Gallop.SkillDefine.SkillLimitedType LimitedEventSkill (off=0) [static]
2026-04-05 03:35:49,326 [INFO]     Gallop.ISkillParamModifier
2026-04-05 03:35:49,326 [INFO]       ├ System.Single Apply(1p)
2026-04-05 03:35:49,326 [INFO]       ├ System.Boolean Apply(1p)
2026-04-05 03:35:49,326 [INFO]       ├ System.Boolean Update(1p)
2026-04-05 03:35:49,326 [INFO]       ├ System.Void AddAbilityTime(1p)
2026-04-05 03:35:49,326 [INFO]     Gallop.SkillParamModifierAdd : Gallop.SkillParamModifierBase
2026-04-05 03:35:49,326 [INFO]       ├ System.Single Apply(1p)
2026-04-05 03:35:49,326 [INFO]       ├ System.Boolean Apply(1p)
2026-04-05 03:35:49,326 [INFO]     Gallop.ISkillTarget
2026-04-05 03:35:49,326 [INFO]       ├ System.Void CalcTargets(0p)
2026-04-05 03:35:49,326 [INFO]       ├ System.Collections.Generic.List<Gallop.IHorseRaceInfo> GetTargets(0p)
2026-04-05 03:35:49,326 [INFO]       ├ System.Void SetTargets(1p)
2026-04-05 03:35:49,326 [INFO]       ├ System.Void RemoveTargets(1p)
2026-04-05 03:35:49,326 [INFO]     Gallop.SkillTriggerAlways : Gallop.SkillTriggerParamBase
2026-04-05 03:35:49,326 [INFO]       ├ System.Boolean CheckActivate(0p)
2026-04-05 03:35:49,326 [INFO]       ├ System.Int32 GetValueLh(0p)
2026-04-05 03:35:49,326 [INFO]       ├ Gallop.SkillDefine.SkillTriggerTag GetTag(0p)
2026-04-05 03:35:49,326 [INFO]     Gallop.SkillTriggerStraightRandom : Gallop.SkillTriggerDistanceBase
2026-04-05 03:35:49,326 [INFO]       ├ System.Void _InitDistance(0p)
2026-04-05 03:35:49,326 [INFO]       ├ System.Void Update(1p)
2026-04-05 03:35:49,326 [INFO]       ├ Gallop.SkillDefine.SkillTriggerTag GetTag(0p)
2026-04-05 03:35:49,326 [INFO]     Gallop.SkillTriggerWhileInStraightRandom : Gallop.SkillTriggerDistanceBase
2026-04-05 03:35:49,327 [INFO]       ├ System.Void _InitDistance(0p)
2026-04-05 03:35:49,327 [INFO]       ├ System.Void Update(1p)
2026-04-05 03:35:49,327 [INFO]       ├ Gallop.SkillDefine.SkillTriggerTag GetTag(0p)
2026-04-05 03:35:49,327 [INFO]     Gallop.SkillTriggerStraightFrontType : Gallop.SkillTriggerParamBase
2026-04-05 03:35:49,327 [INFO]       ├ System.Int32 GetValueLh(0p)
2026-04-05 03:35:49,327 [INFO]       ├ Gallop.SkillDefine.SkillTriggerCategory get_Category(0p)
2026-04-05 03:35:49,327 [INFO]       ├ Gallop.SkillDefine.SkillTriggerTag GetTag(0p)
2026-04-05 03:35:49,327 [INFO]     Gallop.SkillTriggerSlopeRandom : Gallop.SkillTriggerDistanceBase
2026-04-05 03:35:49,327 [INFO]       ├ Gallop.RaceDefine.SlopeType get_SlopeType(0p)
2026-04-05 03:35:49,327 [INFO]       ├ System.Void _InitDistance(0p)
2026-04-05 03:35:49,327 [INFO]       ├ System.Boolean <_InitDistance>b__3_0(1p)
2026-04-05 03:35:49,327 [INFO]     Gallop.SkillTriggerCornerRandom : Gallop.SkillTriggerDistanceBase
2026-04-05 03:35:49,327 [INFO]       ├ System.Void _InitDistance(0p)
2026-04-05 03:35:49,327 [INFO]       ├ System.Void Update(1p)
2026-04-05 03:35:49,327 [INFO]       ├ Gallop.SkillDefine.SkillTriggerTag GetTag(0p)
2026-04-05 03:35:49,327 [INFO]     Gallop.SkillTriggerFinalCorner : Gallop.SkillTriggerParamBase
2026-04-05 03:35:49,327 [INFO]       ├ System.Int32 GetValueLh(0p)
2026-04-05 03:35:49,327 [INFO]       ├ Gallop.SkillDefine.SkillTriggerCategory get_Category(0p)
2026-04-05 03:35:49,327 [INFO]       ├ Gallop.SkillDefine.SkillTriggerTag GetTag(0p)
2026-04-05 03:35:49,327 [INFO]     Gallop.SkillTriggerFinalCornerRandom : Gallop.SkillTriggerDistanceBase
2026-04-05 03:35:49,327 [INFO]       ├ System.Void _InitDistance(0p)
2026-04-05 03:35:49,327 [INFO]       ├ System.Void Update(1p)
2026-04-05 03:35:49,327 [INFO]       ├ Gallop.SkillDefine.SkillTriggerTag GetTag(0p)
2026-04-05 03:35:49,327 [INFO]     Gallop.SkillTriggerCourseBasisDistance : Gallop.SkillTriggerParamBase
2026-04-05 03:35:49,327 [INFO]       ├ System.Int32 _isBasisDistance (off=104)
2026-04-05 03:35:49,327 [INFO]       ├ System.Int32 GetValueLh(0p)
2026-04-05 03:35:49,327 [INFO]       ├ Gallop.SkillDefine.SkillTriggerTag GetTag(0p)
2026-04-05 03:35:49,327 [INFO]     Gallop.SkillTriggerExistCharaId : Gallop.SkillTriggerParamBase
2026-04-05 03:35:49,327 [INFO]       ├ System.Boolean _isExistCharaId (off=104)
2026-04-05 03:35:49,327 [INFO]       ├ System.Boolean CheckActivate(0p)
2026-04-05 03:35:49,327 [INFO]       ├ System.Int32 GetValueLh(0p)
2026-04-05 03:35:49,327 [INFO]     Gallop.SkillTriggerPhaseRandom : Gallop.SkillTriggerDistanceBase
2026-04-05 03:35:49,327 [INFO]       ├ System.Void _InitDistance(0p)
2026-04-05 03:35:49,327 [INFO]       ├ System.Void _InitDistanceByPhase(1p)
2026-04-05 03:35:49,327 [INFO]       ├ Gallop.SkillDefine.SkillTriggerTag GetTag(1p)
2026-04-05 03:35:49,327 [INFO]     Gallop.SkillTriggerPhaseLaterHalfRandom : Gallop.SkillTriggerDistanceBase
2026-04-05 03:35:49,327 [INFO]       ├ System.Void _InitDistance(0p)
2026-04-05 03:35:49,327 [INFO]       ├ System.Void _InitDistanceByPhase(1p)
2026-04-05 03:35:49,327 [INFO]       ├ Gallop.SkillDefine.SkillTriggerTag GetTag(1p)
2026-04-05 03:35:49,327 [INFO]     Gallop.SkillTriggerPhaseFirstHalfRandom : Gallop.SkillTriggerDistanceBase
2026-04-05 03:35:49,327 [INFO]       ├ System.Void _InitDistance(0p)
2026-04-05 03:35:49,327 [INFO]       ├ System.Void InitDistanceByPhase(1p)
2026-04-05 03:35:49,327 [INFO]       ├ Gallop.SkillDefine.SkillTriggerTag GetTag(1p)
2026-04-05 03:35:49,327 [INFO]     Gallop.SkillTriggerAllPhaseRandom : Gallop.SkillTriggerPhaseRandom
2026-04-05 03:35:49,327 [INFO]       ├ Gallop.HorseRaceInfo.Phase[] RANDOM_PHASES (off=0) [static]
2026-04-05 03:35:49,327 [INFO]       ├ System.Void _InitDistance(0p)
2026-04-05 03:35:49,327 [INFO]     Gallop.SkillTriggerRunningStyleCountSame : Gallop.SkillTriggerParamBase
2026-04-05 03:35:49,327 [INFO]       ├ System.Int32 _sameStyleCount (off=104)
2026-04-05 03:35:49,327 [INFO]       ├ System.Int32 GetValueLh(0p)
2026-04-05 03:35:49,327 [INFO]       ├ Gallop.SkillDefine.SkillTriggerTag GetTag(0p)
2026-04-05 03:35:49,327 [INFO]     Gallop.SkillTriggerRunningStyleCountSameRate : Gallop.SkillTriggerParamBase
2026-04-05 03:35:49,327 [INFO]       ├ System.Int32 _sameStyleCount (off=104)
2026-04-05 03:35:49,327 [INFO]       ├ System.Int32 GetValueLh(0p)
2026-04-05 03:35:49,327 [INFO]       ├ Gallop.SkillDefine.SkillTriggerTag GetTag(0p)
2026-04-05 03:35:49,327 [INFO]     Gallop.SkillTriggerRunningStyleEqualPopularityOne : Gallop.SkillTriggerParamBase
2026-04-05 03:35:49,327 [INFO]       ├ System.Int32 _isEqual (off=104)
2026-04-05 03:35:49,327 [INFO]       ├ System.Int32 GetValueLh(0p)
2026-04-05 03:35:49,327 [INFO]       ├ Gallop.SkillDefine.SkillTriggerTag GetTag(0p)
2026-04-05 03:35:49,327 [INFO]     Gallop.SkillTriggerPopularityTopIconNum : Gallop.SkillTriggerParamBase
2026-04-05 03:35:49,327 [INFO]       ├ System.Int32 _topIconNum (off=104)
2026-04-05 03:35:49,327 [INFO]       ├ System.Int32 GetValueLh(0p)
2026-04-05 03:35:49,327 [INFO]       ├ Gallop.SkillDefine.SkillTriggerTag GetTag(0p)
2026-04-05 03:35:49,327 [INFO]     Gallop.SkillTriggerPopularityIconNum : Gallop.SkillTriggerParamBase
2026-04-05 03:35:49,327 [INFO]       ├ System.Int32 _iconNum (off=104)
2026-04-05 03:35:49,327 [INFO]       ├ System.Int32 GetValueLh(0p)
2026-04-05 03:35:49,327 [INFO]       ├ Gallop.SkillDefine.SkillTriggerTag GetTag(0p)
2026-04-05 03:35:49,327 [INFO]     Gallop.SkillTriggerRandomLot : Gallop.SkillTriggerParamBase
2026-04-05 03:35:49,327 [INFO]       ├ System.Boolean _isLotOK (off=104)
2026-04-05 03:35:49,327 [INFO]       ├ System.Boolean CheckActivate(0p)
2026-04-05 03:35:49,327 [INFO]       ├ System.Int32 GetValueLh(0p)
2026-04-05 03:35:49,327 [INFO]     Gallop.SkillTriggerCollectionNull : System.Object
2026-04-05 03:35:49,327 [INFO]       ├ System.Boolean IsActivatedAny(0p)
2026-04-05 03:35:49,327 [INFO]       ├ System.Void Update(1p)
2026-04-05 03:35:49,327 [INFO]       ├ System.Void AddTriggerGroup(1p)
2026-04-05 03:35:49,327 [INFO]     SkillInfoUIReserve : System.Object
2026-04-05 03:35:49,327 [INFO]       ├ System.Int32 HorseIndex (off=16)
2026-04-05 03:35:49,327 [INFO]       ├ System.Boolean IsDebuff (off=20)
2026-04-05 03:35:49,327 [INFO]       ├ Gallop.SkillDefine.SkillCategory Category (off=24)
2026-04-05 03:35:49,327 [INFO]     Gallop.RaceSkillCutInStateImplRare : Gallop.RaceSkillCutInStateImplBase
2026-04-05 03:35:49,327 [INFO]       ├ System.String GetMainCutInName(0p)
2026-04-05 03:35:49,327 [INFO]       ├ System.Void StateMain_Enter(0p)
2026-04-05 03:35:49,328 [INFO]       ├ System.Void PlaySystemVoice(0p)
2026-04-05 03:35:49,328 [INFO]     GetRemainingSkillPointDelegate : System.MulticastDelegate
2026-04-05 03:35:49,328 [INFO]       ├ System.Int32 Invoke(0p)
2026-04-05 03:35:49,328 [INFO]       ├ System.IAsyncResult BeginInvoke(2p)
2026-04-05 03:35:49,328 [INFO]       ├ System.Int32 EndInvoke(1p)
2026-04-05 03:35:49,328 [INFO]     SkillStateType : System.Enum
2026-04-05 03:35:49,328 [INFO]       ├ System.Int32 value__ (off=16)
2026-04-05 03:35:49,328 [INFO]       ├ Gallop.SingleModeChoiceRewardInfoSkillInfo.SkillStateType NotAcquiredAndUnAcquirable (off=0) [static]
2026-04-05 03:35:49,328 [INFO]       ├ Gallop.SingleModeChoiceRewardInfoSkillInfo.SkillStateType NotAcquiredAndAcquirable (off=0) [static]
2026-04-05 03:35:49,328 [INFO]       ├ Gallop.SingleModeChoiceRewardInfoSkillInfo.SkillStateType Acquired (off=0) [static]
2026-04-05 03:35:49,328 [INFO]     Gallop.PartsSingleModeChoiceRewardSkillElement : UnityEngine.MonoBehaviour
2026-04-05 03:35:49,328 [INFO]       ├ Gallop.PartsSingleModeSkillListItem _skillItem (off=32)
2026-04-05 03:35:49,328 [INFO]       ├ Gallop.TextCommon _skillText (off=40)
2026-04-05 03:35:49,328 [INFO]       ├ System.Void Setup(1p)
2026-04-05 03:35:49,328 [INFO]     Gallop.PartsSingleModeStartSkillListContent : UnityEngine.MonoBehaviour
2026-04-05 03:35:49,328 [INFO]       ├ Gallop.TextCommon _categoryName (off=32)
2026-04-05 03:35:49,328 [INFO]       ├ UnityEngine.GameObject _skillBase (off=40)
2026-04-05 03:35:49,328 [INFO]       ├ System.Void Setup(2p)
2026-04-05 03:35:49,328 [INFO]     RaceUISSRSkillNameFlash : System.Object
2026-04-05 03:35:49,328 [INFO]       ├ UnityEngine.Vector3 FLASH_POS (off=0) [static]
2026-04-05 03:35:49,328 [INFO]       ├ UnityEngine.Vector3 STEAM_LANDSCAPE_FLASH_POS (off=12) [static]
2026-04-05 03:35:49,328 [INFO]     DialogSingleModeSkillUpgradeCondition : System.Object
2026-04-05 03:35:49,328 [INFO]       ├ System.Single UPGRADE_ROOT_POSITION_Y (off=0) [static]
2026-04-05 03:35:49,328 [INFO]       ├ System.Single UPGRADE_ROOT_SIZE_HEIGHT (off=4) [static]
2026-04-05 03:35:49,328 [INFO]     Gallop.TrainingChallenge.ScoreBonusSkillData : System.Object
2026-04-05 03:35:49,328 [INFO]       ├ System.String Name (off=16)
2026-04-05 03:35:49,328 [INFO]       ├ System.String Value (off=24)
2026-04-05 03:35:49,328 [INFO]       ├ Gallop.MasterSkillData.SkillData SkillMaster (off=32)
2026-04-05 03:35:49,328 [INFO]     SkillRarity : System.Object
2026-04-05 03:35:49,328 [INFO]       ├ System.Int32 Id (off=16)
2026-04-05 03:35:49,328 [INFO]       ├ System.Int32 Value (off=20)
2026-04-05 03:35:49,328 [INFO]     AcquirableSkill : SkillDataBase
2026-04-05 03:35:49,328 [INFO]       ├ Gallop.MasterAvailableSkillSet.AvailableSkillSet <SkillSet>k__BackingField (off=64)
2026-04-05 03:35:49,328 [INFO]       ├ Gallop.MasterAvailableSkillSet.AvailableSkillSet get_SkillSet(0p)
2026-04-05 03:35:49,328 [INFO]     Gallop.PartsTalentLevelUpSkillGroup : UnityEngine.MonoBehaviour
2026-04-05 03:35:49,328 [INFO]       ├ System.Collections.Generic.List<Gallop.PartsGetSkillPlate> _plateList (off=32)
2026-04-05 03:35:49,328 [INFO]       ├ System.Void SetUp(3p)
2026-04-05 03:35:49,328 [INFO]     Gallop.RaceLoaderSkillCutIn : System.Object
2026-04-05 03:35:49,328 [INFO]       ├ System.Void RegisterPath(2p)
2026-04-05 03:35:49,328 [INFO]       ├ System.Collections.IEnumerator OnLoadEnd(0p)
2026-04-05 03:35:49,328 [INFO]     Gallop.SkillAbilityTimeMultiplyRemainHp : Gallop.SkillAbilityTimeMultiplyBaseDynamicFloat
2026-04-05 03:35:49,328 [INFO]       ├ Gallop.RaceParamDefine.SkillParam _skillParam (off=32)
2026-04-05 03:35:49,328 [INFO]       ├ System.Single GetMultiply(0p)
2026-04-05 03:35:49,328 [INFO]     Gallop.SkillAbilityValueMultiplyHealSkillActivateCount : Gallop.SkillAbilityValueMultiplyBaseDynamicFloat
2026-04-05 03:35:49,328 [INFO]       ├ System.Single MULTIPLY_MAX (off=0) [static]
2026-04-05 03:35:49,328 [INFO]       ├ System.Single GetMultiply(0p)
2026-04-05 03:35:49,328 [INFO]     Gallop.SkillAbilityValueMultiplyActivateSpecificTagSkillCount : Gallop.SkillAbilityValueMultiplyBaseDynamicFloat
2026-04-05 03:35:49,328 [INFO]       ├ Gallop.RaceParamDefine.SkillParam _paramDefine (off=32)
2026-04-05 03:35:49,328 [INFO]       ├ System.Single GetMultiply(0p)
2026-04-05 03:35:49,328 [INFO]     Gallop.SkillAbilityValueMultiplyInvTeamMemberCount : Gallop.SkillAbilityValueMultiplyBaseDynamicFloat
2026-04-05 03:35:49,328 [INFO]       ├ Gallop.IRaceHorseAccessor _horseAccessor (off=32)
2026-04-05 03:35:49,328 [INFO]       ├ System.Single GetMultiply(0p)
2026-04-05 03:35:49,328 [INFO]     Gallop.SkillAbilityValueMultiplyOrderUpCountCornerPhaseEndAfter : Gallop.SkillAbilityValueMultiplyBaseDynamicFloat
2026-04-05 03:35:49,328 [INFO]       ├ Gallop.RaceParamDefine.SkillParam _skillParam (off=32)
2026-04-05 03:35:49,328 [INFO]       ├ System.Single GetMultiply(0p)
2026-04-05 03:35:49,328 [INFO]     Gallop.SkillAbilityValueMultiplyBaseWiz : Gallop.SkillAbilityValueMultiplyStatusBase
2026-04-05 03:35:49,328 [INFO]       ├ Gallop.RaceParamDefine.SkillParam.BaseStatusCoef[] get_BaseStatusCoefArray(0p)
2026-04-05 03:35:49,328 [INFO]       ├ System.Single get_BaseStatus(0p)
2026-04-05 03:35:49,328 [INFO]     Gallop.SkillAbilityValueLevelCalculator : System.Object
2026-04-05 03:35:49,328 [INFO]       ├ System.Single ApplyLevelToValue(4p)
2026-04-05 03:35:49,328 [INFO]       ├ System.Single GetLevelCoef(2p)
2026-04-05 03:35:49,328 [INFO]       ├ System.Single ApplyLevelCoefToValue(3p)
2026-04-05 03:35:49,328 [INFO]     SkillTriggerCategory : System.Enum
2026-04-05 03:35:49,328 [INFO]       ├ System.Int32 value__ (off=16)
2026-04-05 03:35:49,328 [INFO]       ├ Gallop.SkillDefine.SkillTriggerCategory Timing (off=0) [static]
2026-04-05 03:35:49,328 [INFO]       ├ Gallop.SkillDefine.SkillTriggerCategory Param (off=0) [static]
2026-04-05 03:35:49,328 [INFO]     Gallop.SkillTargetAllOtherSelf : Gallop.SkillTargetBase
2026-04-05 03:35:49,328 [INFO]       ├ System.Void CalcTargetsDerived(0p)
2026-04-05 03:35:49,328 [INFO]       ├ System.Boolean <CalcTargetsDerived>b__1_0(1p)
2026-04-05 03:35:49,328 [INFO]     Gallop.SkillTargetOrder : Gallop.SkillTargetBase
2026-04-05 03:35:49,328 [INFO]       ├ System.Void CalcTargetsDerived(0p)
2026-04-05 03:35:49,328 [INFO]       ├ System.Boolean <CalcTargetsDerived>b__1_0(1p)
2026-04-05 03:35:49,328 [INFO]     Gallop.SkillTargetOrderInfront : Gallop.SkillTargetBase
2026-04-05 03:35:49,328 [INFO]       ├ System.Void CalcTargetsDerived(0p)
2026-04-05 03:35:49,328 [INFO]       ├ System.Boolean <CalcTargetsDerived>b__1_0(1p)
2026-04-05 03:35:49,328 [INFO]     Gallop.SkillTargetOrderBehind : Gallop.SkillTargetBase
2026-04-05 03:35:49,328 [INFO]       ├ System.Void CalcTargetsDerived(0p)
2026-04-05 03:35:49,328 [INFO]       ├ System.Boolean <CalcTargetsDerived>b__1_0(1p)
2026-04-05 03:35:49,328 [INFO]     Gallop.SkillTargetSelfInfrontTemptation : Gallop.SkillTargetBase
2026-04-05 03:35:49,328 [INFO]       ├ System.Void CalcTargetsDerived(0p)
2026-04-05 03:35:49,328 [INFO]       ├ System.Boolean <CalcTargetsDerived>b__1_0(1p)
2026-04-05 03:35:49,328 [INFO]     Gallop.SkillTargetSelfBehindTemptation : Gallop.SkillTargetBase
2026-04-05 03:35:49,328 [INFO]       ├ System.Void CalcTargetsDerived(0p)
2026-04-05 03:35:49,328 [INFO]       ├ System.Boolean <CalcTargetsDerived>b__1_0(1p)
2026-04-05 03:35:49,328 [INFO]     Gallop.SkillTargetRunningStyleOtherSelf : Gallop.SkillTargetBase
2026-04-05 03:35:49,328 [INFO]       ├ System.Void CalcTargetsDerived(0p)
2026-04-05 03:35:49,328 [INFO]       ├ System.Boolean <CalcTargetsDerived>b__1_0(1p)
2026-04-05 03:35:49,328 [INFO]     Gallop.SkillTargetCharaId : Gallop.SkillTargetBase
2026-04-05 03:35:49,328 [INFO]       ├ System.Void CalcTargetsDerived(0p)
2026-04-05 03:35:49,328 [INFO]       ├ System.Boolean <CalcTargetsDerived>b__1_0(1p)
2026-04-05 03:35:49,328 [INFO]     Gallop.ISkillTriggerCollection
2026-04-05 03:35:49,328 [INFO]       ├ System.Boolean IsActivatedAny(0p)
2026-04-05 03:35:49,328 [INFO]       ├ System.Void Update(1p)
2026-04-05 03:35:49,329 [INFO]       ├ System.Void AddTriggerGroup(1p)
2026-04-05 03:35:49,329 [INFO]     Gallop.SkillTriggerMonth : Gallop.SkillTriggerParamBase
2026-04-05 03:35:49,329 [INFO]       ├ System.Int32 _month (off=104)
2026-04-05 03:35:49,329 [INFO]       ├ System.Int32 GetValueLh(0p)
2026-04-05 03:35:49,329 [INFO]     Gallop.SkillTriggerCourseRotation : Gallop.SkillTriggerParamBase
2026-04-05 03:35:49,329 [INFO]       ├ System.Int32 GetValueLh(0p)
2026-04-05 03:35:49,329 [INFO]       ├ Gallop.SkillDefine.SkillTriggerTag GetTag(0p)
2026-04-05 03:35:49,329 [INFO]     Gallop.SkillTriggerGroundType : Gallop.SkillTriggerParamBase
2026-04-05 03:35:49,329 [INFO]       ├ System.Int32 GetValueLh(0p)
2026-04-05 03:35:49,329 [INFO]       ├ Gallop.SkillDefine.SkillTriggerTag GetTag(1p)
2026-04-05 03:35:49,329 [INFO]     Gallop.SkillTriggerGroundCondition : Gallop.SkillTriggerParamBase
2026-04-05 03:35:49,329 [INFO]       ├ System.Int32 GetValueLh(0p)
2026-04-05 03:35:49,329 [INFO]       ├ Gallop.SkillDefine.SkillTriggerTag GetTag(0p)
2026-04-05 03:35:49,329 [INFO]     Gallop.SkillTriggerFurlong : Gallop.SkillTriggerParamBase
2026-04-05 03:35:49,329 [INFO]       ├ System.Int32 GetValueLh(0p)
2026-04-05 03:35:49,329 [INFO]       ├ Gallop.SkillDefine.SkillTriggerCategory get_Category(0p)
2026-04-05 03:35:49,329 [INFO]     Gallop.SkillTriggerFurlongRandom : Gallop.SkillTriggerDistanceBase
2026-04-05 03:35:49,329 [INFO]       ├ System.Void _InitDistance(0p)
2026-04-05 03:35:49,329 [INFO]       ├ Gallop.SkillDefine.SkillTriggerCategory get_Category(0p)
2026-04-05 03:35:49,329 [INFO]     Gallop.SkillTriggerSlope : Gallop.SkillTriggerParamBase
2026-04-05 03:35:49,329 [INFO]       ├ System.Int32 GetValueLh(0p)
2026-04-05 03:35:49,329 [INFO]       ├ Gallop.SkillDefine.SkillTriggerCategory get_Category(0p)
2026-04-05 03:35:49,329 [INFO]     Gallop.SkillTriggerCorner : Gallop.SkillTriggerParamBase
2026-04-05 03:35:49,329 [INFO]       ├ System.Int32 GetValueLh(0p)
2026-04-05 03:35:49,329 [INFO]       ├ Gallop.SkillDefine.SkillTriggerCategory get_Category(0p)
2026-04-05 03:35:49,329 [INFO]     Gallop.SkillTriggerWeather : Gallop.SkillTriggerParamBase
2026-04-05 03:35:49,329 [INFO]       ├ System.Int32 GetValueLh(0p)
2026-04-05 03:35:49,329 [INFO]       ├ Gallop.SkillDefine.SkillTriggerTag GetTag(0p)
2026-04-05 03:35:49,329 [INFO]     Gallop.SkillTriggerSeason : Gallop.SkillTriggerParamBase
2026-04-05 03:35:49,329 [INFO]       ├ System.Int32 GetValueLh(0p)
2026-04-05 03:35:49,329 [INFO]       ├ Gallop.SkillDefine.SkillTriggerTag GetTag(0p)
2026-04-05 03:35:49,329 [INFO]     Gallop.SkillTriggerRaceAccumulateTime : Gallop.SkillTriggerParamBase
2026-04-05 03:35:49,329 [INFO]       ├ System.Int32 GetValueLh(0p)
2026-04-05 03:35:49,329 [INFO]       ├ Gallop.SkillDefine.SkillTriggerCategory get_Category(0p)
2026-04-05 03:35:49,329 [INFO]     Gallop.SkillTriggerCourseDistanceType : Gallop.SkillTriggerParamBase
2026-04-05 03:35:49,330 [INFO]       ├ System.Int32 GetValueLh(0p)
2026-04-05 03:35:49,330 [INFO]       ├ Gallop.SkillDefine.SkillTriggerTag GetTag(1p)
2026-04-05 03:35:49,330 [INFO]     Gallop.SkillTriggerRaceTrackId : Gallop.SkillTriggerParamBase
2026-04-05 03:35:49,330 [INFO]       ├ System.Int32 GetValueLh(0p)
2026-04-05 03:35:49,330 [INFO]       ├ Gallop.SkillDefine.SkillTriggerTag GetTag(0p)
2026-04-05 03:35:49,330 [INFO]     Gallop.SkillTriggerActivateHealSkillCount : Gallop.SkillTriggerParamBase
2026-04-05 03:35:49,330 [INFO]       ├ System.Int32 GetValueLh(0p)
2026-04-05 03:35:49,330 [INFO]       ├ Gallop.SkillDefine.SkillTriggerTag GetTag(0p)
2026-04-05 03:35:49,330 [INFO]     Gallop.SkillTriggerDistanceDiffInfront : Gallop.SkillTriggerParamBase
2026-04-05 03:35:49,330 [INFO]       ├ System.Boolean CheckActivate(0p)
2026-04-05 03:35:49,330 [INFO]       ├ System.Int32 GetValueLh(0p)
2026-04-05 03:35:49,330 [INFO]     Gallop.SkillTriggerDistanceDiffBehind : Gallop.SkillTriggerParamBase
2026-04-05 03:35:49,330 [INFO]       ├ System.Boolean CheckActivate(0p)
2026-04-05 03:35:49,330 [INFO]       ├ System.Int32 GetValueLh(0p)
2026-04-05 03:35:49,330 [INFO]     Gallop.SkillTriggerBashinDiffInfront : Gallop.SkillTriggerParamBaseFloat
2026-04-05 03:35:49,330 [INFO]       ├ System.Boolean CheckActivate(0p)
2026-04-05 03:35:49,330 [INFO]       ├ System.Single GetValueLh(0p)
2026-04-05 03:35:49,330 [INFO]     Gallop.SkillTriggerBashinDiffBehind : Gallop.SkillTriggerParamBaseFloat
2026-04-05 03:35:49,330 [INFO]       ├ System.Boolean CheckActivate(0p)
2026-04-05 03:35:49,330 [INFO]       ├ System.Single GetValueLh(0p)
2026-04-05 03:35:49,330 [INFO]     Gallop.SkillTriggerLastSpurt : Gallop.SkillTriggerParamBase
2026-04-05 03:35:49,330 [INFO]       ├ System.Int32 GetValueLh(0p)
2026-04-05 03:35:49,330 [INFO]       ├ Gallop.SkillDefine.SkillTriggerTag GetTag(0p)
2026-04-05 03:35:49,330 [INFO]     Gallop.SkillTriggerFinalGradeHigherCount : Gallop.SkillTriggerParamBase
2026-04-05 03:35:49,330 [INFO]       ├ System.Int32 _higherCount (off=104)
2026-04-05 03:35:49,330 [INFO]       ├ System.Int32 GetValueLh(0p)
2026-04-05 03:35:49,330 [INFO]     Gallop.SkillTriggerFinalGradeLowerCount : Gallop.SkillTriggerParamBase
2026-04-05 03:35:49,330 [INFO]       ├ System.Int32 _lowerCount (off=104)
2026-04-05 03:35:49,330 [INFO]       ├ System.Int32 GetValueLh(0p)
2026-04-05 03:35:49,330 [INFO]     Gallop.SkillTriggerChangeOrder : Gallop.SkillTriggerParamBase
2026-04-05 03:35:49,330 [INFO]       ├ System.Boolean CheckActivate(0p)
2026-04-05 03:35:49,330 [INFO]       ├ System.Int32 GetValueLh(0p)
2026-04-05 03:35:49,330 [INFO]     Gallop.SkillTriggerChangeOrderUpPhaseMiddle : Gallop.SkillTriggerParamBase
2026-04-05 03:35:49,330 [INFO]       ├ System.Int32 GetValueLh(0p)
2026-04-05 03:35:49,330 [INFO]       ├ Gallop.SkillDefine.SkillTriggerTag GetTag(0p)
2026-04-05 03:35:49,330 [INFO]     Gallop.SkillTriggerChangeOrderUpPhaseEndAfter : Gallop.SkillTriggerParamBase
2026-04-05 03:35:49,330 [INFO]       ├ System.Int32 GetValueLh(0p)
2026-04-05 03:35:49,330 [INFO]       ├ Gallop.SkillDefine.SkillTriggerTag GetTag(0p)
2026-04-05 03:35:49,330 [INFO]     Gallop.SkillTriggerChangeOrderUpCorner : Gallop.SkillTriggerParamBase
2026-04-05 03:35:49,330 [INFO]       ├ System.Int32 GetValueLh(0p)
2026-04-05 03:35:49,330 [INFO]       ├ Gallop.SkillDefine.SkillTriggerTag GetTag(0p)
2026-04-05 03:35:49,330 [INFO]     Gallop.SkillTriggerChangeOrderUpLastSpurt : Gallop.SkillTriggerParamBase
2026-04-05 03:35:49,330 [INFO]       ├ System.Int32 GetValueLh(0p)
2026-04-05 03:35:49,330 [INFO]       ├ Gallop.SkillDefine.SkillTriggerTag GetTag(0p)
2026-04-05 03:35:49,330 [INFO]     Gallop.SkillTriggerChangeOrderUpFinalCornerAfter : Gallop.SkillTriggerParamBase
2026-04-05 03:35:49,330 [INFO]       ├ System.Int32 GetValueLh(0p)
2026-04-05 03:35:49,330 [INFO]       ├ Gallop.SkillDefine.SkillTriggerTag GetTag(0p)
2026-04-05 03:35:49,330 [INFO]     Gallop.SkillTriggerChangeOrderDownPhaseMiddle : Gallop.SkillTriggerParamBase
2026-04-05 03:35:49,330 [INFO]       ├ System.Int32 GetValueLh(0p)
2026-04-05 03:35:49,330 [INFO]       ├ Gallop.SkillDefine.SkillTriggerTag GetTag(0p)
2026-04-05 03:35:49,330 [INFO]     Gallop.SkillTriggerChangeOrderDownPhaseEndAfter : Gallop.SkillTriggerParamBase
2026-04-05 03:35:49,330 [INFO]       ├ System.Int32 GetValueLh(0p)
2026-04-05 03:35:49,330 [INFO]       ├ Gallop.SkillDefine.SkillTriggerTag GetTag(0p)
2026-04-05 03:35:49,330 [INFO]     Gallop.SkillTriggerChangeOrderDownCorner : Gallop.SkillTriggerParamBase
2026-04-05 03:35:49,330 [INFO]       ├ System.Int32 GetValueLh(0p)
2026-04-05 03:35:49,330 [INFO]       ├ Gallop.SkillDefine.SkillTriggerTag GetTag(0p)
2026-04-05 03:35:49,330 [INFO]     Gallop.SkillTriggerChangeOrderDownLastSpurt : Gallop.SkillTriggerParamBase
2026-04-05 03:35:49,330 [INFO]       ├ System.Int32 GetValueLh(0p)
2026-04-05 03:35:49,330 [INFO]       ├ Gallop.SkillDefine.SkillTriggerTag GetTag(0p)
2026-04-05 03:35:49,330 [INFO]     Gallop.SkillTriggerChangeOrderDownFinalCornerAfter : Gallop.SkillTriggerParamBase
2026-04-05 03:35:49,330 [INFO]       ├ System.Int32 GetValueLh(0p)
2026-04-05 03:35:49,330 [INFO]       ├ Gallop.SkillDefine.SkillTriggerTag GetTag(0p)
2026-04-05 03:35:49,330 [INFO]     Gallop.SkillTriggerRunningStyle : Gallop.SkillTriggerParamBase
2026-04-05 03:35:49,330 [INFO]       ├ System.Int32 GetValueLh(0p)
2026-04-05 03:35:49,330 [INFO]       ├ Gallop.SkillDefine.SkillTriggerTag GetTag(1p)
2026-04-05 03:35:49,330 [INFO]     Gallop.SkillTriggerIsRunningStyleCountMax : Gallop.SkillTriggerParamBase
2026-04-05 03:35:49,330 [INFO]       ├ System.Boolean _isSelfStyleMax (off=104)
2026-04-05 03:35:49,330 [INFO]       ├ System.Int32 GetValueLh(0p)
2026-04-05 03:35:49,330 [INFO]     Gallop.SkillTriggerOrderRateInContinue : Gallop.SkillTriggerParamBase
2026-04-05 03:35:49,330 [INFO]       ├ Gallop.SkillDefine.OrderInType _type (off=104)
2026-04-05 03:35:49,330 [INFO]       ├ System.Int32 GetValueLh(0p)
2026-04-05 03:35:49,330 [INFO]     Gallop.SkillTriggerOrderRateOutContinue : Gallop.SkillTriggerParamBase
2026-04-05 03:35:49,330 [INFO]       ├ Gallop.SkillDefine.OrderOutType _type (off=104)
2026-04-05 03:35:49,330 [INFO]       ├ System.Int32 GetValueLh(0p)
2026-04-05 03:35:49,330 [INFO]     Gallop.SkillTriggerOrderRateLastSpurt : Gallop.SkillTriggerParamBase
2026-04-05 03:35:49,330 [INFO]       ├ System.Boolean CheckActivate(0p)
2026-04-05 03:35:49,330 [INFO]       ├ System.Int32 GetValueLh(0p)
2026-04-05 03:35:49,330 [INFO]     Gallop.SkillTriggerOrderLastSpurt : Gallop.SkillTriggerParamBase
2026-04-05 03:35:49,330 [INFO]       ├ System.Boolean CheckActivate(0p)
2026-04-05 03:35:49,330 [INFO]       ├ System.Int32 GetValueLh(0p)
2026-04-05 03:35:49,330 [INFO]     Gallop.SkillTriggerOrderRateFinalCornerEnd : Gallop.SkillTriggerParamBase
2026-04-05 03:35:49,331 [INFO]       ├ System.Boolean CheckActivate(0p)
2026-04-05 03:35:49,331 [INFO]       ├ System.Int32 GetValueLh(0p)
2026-04-05 03:35:49,331 [INFO]     Gallop.SkillTriggerOrderFinalCornerEnd : Gallop.SkillTriggerParamBase
2026-04-05 03:35:49,331 [INFO]       ├ System.Boolean CheckActivate(0p)
2026-04-05 03:35:49,331 [INFO]       ├ System.Int32 GetValueLh(0p)
2026-04-05 03:35:49,331 [INFO]     Gallop.SkillTriggerPopularity : Gallop.SkillTriggerParamBase
2026-04-05 03:35:49,331 [INFO]       ├ System.Int32 GetValueLh(0p)
2026-04-05 03:35:49,331 [INFO]       ├ Gallop.SkillDefine.SkillTriggerTag GetTag(0p)
2026-04-05 03:35:49,331 [INFO]     Gallop.SkillTriggerPopularityRate : Gallop.SkillTriggerParamBase
2026-04-05 03:35:49,331 [INFO]       ├ System.Int32 GetValueLh(0p)
2026-04-05 03:35:49,331 [INFO]       ├ Gallop.SkillDefine.SkillTriggerTag GetTag(0p)
2026-04-05 03:35:49,331 [INFO]     Gallop.SkillTriggerPostNumber : Gallop.SkillTriggerParamBase
2026-04-05 03:35:49,331 [INFO]       ├ System.Int32 GetValueLh(0p)
2026-04-05 03:35:49,331 [INFO]       ├ Gallop.SkillDefine.SkillTriggerTag GetTag(0p)
2026-04-05 03:35:49,331 [INFO]     Gallop.SkillTriggerPostNumberRate : Gallop.SkillTriggerParamBase
2026-04-05 03:35:49,331 [INFO]       ├ System.Int32 GetValueLh(0p)
2026-04-05 03:35:49,331 [INFO]       ├ Gallop.SkillDefine.SkillTriggerTag GetTag(0p)
2026-04-05 03:35:49,331 [INFO]     Gallop.SkillTriggerHorseDistanceRate : Gallop.SkillTriggerParamBase
2026-04-05 03:35:49,331 [INFO]       ├ System.Int32 GetValueLh(0p)
2026-04-05 03:35:49,331 [INFO]       ├ Gallop.SkillDefine.SkillTriggerCategory get_Category(0p)
2026-04-05 03:35:49,331 [INFO]     Gallop.SkillTriggerHorseViewerIdRemainDistance : Gallop.SkillTriggerParamBase
2026-04-05 03:35:49,331 [INFO]       ├ Gallop.IHorseRaceInfo[] _targetHorseArray (off=104)
2026-04-05 03:35:49,331 [INFO]       ├ System.Int32 GetValueLh(0p)
2026-04-05 03:35:49,331 [INFO]     Gallop.SkillTriggerDistanceRateAfterRandom : Gallop.SkillTriggerDistanceBase
2026-04-05 03:35:49,331 [INFO]       ├ System.Void _InitDistance(0p)
2026-04-05 03:35:49,331 [INFO]       ├ System.Void InitDistanceByRate(1p)
2026-04-05 03:35:49,331 [INFO]     Gallop.SkillTriggerHorseBehindNearLaneTimeParamSet : Gallop.SkillTriggerParamBase
2026-04-05 03:35:49,331 [INFO]       ├ System.Int32 _paramSet (off=104)
2026-04-05 03:35:49,331 [INFO]       ├ System.Int32 GetValueLh(0p)
2026-04-05 03:35:49,331 [INFO]     Gallop.SkillTriggerHorseBehindIn : Gallop.SkillTriggerParamBase
2026-04-05 03:35:49,331 [INFO]       ├ System.Boolean CheckActivate(0p)
2026-04-05 03:35:49,331 [INFO]       ├ System.Int32 GetValueLh(0p)
2026-04-05 03:35:49,331 [INFO]     Gallop.SkillTriggerHorseBehindOut : Gallop.SkillTriggerParamBase
2026-04-05 03:35:49,331 [INFO]       ├ System.Boolean CheckActivate(0p)
2026-04-05 03:35:49,331 [INFO]       ├ System.Int32 GetValueLh(0p)
2026-04-05 03:35:49,331 [INFO]     Gallop.SkillTriggerRunningStyleCount : Gallop.SkillTriggerParamBase
2026-04-05 03:35:49,331 [INFO]       ├ System.Int32 _styleCount (off=104)
2026-04-05 03:35:49,331 [INFO]       ├ System.Int32 GetValueLh(0p)
2026-04-05 03:35:49,331 [INFO]     Gallop.SkillTriggerRunningStyleCountOtherSelf : Gallop.SkillTriggerParamBase
2026-04-05 03:35:49,331 [INFO]       ├ System.Int32 _styleCount (off=104)
2026-04-05 03:35:49,331 [INFO]       ├ System.Int32 GetValueLh(0p)
2026-04-05 03:35:49,331 [INFO]     Gallop.SkillTriggerActivateCount : Gallop.SkillTriggerParamBase
2026-04-05 03:35:49,331 [INFO]       ├ System.Int32 GetValueLh(0p)
2026-04-05 03:35:49,331 [INFO]       ├ Gallop.SkillDefine.SkillTriggerTag GetTag(0p)
2026-04-05 03:35:49,331 [INFO]     Gallop.SkillTriggerTemptationBehind : Gallop.SkillTriggerParamBase
2026-04-05 03:35:49,331 [INFO]       ├ System.Int32 GetValueLh(0p)
2026-04-05 03:35:49,331 [INFO]       ├ System.Boolean <GetValueLh>b__1_0(1p)
2026-04-05 03:35:49,331 [INFO]     Gallop.SkillTriggerTemptationInfront : Gallop.SkillTriggerParamBase
2026-04-05 03:35:49,331 [INFO]       ├ System.Int32 GetValueLh(0p)
2026-04-05 03:35:49,331 [INFO]       ├ System.Boolean <GetValueLh>b__1_0(1p)
2026-04-05 03:35:49,331 [INFO]     Gallop.SkillTriggerTemptation : Gallop.SkillTriggerParamBase
2026-04-05 03:35:49,331 [INFO]       ├ System.Int32 GetValueLh(0p)
2026-04-05 03:35:49,331 [INFO]       ├ Gallop.SkillDefine.SkillTriggerTag GetTag(0p)
2026-04-05 03:35:49,331 [INFO]     Gallop.SkillTriggerRunningStyleTemptationCount : Gallop.SkillTriggerParamBase
2026-04-05 03:35:49,331 [INFO]       ├ Gallop.RaceDefine.RunningStyle _style (off=104)
2026-04-05 03:35:49,331 [INFO]       ├ System.Int32 GetValueLh(0p)
2026-04-05 03:35:49,331 [INFO]     Gallop.SkillTriggerHpPer : Gallop.SkillTriggerParamBase
2026-04-05 03:35:49,331 [INFO]       ├ System.Boolean CheckActivate(0p)
2026-04-05 03:35:49,331 [INFO]       ├ System.Int32 GetValueLh(0p)
2026-04-05 03:35:49,331 [INFO]     Gallop.SkillTriggerHpEmpty : Gallop.SkillTriggerParamBase
2026-04-05 03:35:49,331 [INFO]       ├ System.Boolean CheckActivate(0p)
2026-04-05 03:35:49,331 [INFO]       ├ System.Int32 GetValueLh(0p)
2026-04-05 03:35:49,331 [INFO]     ActivateSpecificTagGroupSkillCountCoef : System.Object
2026-04-05 03:35:49,331 [INFO]       ├ System.Int32 ActivateSpecificTagGroupSkillCountThreshold (off=16)
2026-04-05 03:35:49,331 [INFO]       ├ System.Single Multiply (off=20)
2026-04-05 03:35:49,331 [INFO]     Gallop.PartsSingleModeSkillListItemContainer : Gallop.LoopScrollItemBase
2026-04-05 03:35:49,331 [INFO]       ├ Gallop.PartsSingleModeSkillListItem[] _items (off=56)
2026-04-05 03:35:49,331 [INFO]       ├ System.Void UpdateItem(2p)
2026-04-05 03:35:49,331 [INFO]     Gallop.ISingleModeChoiceRewardInfoSkillElement
2026-04-05 03:35:49,331 [INFO]       ├ Gallop.SingleModeChoiceRewardInfoSkillInfo get_SkillInfo(0p)
2026-04-05 03:35:49,331 [INFO]       ├ System.String get_LabelText(0p)
2026-04-05 03:35:49,331 [INFO]       ├ System.Int32 get_Priority(0p)
2026-04-05 03:35:49,331 [INFO]     Gallop.ISingleModeChoiceRewardInfoAnotherEventSkillElement
2026-04-05 03:35:49,331 [INFO]       ├ System.String get_LabelText(0p)
2026-04-05 03:35:49,331 [INFO]       ├ Gallop.ISingleModeChoiceRewardInfoAnotherEventSkillElement.BranchInfo GetBranchInfo(1p)
2026-04-05 03:35:49,331 [INFO]       ├ System.Int32 GetBranchCount(0p)
2026-04-05 03:35:49,331 [INFO]     PartsSingleModeSkillList : System.Object
2026-04-05 03:35:49,331 [INFO]       ├ UnityEngine.Vector2 SKILLICON_SIZE_S (off=0) [static]
2026-04-05 03:35:49,331 [INFO]     ISkillData
2026-04-05 03:35:49,331 [INFO]       ├ System.Int32 get_MasterId(0p)
2026-04-05 03:35:49,331 [INFO]       ├ System.Int32 get_Level(0p)
2026-04-05 03:35:49,332 [INFO]     Gallop.SkillAbilityValueMultiplyTeamTotalStatusSpeed : Gallop.SkillAbilityValueMultiplyTeamTotalStatusBase
2026-04-05 03:35:49,332 [INFO]       ├ System.Single GetStatus(1p)
2026-04-05 03:35:49,332 [INFO]     Gallop.SkillAbilityValueMultiplyTeamTotalStatusStamina : Gallop.SkillAbilityValueMultiplyTeamTotalStatusBase
2026-04-05 03:35:49,332 [INFO]       ├ System.Single GetStatus(1p)
2026-04-05 03:35:49,332 [INFO]     Gallop.SkillAbilityValueMultiplyTeamTotalStatusPower : Gallop.SkillAbilityValueMultiplyTeamTotalStatusBase
2026-04-05 03:35:49,332 [INFO]       ├ System.Single GetStatus(1p)
2026-04-05 03:35:49,332 [INFO]     Gallop.SkillAbilityValueMultiplyTeamTotalStatusGuts : Gallop.SkillAbilityValueMultiplyTeamTotalStatusBase
2026-04-05 03:35:49,332 [INFO]       ├ System.Single GetStatus(1p)
2026-04-05 03:35:49,332 [INFO]     Gallop.SkillAbilityValueMultiplyTeamTotalStatusWiz : Gallop.SkillAbilityValueMultiplyTeamTotalStatusBase
2026-04-05 03:35:49,332 [INFO]       ├ System.Single GetStatus(1p)
2026-04-05 03:35:49,332 [INFO]     Gallop.SkillAbilityValueMultiplySingleModeWinCount : Gallop.SkillAbilityValueMultiplyBaseStaticFloat
2026-04-05 03:35:49,332 [INFO]       ├ System.Single GetMultiply(0p)
2026-04-05 03:35:49,332 [INFO]     Gallop.SkillTargetAll : Gallop.SkillTargetBase
2026-04-05 03:35:49,332 [INFO]       ├ System.Void CalcTargetsDerived(0p)
2026-04-05 03:35:49,332 [INFO]     Gallop.SkillTargetVisible : Gallop.SkillTargetBase
2026-04-05 03:35:49,332 [INFO]       ├ System.Void CalcTargetsDerived(0p)
2026-04-05 03:35:49,332 [INFO]     Gallop.SkillTargetRandomOtherSelf : Gallop.SkillTargetBase
2026-04-05 03:35:49,332 [INFO]       ├ System.Void CalcTargetsDerived(0p)
2026-04-05 03:35:49,332 [INFO]     Gallop.SkillTargetSelf : Gallop.SkillTargetBase
2026-04-05 03:35:49,332 [INFO]       ├ System.Void CalcTargetsDerived(0p)
2026-04-05 03:35:49,332 [INFO]     Gallop.SkillTargetSelfInfront : Gallop.SkillTargetBase
2026-04-05 03:35:49,332 [INFO]       ├ System.Void CalcTargetsDerived(0p)
2026-04-05 03:35:49,332 [INFO]     Gallop.SkillTargetSelfBehind : Gallop.SkillTargetBase
2026-04-05 03:35:49,332 [INFO]       ├ System.Void CalcTargetsDerived(0p)
2026-04-05 03:35:49,332 [INFO]     Gallop.SkillTargetRunningStyleTemptationOtherSelf : Gallop.SkillTargetBase
2026-04-05 03:35:49,332 [INFO]       ├ System.Void CalcTargetsDerived(0p)
2026-04-05 03:35:49,332 [INFO]     Gallop.SkillTargetTeamMember : Gallop.SkillTargetBase
2026-04-05 03:35:49,332 [INFO]       ├ System.Void CalcTargetsDerived(0p)
2026-04-05 03:35:49,332 [INFO]     Gallop.SkillTargetMostNear : Gallop.SkillTargetBase
2026-04-05 03:35:49,332 [INFO]       ├ System.Void CalcTargetsDerived(0p)
2026-04-05 03:35:49,332 [INFO]     Gallop.SkillTargetNear : Gallop.SkillTargetBase
2026-04-05 03:35:49,332 [INFO]       ├ System.Void CalcTargetsDerived(0p)
2026-04-05 03:35:49,332 [INFO]     Gallop.SkillTargetNearInfront : Gallop.SkillTargetBase
2026-04-05 03:35:49,332 [INFO]       ├ System.Void CalcTargetsDerived(0p)
2026-04-05 03:35:49,332 [INFO]     Gallop.SkillTargetNearBehind : Gallop.SkillTargetBase
2026-04-05 03:35:49,332 [INFO]       ├ System.Void CalcTargetsDerived(0p)
2026-04-05 03:35:49,332 [INFO]     Gallop.SkillTargetSelfAndBlockFront : Gallop.SkillTargetBase
2026-04-05 03:35:49,332 [INFO]       ├ System.Void CalcTargetsDerived(0p)
2026-04-05 03:35:49,332 [INFO]     Gallop.SkillTargetBlockSide : Gallop.SkillTargetBase
2026-04-05 03:35:49,332 [INFO]       ├ System.Void CalcTargetsDerived(0p)
2026-04-05 03:35:49,332 [INFO]     Gallop.SkillTargetRunningStyle : Gallop.SkillTargetBase
2026-04-05 03:35:49,332 [INFO]       ├ System.Void CalcTargetsDerived(0p)
2026-04-05 03:35:49,332 [INFO]     Gallop.ISkillTrigger
2026-04-05 03:35:49,332 [INFO]       ├ System.Boolean get_IsActivated(0p)
2026-04-05 03:35:49,332 [INFO]       ├ System.Void Update(1p)
2026-04-05 03:35:49,332 [INFO]     Gallop.SkillTriggerGrade : Gallop.SkillTriggerParamBase
2026-04-05 03:35:49,332 [INFO]       ├ System.Int32 GetValueLh(0p)
2026-04-05 03:35:49,332 [INFO]     Gallop.SkillTriggerCourseCornerCount : Gallop.SkillTriggerParamBase
2026-04-05 03:35:49,332 [INFO]       ├ System.Int32 GetValueLh(0p)
2026-04-05 03:35:49,332 [INFO]     Gallop.SkillTriggerUpSlopeRandom : Gallop.SkillTriggerSlopeRandom
2026-04-05 03:35:49,332 [INFO]       ├ Gallop.RaceDefine.SlopeType get_SlopeType(0p)
2026-04-05 03:35:49,332 [INFO]     Gallop.SkillTriggerDownSlopeRandom : Gallop.SkillTriggerSlopeRandom
2026-04-05 03:35:49,332 [INFO]       ├ Gallop.RaceDefine.SlopeType get_SlopeType(0p)
2026-04-05 03:35:49,332 [INFO]     Gallop.SkillTriggerRaceId : Gallop.SkillTriggerParamBase
2026-04-05 03:35:49,332 [INFO]       ├ System.Int32 GetValueLh(0p)
2026-04-05 03:35:49,332 [INFO]     Gallop.SkillTriggerDistanceDiffTop : Gallop.SkillTriggerParamBase
2026-04-05 03:35:49,332 [INFO]       ├ System.Int32 GetValueLh(0p)
2026-04-05 03:35:49,332 [INFO]     Gallop.SkillTriggerOvertake : Gallop.SkillTriggerParamBase
2026-04-05 03:35:49,332 [INFO]       ├ System.Int32 GetValueLh(0p)
2026-04-05 03:35:49,332 [INFO]     Gallop.SkillTriggerOvertakeTargetContinueTime : Gallop.SkillTriggerParamBase
2026-04-05 03:35:49,332 [INFO]       ├ System.Int32 GetValueLh(0p)
2026-04-05 03:35:49,332 [INFO]     Gallop.SkillTriggerOvertakeTargetHaveNoOrderUpContinueTime : Gallop.SkillTriggerParamBase
2026-04-05 03:35:49,332 [INFO]       ├ System.Int32 GetValueLh(0p)
2026-04-05 03:35:49,332 [INFO]     Gallop.SkillTriggerOvertakeTargetHaveNoOrderDownContinueTime : Gallop.SkillTriggerParamBase
2026-04-05 03:35:49,332 [INFO]       ├ System.Int32 GetValueLh(0p)
2026-04-05 03:35:49,332 [INFO]     Gallop.SkillTriggerLaneType : Gallop.SkillTriggerParamBase
2026-04-05 03:35:49,332 [INFO]       ├ System.Int32 GetValueLh(0p)
2026-04-05 03:35:49,332 [INFO]     Gallop.SkillTriggerLanePer : Gallop.SkillTriggerParamBase
2026-04-05 03:35:49,332 [INFO]       ├ System.Int32 GetValueLh(0p)
2026-04-05 03:35:49,332 [INFO]     Gallop.SkillTriggerChangeOrderOneTime : Gallop.SkillTriggerParamBase
2026-04-05 03:35:49,332 [INFO]       ├ System.Int32 GetValueLh(0p)
2026-04-05 03:35:49,332 [INFO]     Gallop.SkillTriggerOrder : Gallop.SkillTriggerParamBase
2026-04-05 03:35:49,332 [INFO]       ├ System.Int32 GetValueLh(0p)
2026-04-05 03:35:49,332 [INFO]     Gallop.SkillTriggerOrderRate : Gallop.SkillTriggerParamBase
2026-04-05 03:35:49,332 [INFO]       ├ System.Int32 GetValueLh(0p)
2026-04-05 03:35:49,332 [INFO]     Gallop.SkillTriggerGateNumber : Gallop.SkillTriggerParamBase
2026-04-05 03:35:49,332 [INFO]       ├ System.Int32 GetValueLh(0p)
2026-04-05 03:35:49,332 [INFO]     Gallop.SkillTriggerGateNumberRate : Gallop.SkillTriggerParamBase
2026-04-05 03:35:49,332 [INFO]       ├ System.Int32 GetValueLh(0p)
2026-04-05 03:35:49,332 [INFO]     Gallop.SkillTriggerHorseRemainDistance : Gallop.SkillTriggerParamBase
2026-04-05 03:35:49,332 [INFO]       ├ System.Int32 GetValueLh(0p)
2026-04-05 03:35:49,332 [INFO]     Gallop.SkillTriggerHorseDistanceDiffRate : Gallop.SkillTriggerParamBase
2026-04-05 03:35:49,332 [INFO]       ├ System.Int32 GetValueLh(0p)
2026-04-05 03:35:49,332 [INFO]     Gallop.SkillTriggerHorseInfrontNearTime : Gallop.SkillTriggerParamBase
2026-04-05 03:35:49,332 [INFO]       ├ System.Int32 GetValueLh(0p)
2026-04-05 03:35:49,332 [INFO]     Gallop.SkillTriggerHorseBehindNearTime : Gallop.SkillTriggerParamBase
2026-04-05 03:35:49,332 [INFO]       ├ System.Int32 GetValueLh(0p)
2026-04-05 03:35:49,332 [INFO]     Gallop.SkillTriggerHorseInfrontNearLaneTime : Gallop.SkillTriggerParamBase
2026-04-05 03:35:49,332 [INFO]       ├ System.Int32 GetValueLh(0p)
2026-04-05 03:35:49,332 [INFO]     Gallop.SkillTriggerHorseBehindNearLaneTime : Gallop.SkillTriggerParamBase
2026-04-05 03:35:49,332 [INFO]       ├ System.Int32 GetValueLh(0p)
2026-04-05 03:35:49,332 [INFO]     Gallop.SkillTriggerOtherHorseBehind : Gallop.SkillTriggerParamBase
2026-04-05 03:35:49,332 [INFO]       ├ System.Int32 GetValueLh(0p)
2026-04-05 03:35:49,332 [INFO]     Gallop.SkillTriggerBeBlocked : Gallop.SkillTriggerParamBase
2026-04-05 03:35:49,332 [INFO]       ├ System.Int32 GetValueLh(0p)
2026-04-05 03:35:49,332 [INFO]     Gallop.SkillTriggerBeBlockedFront : Gallop.SkillTriggerParamBase
2026-04-05 03:35:49,332 [INFO]       ├ System.Int32 GetValueLh(0p)
2026-04-05 03:35:49,332 [INFO]     Gallop.SkillTriggerBeBlockedSide : Gallop.SkillTriggerParamBase
2026-04-05 03:35:49,332 [INFO]       ├ System.Int32 GetValueLh(0p)
2026-04-05 03:35:49,332 [INFO]     Gallop.SkillTriggerBeBlockedAllContinueTime : Gallop.SkillTriggerParamBase
2026-04-05 03:35:49,332 [INFO]       ├ System.Int32 GetValueLh(0p)
2026-04-05 03:35:49,332 [INFO]     Gallop.SkillTriggerBeBlockedFrontContinueTime : Gallop.SkillTriggerParamBase
2026-04-05 03:35:49,332 [INFO]       ├ System.Int32 GetValueLh(0p)
2026-04-05 03:35:49,332 [INFO]     Gallop.SkillTriggerBeBlockedSideContinueTime : Gallop.SkillTriggerParamBase
2026-04-05 03:35:49,332 [INFO]       ├ System.Int32 GetValueLh(0p)
2026-04-05 03:35:49,332 [INFO]     Gallop.SkillTriggerBeBlockedFrontHpEmpty : Gallop.SkillTriggerParamBase
2026-04-05 03:35:49,332 [INFO]       ├ System.Int32 GetValueLh(0p)
2026-04-05 03:35:49,332 [INFO]     Gallop.SkillTriggerBeBlockedFrontHpEmptyContinueTime : Gallop.SkillTriggerParamBase
2026-04-05 03:35:49,332 [INFO]       ├ System.Int32 GetValueLh(0p)
2026-04-05 03:35:49,332 [INFO]     Gallop.SkillTriggerTemptationCount : Gallop.SkillTriggerParamBase
2026-04-05 03:35:49,332 [INFO]       ├ System.Int32 GetValueLh(0p)
2026-04-05 03:35:49,332 [INFO]     Gallop.SkillTriggerCompeteFightCount : Gallop.SkillTriggerParamBase
2026-04-05 03:35:49,332 [INFO]       ├ System.Int32 GetValueLh(0p)
2026-04-05 03:35:49,332 [INFO]     Gallop.SkillTriggerGoodStart : Gallop.SkillTriggerParamBase
2026-04-05 03:35:49,332 [INFO]       ├ System.Int32 GetValueLh(0p)
2026-04-05 03:35:49,332 [INFO]     Gallop.SkillTriggerBadStart : Gallop.SkillTriggerParamBase
2026-04-05 03:35:49,332 [INFO]       ├ System.Int32 GetValueLh(0p)
2026-04-05 03:35:49,333 [INFO]     Gallop.SkillTriggerBaseSpeed : Gallop.SkillTriggerParamBase
2026-04-05 03:35:49,333 [INFO]       ├ System.Int32 GetValueLh(0p)
2026-04-05 03:35:49,333 [INFO]     Gallop.SkillTriggerBaseStamina : Gallop.SkillTriggerParamBase
2026-04-05 03:35:49,333 [INFO]       ├ System.Int32 GetValueLh(0p)
2026-04-05 03:35:49,333 [INFO]     Gallop.SkillTriggerBasePower : Gallop.SkillTriggerParamBase
2026-04-05 03:35:49,333 [INFO]       ├ System.Int32 GetValueLh(0p)
2026-04-05 03:35:49,333 [INFO]     Gallop.SkillTriggerBaseGuts : Gallop.SkillTriggerParamBase
2026-04-05 03:35:49,333 [INFO]       ├ System.Int32 GetValueLh(0p)
2026-04-05 03:35:49,333 [INFO]     Gallop.SkillTriggerBaseWiz : Gallop.SkillTriggerParamBase
2026-04-05 03:35:49,333 [INFO]       ├ System.Int32 GetValueLh(0p)
2026-04-05 03:35:49,333 [INFO]     Gallop.SkillTriggerCurrentSpeed : Gallop.SkillTriggerParamBase
2026-04-05 03:35:49,333 [INFO]       ├ System.Int32 GetValueLh(0p)
2026-04-05 03:35:49,333 [INFO]     Gallop.SkillTriggerSurrounded : Gallop.SkillTriggerParamBase
2026-04-05 03:35:49,333 [INFO]       ├ System.Int32 GetValueLh(0p)
2026-04-05 03:35:49,333 [INFO]     Gallop.SkillTriggerNearHorseCount : Gallop.SkillTriggerParamBase
2026-04-05 03:35:49,333 [INFO]       ├ System.Int32 GetValueLh(0p)
2026-04-05 03:35:49,333 [INFO]     Gallop.SkillTriggerNearAroundAccumulateTime : Gallop.SkillTriggerParamBase
2026-04-05 03:35:49,333 [INFO]       ├ System.Int32 GetValueLh(0p)
2026-04-05 03:35:49,333 [INFO]     Gallop.SkillTriggerNearFrontHorseCount : Gallop.SkillTriggerParamBase
2026-04-05 03:35:49,333 [INFO]       ├ System.Int32 GetValueLh(0p)
2026-04-05 03:35:49,333 [INFO]     Gallop.SkillTriggerNearBehindHorseCount : Gallop.SkillTriggerParamBase
2026-04-05 03:35:49,333 [INFO]       ├ System.Int32 GetValueLh(0p)
2026-04-05 03:35:49,333 [INFO]     Gallop.SkillTriggerVisibleHorse : Gallop.SkillTriggerParamBase
2026-04-05 03:35:49,333 [INFO]       ├ System.Int32 GetValueLh(0p)
2026-04-05 03:35:49,333 [INFO]     Gallop.SkillTriggerCreatorNull : System.Object
2026-04-05 03:35:49,333 [INFO]       ├ Gallop.ISkillTriggerCollection CreateTriggerCollection(2p)
2026-04-05 03:35:49,333 [INFO]     SkillActivateTagGroup : System.Object
2026-04-05 03:35:49,333 [INFO]       ├ System.Int32[] TagArray (off=16)
2026-04-05 03:35:49,333 [INFO]     RaceUISkillInfoPlate : System.Object
2026-04-05 03:35:49,333 [INFO]       ├ System.String[] _skillIconSpriteNameArray (off=0) [static]
2026-04-05 03:35:49,333 [INFO]     Gallop.WorkSkillData : System.Object
2026-04-05 03:35:49,333 [INFO]     Gallop.SkillAbilityCreator : System.Object
2026-04-05 03:35:49,333 [INFO]       ├ Gallop.ISkillAbility CreateSkillAbility(11p)
2026-04-05 03:35:49,333 [INFO]     Gallop.SkillAbilityTimeCalculatorCreator : System.Object
2026-04-05 03:35:49,333 [INFO]       ├ Gallop.ISkillAbilityTimeCalculator CreateCalculator(6p)
2026-04-05 03:35:49,333 [INFO]     Gallop.ISkillAbilityValueCalculator
2026-04-05 03:35:49,333 [INFO]       ├ System.Single get_AbilityValue(0p)
2026-04-05 03:35:49,333 [INFO]     Gallop.SkillAbilityValueCalculatorCreator : System.Object
2026-04-05 03:35:49,333 [INFO]       ├ Gallop.ISkillAbilityValueCalculator CreateCalculator(6p)
2026-04-05 03:35:49,333 [INFO]     Gallop.SkillTargetCreator : System.Object
2026-04-05 03:35:49,333 [INFO]       ├ Gallop.ISkillTarget CreateSkillTarget(3p)
2026-04-05 03:35:49,334 [INFO]     Gallop.ISkillTriggerCreator
2026-04-05 03:35:49,334 [INFO]       ├ Gallop.ISkillTriggerCollection CreateTriggerCollection(2p)
2026-04-05 03:35:49,352 [INFO] 
  Full results: C:\Users\nikit\Documents\UmaExtractor\py\il2cpp_skill_classes.json
2026-04-05 03:35:49,352 [INFO]   Debug log:    C:\Users\nikit\Documents\UmaExtractor\py\il2cpp_scan.log
2026-04-05 03:35:49,352 [INFO] 
2026-04-05 03:35:49,352 [INFO] ============================================================
2026-04-05 03:35:49,352 [INFO]   INTERESTING CLASSES (likely candidates)
2026-04-05 03:35:49,352 [INFO] ============================================================
2026-04-05 03:35:49,353 [INFO] 
  ★ Gallop.RaceSkillCutInHelper (score=3)
2026-04-05 03:35:49,353 [INFO]     Reasons: has list/array field, has get*skill* method, 47 fields
2026-04-05 03:35:49,353 [INFO]     field: System.Int32 CUTIN_MODEL_KEY_OFFSET_USERCHARA (off=0)
2026-04-05 03:35:49,353 [INFO]     field: System.Int32 CUTIN_MODEL_KEY_OFFSET_FIXEDCHARA (off=0)
2026-04-05 03:35:49,353 [INFO]     field: System.Int32 CUTIN_MODEL_KEY_NULL (off=0)
2026-04-05 03:35:49,353 [INFO]     field: System.Int32 CutIn3DDepth (off=0)
2026-04-05 03:35:49,353 [INFO]     field: System.Int32 CutIn2DDepth (off=0)
2026-04-05 03:35:49,353 [INFO]     field: System.Single ORTHGRAPHIC_SIZE (off=0)
2026-04-05 03:35:49,353 [INFO]     field: System.Single ORTHGRAPHIC_SIZE_STEAM_LANDSCAPE (off=0)
2026-04-05 03:35:49,353 [INFO]     field: System.Int32 CharacterKeyIndexScale (off=0)
2026-04-05 03:35:49,353 [INFO]     field: System.Int32 AssetReferenceTableNum (off=0)
2026-04-05 03:35:49,353 [INFO]     field: UnityEngine.Vector3 LIMITBREAK_PREPARE_POSITION (off=0)
2026-04-05 03:35:49,353 [INFO]     field: System.String BACKGROUND_CAMERA_NAME (off=0)
2026-04-05 03:35:49,353 [INFO]     field: Gallop.IHorseRaceInfo _baseHorseInfo (off=272)
2026-04-05 03:35:49,353 [INFO]     field: System.Func<System.Int32> _onGetHorseIndex (off=280)
2026-04-05 03:35:49,353 [INFO]     field: System.Func<System.Int32> _onGetSubKey (off=288)
2026-04-05 03:35:49,353 [INFO]     field: Gallop.RaceManagerReplayBase _raceManager (off=296)
2026-04-05 03:35:49,353 [INFO]     field: System.Func<Gallop.CutIn.Cutt.TimelineKeyEffectDataList,System.Boolean> _onCheckPrefabTimeline (off=304)
2026-04-05 03:35:49,353 [INFO]     field: UnityEngine.Color _charaColor (off=312)
2026-04-05 03:35:49,353 [INFO]     field: UnityEngine.Color _charaSubColor (off=328)
2026-04-05 03:35:49,353 [INFO]     field: System.Collections.Generic.Dictionary<System.String,System.Int32> _assetReferenceTable (off=344)
2026-04-05 03:35:49,353 [INFO]     field: System.Collections.Generic.List<Gallop.RaceSkillCutInHelper.PreInstantiateFixedCharaInfo> _preInstantiatedFixedCharaInfoList (off=352)
2026-04-05 03:35:49,353 [INFO]     field: System.Collections.Generic.List<Gallop.RaceSkillCutInHelper.PreInstantiateUserCharaInfo> _preInstantiatedUserCharaInfoList (off=360)
2026-04-05 03:35:49,353 [INFO]     field: System.Func<System.String,Gallop.FlashPlayer> _getFlashPlayerAction (off=368)
2026-04-05 03:35:49,353 [INFO]     field: System.Action<Gallop.CutIn.Cutt.CuttEventParam_WaitTap> _onSetWaitTap (off=376)
2026-04-05 03:35:49,353 [INFO]     field: System.Action<Gallop.CutIn.Cutt.CuttEventParam_SetTapJumpFrame> _onSetTapJumpFrame (off=384)
2026-04-05 03:35:49,353 [INFO]     field: System.Action<Gallop.CutIn.Cutt.CuttEventParam_OnGachaGateAction> _onGachaGateAction (off=392)
2026-04-05 03:35:49,353 [INFO]     field: System.Action<Gallop.CutIn.Cutt.TimelineKeySoundData.VoiceData> _onPlayVoice (off=400)
2026-04-05 03:35:49,353 [INFO]     field: System.Action<Gallop.CutIn.Cutt.CuttEventParam_WaitVoiceEnd> _onSetWaitVoiceEnd (off=408)
2026-04-05 03:35:49,353 [INFO]     field: System.Action<Gallop.CutIn.Cutt.CuttEventParam_SimpleCommand> _onSimpleCommand (off=416)
2026-04-05 03:35:49,353 [INFO]     field: System.Action<Gallop.CutIn.Cutt.TimelineKeySoundData.SoundData,System.Boolean> _onPlayEnv (off=424)
2026-04-05 03:35:49,353 [INFO]     field: System.Action<Gallop.CutIn.Cutt.TimelineKeySoundData.SoundData> _onSetVolumeEnv (off=432)
2026-04-05 03:35:49,353 [INFO]     field: Gallop.GallopFrameBuffer _frameBuffer (off=440)
2026-04-05 03:35:49,353 [INFO]     field: Gallop.RaceSkillCutInHelper.Owner _owner (off=448)
2026-04-05 03:35:49,353 [INFO]     field: System.Boolean _isBGMVolumeFade (off=456)
2026-04-05 03:35:49,353 [INFO]     field: UnityEngine.Rendering.CommandBuffer _backgroundCommandBuffer (off=464)
2026-04-05 03:35:49,353 [INFO]     field: UnityEngine.Rendering.CommandBuffer _uiImageCommandBuffer (off=472)
2026-04-05 03:35:49,353 [INFO]     field: Gallop.Live.AdditionalLightComponent _addLight (off=480)
2026-04-05 03:35:49,353 [INFO]     field: UnityEngine.GameObject _lightRoot (off=488)
2026-04-05 03:35:49,353 [INFO]     field: Gallop.MultiLightShadowController _multiLightShadowController (off=496)
2026-04-05 03:35:49,353 [INFO]     field: System.Boolean _isInitializeShadowController (off=504)
2026-04-05 03:35:49,353 [INFO]     field: UnityEngine.Camera _backGroundCamera (off=512)
2026-04-05 03:35:49,353 [INFO]     field: UnityEngine.GameObject _consignedCameraRootObj (off=520)
2026-04-05 03:35:49,353 [INFO]     field: System.Collections.Generic.List<Gallop.RaceSkillCutInHelper.FramebufferAddedCamera> _frameBufferAddedCameraList (off=528)
2026-04-05 03:35:49,353 [INFO]     field: UnityEngine.RenderTexture _toCutInCameraRenderTexture (off=536)
2026-04-05 03:35:49,353 [INFO]     field: UnityEngine.RenderTexture _toBackgroundCameraRenderTexture (off=544)
2026-04-05 03:35:49,353 [INFO]     field: System.Collections.Generic.List<Gallop.RaceSkillCutInHelper.LimitBreakTempData> _limitBrealTempDataList (off=552)
2026-04-05 03:35:49,353 [INFO]     field: System.Single ENV_SOUND_FADEOUT_TIME (off=0)
2026-04-05 03:35:49,353 [INFO]     field: Cute.Cri.AudioPlayback _envPlayback (off=560)
2026-04-05 03:35:49,353 [INFO]     method: Gallop.GraphicSettings.LayerIndex get_NormalEffectLayer(0p) @ 0x1db54ee85a0
2026-04-05 03:35:49,353 [INFO]     method: Gallop.GraphicSettings.LayerIndex get_AvoidEffectLayer(0p) @ 0x1db54ee85f8
2026-04-05 03:35:49,353 [INFO]     method: Gallop.GraphicSettings.LayerIndex get_OrthoLayer(0p) @ 0x1db54ee8650
2026-04-05 03:35:49,353 [INFO]     method: System.Void set_CharaColor(1p) @ 0x1db54ee86a8
2026-04-05 03:35:49,353 [INFO]     method: System.Void set_CharaSubColor(1p) @ 0x1db54ee8700
2026-04-05 03:35:49,353 [INFO]     method: UnityEngine.Camera get_BackGroundCamera(0p) @ 0x1db54ee8758
2026-04-05 03:35:49,353 [INFO]     method: System.Void SetupAddLight(0p) @ 0x1db54ee87b0
2026-04-05 03:35:49,353 [INFO]     method: System.Void Init(1p) @ 0x1db54ee8808
2026-04-05 03:35:49,353 [INFO]     method: System.Void InitForGacha(1p) @ 0x1db54ee8860
2026-04-05 03:35:49,353 [INFO]     method: System.Void InitForLimitBreak(1p) @ 0x1db54ee88b8
2026-04-05 03:35:49,353 [INFO]     method: System.Void ReturnLimitBreakData(0p) @ 0x1db54ee8910
2026-04-05 03:35:49,353 [INFO]     method: System.Void InitWithBackgroundRT(2p) @ 0x1db54ee8968
2026-04-05 03:35:49,353 [INFO]     method: System.Void InitializeForCuttDirect(2p) @ 0x1db54ee89c0
2026-04-05 03:35:49,353 [INFO]     method: System.Boolean OnCheckPrefabTimeline_CuttDirect(1p) @ 0x1db54ee8a18
2026-04-05 03:35:49,353 [INFO]     method: System.Void SetupTimelineCallback(1p) @ 0x1db54ee8a70
2026-04-05 03:35:49,353 [INFO] 
  ★ SkillData (score=4)
2026-04-05 03:35:49,353 [INFO]     Reasons: has ID field, has level field, has list/array field, 73 fields
2026-04-05 03:35:49,353 [INFO]     field: System.Int32 Id (off=16)
2026-04-05 03:35:49,353 [INFO]     field: System.Int32 Rarity (off=20)
2026-04-05 03:35:49,353 [INFO]     field: System.Int32 GroupId (off=24)
2026-04-05 03:35:49,353 [INFO]     field: System.Int32 GroupRate (off=28)
2026-04-05 03:35:49,353 [INFO]     field: System.Int32 FilterSwitch (off=32)
2026-04-05 03:35:49,353 [INFO]     field: System.Int32 GradeValue (off=36)
2026-04-05 03:35:49,353 [INFO]     field: System.Int32 SkillCategory (off=40)
2026-04-05 03:35:49,353 [INFO]     field: System.String TagId (off=48)
2026-04-05 03:35:49,353 [INFO]     field: System.Int32 UniqueSkillId1 (off=56)
2026-04-05 03:35:49,353 [INFO]     field: System.Int32 UniqueSkillId2 (off=60)
2026-04-05 03:35:49,353 [INFO]     field: System.Int32 ExpType (off=64)
2026-04-05 03:35:49,353 [INFO]     field: System.Int32 PotentialPerDefault (off=68)
2026-04-05 03:35:49,353 [INFO]     field: System.Int32 ActivateLot (off=72)
2026-04-05 03:35:49,353 [INFO]     field: System.String Precondition1 (off=80)
2026-04-05 03:35:49,353 [INFO]     field: System.String Condition1 (off=88)
2026-04-05 03:35:49,353 [INFO]     field: System.Int32 FloatAbilityTime1 (off=96)
2026-04-05 03:35:49,353 [INFO]     field: System.Int32 AbilityTimeUsage1 (off=100)
2026-04-05 03:35:49,353 [INFO]     field: System.Int32 FloatCooldownTime1 (off=104)
2026-04-05 03:35:49,353 [INFO]     field: System.Int32 AbilityType11 (off=108)
2026-04-05 03:35:49,353 [INFO]     field: System.Int32 AbilityValueUsage11 (off=112)
2026-04-05 03:35:49,353 [INFO]     field: System.Int32 AbilityValueLevelUsage11 (off=116)
2026-04-05 03:35:49,353 [INFO]     field: System.Int32 FloatAbilityValue11 (off=120)
2026-04-05 03:35:49,353 [INFO]     field: System.Int32 TargetType11 (off=124)
2026-04-05 03:35:49,353 [INFO]     field: System.Int32 TargetValue11 (off=128)
2026-04-05 03:35:49,353 [INFO]     field: System.Int32 AbilityType12 (off=132)
2026-04-05 03:35:49,353 [INFO]     field: System.Int32 AbilityValueUsage12 (off=136)
2026-04-05 03:35:49,353 [INFO]     field: System.Int32 AbilityValueLevelUsage12 (off=140)
2026-04-05 03:35:49,353 [INFO]     field: System.Int32 FloatAbilityValue12 (off=144)
2026-04-05 03:35:49,353 [INFO]     field: System.Int32 TargetType12 (off=148)
2026-04-05 03:35:49,353 [INFO]     field: System.Int32 TargetValue12 (off=152)
2026-04-05 03:35:49,353 [INFO]     field: System.Int32 AbilityType13 (off=156)
2026-04-05 03:35:49,353 [INFO]     field: System.Int32 AbilityValueUsage13 (off=160)
2026-04-05 03:35:49,353 [INFO]     field: System.Int32 AbilityValueLevelUsage13 (off=164)
2026-04-05 03:35:49,353 [INFO]     field: System.Int32 FloatAbilityValue13 (off=168)
2026-04-05 03:35:49,353 [INFO]     field: System.Int32 TargetType13 (off=172)
2026-04-05 03:35:49,353 [INFO]     field: System.Int32 TargetValue13 (off=176)
2026-04-05 03:35:49,353 [INFO]     field: System.String Precondition2 (off=184)
2026-04-05 03:35:49,353 [INFO]     field: System.String Condition2 (off=192)
2026-04-05 03:35:49,353 [INFO]     field: System.Int32 FloatAbilityTime2 (off=200)
2026-04-05 03:35:49,353 [INFO]     field: System.Int32 AbilityTimeUsage2 (off=204)
2026-04-05 03:35:49,353 [INFO]     field: System.Int32 FloatCooldownTime2 (off=208)
2026-04-05 03:35:49,354 [INFO]     field: System.Int32 AbilityType21 (off=212)
2026-04-05 03:35:49,354 [INFO]     field: System.Int32 AbilityValueUsage21 (off=216)
2026-04-05 03:35:49,354 [INFO]     field: System.Int32 AbilityValueLevelUsage21 (off=220)
2026-04-05 03:35:49,354 [INFO]     field: System.Int32 FloatAbilityValue21 (off=224)
2026-04-05 03:35:49,354 [INFO]     field: System.Int32 TargetType21 (off=228)
2026-04-05 03:35:49,354 [INFO]     field: System.Int32 TargetValue21 (off=232)
2026-04-05 03:35:49,354 [INFO]     field: System.Int32 AbilityType22 (off=236)
2026-04-05 03:35:49,354 [INFO]     field: System.Int32 AbilityValueUsage22 (off=240)
2026-04-05 03:35:49,354 [INFO]     field: System.Int32 AbilityValueLevelUsage22 (off=244)
2026-04-05 03:35:49,354 [INFO]     field: System.Int32 FloatAbilityValue22 (off=248)
2026-04-05 03:35:49,354 [INFO]     field: System.Int32 TargetType22 (off=252)
2026-04-05 03:35:49,354 [INFO]     field: System.Int32 TargetValue22 (off=256)
2026-04-05 03:35:49,354 [INFO]     field: System.Int32 AbilityType23 (off=260)
2026-04-05 03:35:49,354 [INFO]     field: System.Int32 AbilityValueUsage23 (off=264)
2026-04-05 03:35:49,354 [INFO]     field: System.Int32 AbilityValueLevelUsage23 (off=268)
2026-04-05 03:35:49,354 [INFO]     field: System.Int32 FloatAbilityValue23 (off=272)
2026-04-05 03:35:49,354 [INFO]     field: System.Int32 TargetType23 (off=276)
2026-04-05 03:35:49,354 [INFO]     field: System.Int32 TargetValue23 (off=280)
2026-04-05 03:35:49,354 [INFO]     field: System.Int32 PopularityAddParam1 (off=284)
2026-04-05 03:35:49,354 [INFO]     field: System.Int32 PopularityAddValue1 (off=288)
2026-04-05 03:35:49,354 [INFO]     field: System.Int32 PopularityAddParam2 (off=292)
2026-04-05 03:35:49,354 [INFO]     field: System.Int32 PopularityAddValue2 (off=296)
2026-04-05 03:35:49,354 [INFO]     field: System.Int32 DispOrder (off=300)
2026-04-05 03:35:49,354 [INFO]     field: System.Int32 IconId (off=304)
2026-04-05 03:35:49,354 [INFO]     field: System.Int32 PlateType (off=308)
2026-04-05 03:35:49,354 [INFO]     field: System.Int32 DisableCountCondition (off=312)
2026-04-05 03:35:49,354 [INFO]     field: System.Int32 IsGeneralSkill (off=316)
2026-04-05 03:35:49,354 [INFO]     field: System.Int64 StartDate (off=320)
2026-04-05 03:35:49,354 [INFO]     field: System.Int64 EndDate (off=328)
2026-04-05 03:35:49,354 [INFO]     field: System.Boolean _tagIdsCached (off=336)
2026-04-05 03:35:49,354 [INFO]     field: System.Collections.Generic.List<System.Int32> _tagIdList (off=344)
2026-04-05 03:35:49,354 [INFO]     field: System.Collections.Generic.List<Gallop.SingleModeDefine.SkillTag> _eTagList (off=352)
2026-04-05 03:35:49,354 [INFO]     method: System.Void .ctor(70p) @ 0x1db545476d0
2026-04-05 03:35:49,354 [INFO]     method: System.String get_Name(0p) @ 0x1db54547728
2026-04-05 03:35:49,354 [INFO]     method: System.String get_Remarks(0p) @ 0x1db54547780
2026-04-05 03:35:49,354 [INFO]     method: System.String get_Condition(0p) @ 0x1db545477d8
2026-04-05 03:35:49,354 [INFO]     method: System.Collections.Generic.List<Gallop.SingleModeDefine.SkillTag> GetEnumTagList(0p) @ 0x1db54547830
2026-04-05 03:35:49,354 [INFO]     method: System.Collections.Generic.List<System.Int32> GetTagIds(0p) @ 0x1db54547888
2026-04-05 03:35:49,354 [INFO]     method: System.Void ProcessDetail1(1p) @ 0x1db545478e0
2026-04-05 03:35:49,354 [INFO]     method: System.Void ProcessDetail2(1p) @ 0x1db54547938
2026-04-05 03:35:49,354 [INFO]     method: System.Boolean get_IsLevelUp(0p) @ 0x1db54547990
2026-04-05 03:35:49,354 [INFO] 
  ★ Gallop.SkillDetail (score=3)
2026-04-05 03:35:49,354 [INFO]     Reasons: has level field, has get*skill* method, 22 fields
2026-04-05 03:35:49,354 [INFO]     field: System.Int32 ABILITY_CAPACITY (off=0)
2026-04-05 03:35:49,354 [INFO]     field: System.Int32 _detailIndex (off=16)
2026-04-05 03:35:49,354 [INFO]     field: Gallop.ISkillTriggerCollection _trigger (off=24)
2026-04-05 03:35:49,354 [INFO]     field: Gallop.ISkillTriggerCollection _preTrigger (off=32)
2026-04-05 03:35:49,354 [INFO]     field: System.Boolean _isNeedPreTriggerCheck (off=40)
2026-04-05 03:35:49,354 [INFO]     field: System.Single <CoolDownTime>k__BackingField (off=44)
2026-04-05 03:35:49,354 [INFO]     field: System.Boolean _isTimeInfinite (off=48)
2026-04-05 03:35:49,354 [INFO]     field: System.Single <LeftTime>k__BackingField (off=52)
2026-04-05 03:35:49,354 [INFO]     field: Gallop.ISkillAbilityTimeCalculator _abilityTimeCalculator (off=56)
2026-04-05 03:35:49,354 [INFO]     field: Gallop.IRaceTimeAccessor _timeAccessor (off=64)
2026-04-05 03:35:49,354 [INFO]     field: Gallop.IRaceEventRecorder _skillEventRecorder (off=72)
2026-04-05 03:35:49,354 [INFO]     field: Gallop.MasterSkillData.SkillData <SkillMaster>k__BackingField (off=80)
2026-04-05 03:35:49,354 [INFO]     field: System.Int32 <SkillLevel>k__BackingField (off=88)
2026-04-05 03:35:49,354 [INFO]     field: System.Boolean _isDebuff (off=92)
2026-04-05 03:35:49,354 [INFO]     field: Gallop.SkillDefine.SkillCategory <Category>k__BackingField (off=96)
2026-04-05 03:35:49,354 [INFO]     field: System.String <ActivateEffectName>k__BackingField (off=104)
2026-04-05 03:35:49,354 [INFO]     field: System.String <SkillEffectName>k__BackingField (off=112)
2026-04-05 03:35:49,354 [INFO]     field: System.String <ActivateCueName>k__BackingField (off=120)
2026-04-05 03:35:49,354 [INFO]     field: System.String <MainCueName>k__BackingField (off=128)
2026-04-05 03:35:49,354 [INFO]     field: Gallop.IHorseRaceInfo <OwnerHorse>k__BackingField (off=136)
2026-04-05 03:35:49,354 [INFO]     field: System.Collections.Generic.List<Gallop.ISkillAbility> <Abilities>k__BackingField (off=144)
2026-04-05 03:35:49,354 [INFO]     field: System.Boolean <IsActivated>k__BackingField (off=152)
2026-04-05 03:35:49,354 [INFO]     method: System.Single get_CoolDownTime(0p) @ 0x1db54b27aa8
2026-04-05 03:35:49,354 [INFO]     method: System.Void set_CoolDownTime(1p) @ 0x1db54b27b00
2026-04-05 03:35:49,354 [INFO]     method: System.Single get_LeftTime(0p) @ 0x1db54b27b58
2026-04-05 03:35:49,354 [INFO]     method: System.Void set_LeftTime(1p) @ 0x1db54b27bb0
2026-04-05 03:35:49,355 [INFO]     method: Gallop.MasterSkillData.SkillData get_SkillMaster(0p) @ 0x1db54b27c08
2026-04-05 03:35:49,355 [INFO]     method: System.Void set_SkillMaster(1p) @ 0x1db54b27c60
2026-04-05 03:35:49,355 [INFO]     method: System.Int32 get_SkillId(0p) @ 0x1db54b27cb8
2026-04-05 03:35:49,355 [INFO]     method: Gallop.SkillDefine.SkillRarity get_Rarity(0p) @ 0x1db54b27d10
2026-04-05 03:35:49,355 [INFO]     method: System.Int32 get_SkillGroupRate(0p) @ 0x1db54b27d68
2026-04-05 03:35:49,355 [INFO]     method: System.Int32 get_SkillLevel(0p) @ 0x1db54b27dc0
2026-04-05 03:35:49,355 [INFO]     method: System.Void set_SkillLevel(1p) @ 0x1db54b27e18
2026-04-05 03:35:49,355 [INFO]     method: System.Boolean get_IsDebuff(0p) @ 0x1db54b27e70
2026-04-05 03:35:49,355 [INFO]     method: System.Void set_IsDebuff(1p) @ 0x1db54b27ec8
2026-04-05 03:35:49,355 [INFO]     method: Gallop.SkillDefine.SkillCategory get_Category(0p) @ 0x1db54b27f20
2026-04-05 03:35:49,355 [INFO]     method: System.Void set_Category(1p) @ 0x1db54b27f78
2026-04-05 03:35:49,355 [INFO] 
  ★ Gallop.RaceSkillCutInStateImplBase (score=2)
2026-04-05 03:35:49,355 [INFO]     Reasons: has cost/point field, 23 fields
2026-04-05 03:35:49,355 [INFO]     field: System.Single CUTIN_FADE_SEC (off=0)
2026-04-05 03:35:49,355 [INFO]     field: Gallop.RaceManagerReplayBase.CutInInfo _cutInInfo (off=16)
2026-04-05 03:35:49,355 [INFO]     field: System.Boolean _isVisibleSkipOnStartCutIn (off=24)
2026-04-05 03:35:49,355 [INFO]     field: System.Boolean _isVisibleFastForwardOnStartCutIn (off=25)
2026-04-05 03:35:49,355 [INFO]     field: System.Boolean _isVisibleCameraOnStartCutIn (off=26)
2026-04-05 03:35:49,355 [INFO]     field: System.Boolean _isVisibleMiniMapOnStartCutIn (off=27)
2026-04-05 03:35:49,355 [INFO]     field: System.Boolean _isVisibleRankOnStartCutIn (off=28)
2026-04-05 03:35:49,355 [INFO]     field: System.Boolean _isVisibleJikkyoOnStartCutIn (off=29)
2026-04-05 03:35:49,355 [INFO]     field: System.Boolean _isVisibleSkillInfo (off=30)
2026-04-05 03:35:49,355 [INFO]     field: System.Boolean _isVisibleChallengeMatchPoint (off=31)
2026-04-05 03:35:49,355 [INFO]     field: System.Single _cachedTimeScale (off=32)
2026-04-05 03:35:49,355 [INFO]     field: System.Boolean _isCutInReady (off=36)
2026-04-05 03:35:49,355 [INFO]     field: UnityEngine.Transform _cutInParent (off=40)
2026-04-05 03:35:49,355 [INFO]     field: Gallop.RaceManagerReplayBase _raceManager (off=48)
2026-04-05 03:35:49,355 [INFO]     field: Gallop.RaceSkillCutInHelper _cutInHelper (off=56)
2026-04-05 03:35:49,355 [INFO]     field: Gallop.RaceMainViewController _raceMainView (off=64)
2026-04-05 03:35:49,355 [INFO]     field: Gallop.IJikkyoAccessor _jikkyoAccessor (off=72)
2026-04-05 03:35:49,355 [INFO]     field: Gallop.ICourseManager _courseManager (off=80)
2026-04-05 03:35:49,355 [INFO]     field: Gallop.IRaceView _raceView (off=88)
2026-04-05 03:35:49,355 [INFO]     field: Gallop.FSM<Gallop.RaceSkillCutInStateImplBase.State> _fsm (off=96)
2026-04-05 03:35:49,355 [INFO]     field: System.Boolean _isShort (off=104)
2026-04-05 03:35:49,355 [INFO]     field: System.Boolean _isCheckedShort (off=105)
2026-04-05 03:35:49,355 [INFO]     field: System.Boolean _isReqPlaySound (off=106)
2026-04-05 03:35:49,355 [INFO]     method: Gallop.RaceSkillCutInStateImplBase.State get_CurState(0p) @ 0x1db54b7c8e0
2026-04-05 03:35:49,355 [INFO]     method: System.Void .ctor(7p) @ 0x1db54b7c938
2026-04-05 03:35:49,355 [INFO]     method: System.Void Enter(1p) @ 0x1db54b7c990
2026-04-05 03:35:49,356 [INFO]     method: System.Void Exit(0p) @ 0x1db54b7c9e8
2026-04-05 03:35:49,356 [INFO]     method: System.Void FixedUpdate(0p) @ 0x1db54b7ca40
2026-04-05 03:35:49,356 [INFO]     method: System.Boolean Update(1p) @ 0x1db54b7ca98
2026-04-05 03:35:49,356 [INFO]     method: System.Void LateUpdate(0p) @ 0x1db54b7caf0
2026-04-05 03:35:49,356 [INFO]     method: System.Collections.IEnumerator CaptureRace(1p) @ 0x1db54b7cb48
2026-04-05 03:35:49,356 [INFO]     method: System.Void OnCaptureEnd(0p) @ 0x1db54b7cba0
2026-04-05 03:35:49,356 [INFO]     method: System.Void SetupCutInHelper(1p) @ 0x1db54b7cbf8
2026-04-05 03:35:49,356 [INFO]     method: System.Void SetupCutInHelperWithResumeFrame(1p) @ 0x1db54b7cc50
2026-04-05 03:35:49,356 [INFO]     method: System.Void CleanupCutInHelper(0p) @ 0x1db54b7cca8
2026-04-05 03:35:49,356 [INFO]     method: System.Void VisibleRace(1p) @ 0x1db54b7cd00
2026-04-05 03:35:49,356 [INFO]     method: System.Void CacheUIStatus(0p) @ 0x1db54b7cd58
2026-04-05 03:35:49,356 [INFO]     method: System.Void BackUIStatus(0p) @ 0x1db54b7cdb0
2026-04-05 03:35:49,356 [INFO] 
  ★ Gallop.SingleModeSkillLearningViewController (score=5)
2026-04-05 03:35:49,356 [INFO]     Reasons: has ID field, has cost/point field, has list/array field, has get*skill* method, 9 fields
2026-04-05 03:35:49,356 [INFO]     field: System.Int32 BG_ID (off=0)
2026-04-05 03:35:49,356 [INFO]     field: System.Int32 BG_SUB_ID (off=0)
2026-04-05 03:35:49,356 [INFO]     field: System.String BG_PATH (off=48)
2026-04-05 03:35:49,356 [INFO]     field: System.String ENV_PATH (off=56)
2026-04-05 03:35:49,356 [INFO]     field: System.Collections.Generic.List<Gallop.SingleModeSkillLearningViewController.SkillInfo> _skillInfoList (off=64)
2026-04-05 03:35:49,356 [INFO]     field: System.Collections.Generic.List<Gallop.PartsSingleModeSkillLearningListItem> _itemList (off=72)
2026-04-05 03:35:49,356 [INFO]     field: System.Collections.Generic.List<UnityEngine.RectTransform> _itemRectTransformList (off=80)
2026-04-05 03:35:49,356 [INFO]     field: System.Int32 <RemainingPoint>k__BackingField (off=88)
2026-04-05 03:35:49,356 [INFO]     field: Gallop.DialogCommon _isSelectedDialog (off=96)
2026-04-05 03:35:49,356 [INFO]     method: System.Int32 get_RemainingPoint(0p) @ 0x1db54d02a60
2026-04-05 03:35:49,356 [INFO]     method: System.Void set_RemainingPoint(1p) @ 0x1db54d02ab8
2026-04-05 03:35:49,356 [INFO]     method: System.Void RegisterDownload(1p) @ 0x1db54d02b10
2026-04-05 03:35:49,356 [INFO]     method: System.Collections.IEnumerator InitializeView(0p) @ 0x1db54d02b68
2026-04-05 03:35:49,356 [INFO]     method: System.Void BeginView(0p) @ 0x1db54d02bc0
2026-04-05 03:35:49,356 [INFO]     method: Gallop.AudioId GetDynamicBgmId(0p) @ 0x1db54d02c18
2026-04-05 03:35:49,356 [INFO]     method: Gallop.AudioManager.CueSheetCueNameInfo GetDynamicBgmCueInfo(0p) @ 0x1db54d02c70
2026-04-05 03:35:49,356 [INFO]     method: System.Void OverrideDynamicNowLoadingType(2p) @ 0x1db54d02cc8
2026-04-05 03:35:49,356 [INFO]     method: System.Collections.IEnumerator PlayInView(0p) @ 0x1db54d02d20
2026-04-05 03:35:49,356 [INFO]     method: System.Collections.Generic.List<UnityEngine.GameObject> GetActiveItemList(0p) @ 0x1db54d02d78
2026-04-05 03:35:49,356 [INFO]     method: System.Single GetBackButtonAnimationDelayTime(0p) @ 0x1db54d02dd0
2026-04-05 03:35:49,356 [INFO]     method: System.Collections.IEnumerator PlayOutView(0p) @ 0x1db54d02e28
2026-04-05 03:35:49,356 [INFO]     method: System.Void OnGamePadMenuButton(0p) @ 0x1db54d02e80
2026-04-05 03:35:49,356 [INFO]     method: System.Void OnClickBackButton(0p) @ 0x1db54d02ed8
2026-04-05 03:35:49,356 [INFO]     method: System.Void ChagePrevView(0p) @ 0x1db54d02f30
2026-04-05 03:35:49,356 [INFO] 
  ★ Gallop.SkillEffect (score=2)
2026-04-05 03:35:49,356 [INFO]     Reasons: has ID field, 19 fields
2026-04-05 03:35:49,356 [INFO]     field: Gallop.RaceModelController _owner (off=32)
2026-04-05 03:35:49,356 [INFO]     field: Gallop.EffectParam _effectParam (off=40)
2026-04-05 03:35:49,356 [INFO]     field: Gallop.EffectTransForm[] _effectTransForm (off=48)
2026-04-05 03:35:49,356 [INFO]     field: UnityEngine.ParticleSystem[] _particleSystems (off=56)
2026-04-05 03:35:49,356 [INFO]     field: UnityEngine.ParticleSystem.MainModule[] _loopParticleModules (off=64)
2026-04-05 03:35:49,356 [INFO]     field: System.Collections.Generic.List<UnityEngine.ParticleSystem> _pauseTargetParticleSystems (off=72)
2026-04-05 03:35:49,356 [INFO]     field: UnityEngine.TrailRenderer[] _trailRenderers (off=80)
2026-04-05 03:35:49,356 [INFO]     field: UnityEngine.Renderer[] _renderer (off=88)
2026-04-05 03:35:49,356 [INFO]     field: System.Boolean _isRenderer (off=96)
2026-04-05 03:35:49,356 [INFO]     field: Gallop.MaterialPropertyBlock _materialPropertyBlock (off=104)
2026-04-05 03:35:49,356 [INFO]     field: System.Single _lifeTime (off=112)
2026-04-05 03:35:49,356 [INFO]     field: System.Boolean <IsToEnd>k__BackingField (off=116)
2026-04-05 03:35:49,356 [INFO]     field: System.Boolean <IsCompleteEnd>k__BackingField (off=117)
2026-04-05 03:35:49,356 [INFO]     field: System.Boolean _isVisible (off=118)
2026-04-05 03:35:49,356 [INFO]     field: System.Boolean _isVisibleOld (off=119)
2026-04-05 03:35:49,356 [INFO]     field: System.Boolean _isFirstPlay (off=120)
2026-04-05 03:35:49,356 [INFO]     field: System.Int32 _lightProbeColorPropertyId (off=124)
2026-04-05 03:35:49,356 [INFO]     field: UnityEngine.Renderer[] _lightProbeRenderers (off=128)
2026-04-05 03:35:49,356 [INFO]     field: System.String <EffectName>k__BackingField (off=136)
2026-04-05 03:35:49,356 [INFO]     method: System.Boolean get_IsToEnd(0p) @ 0x1db529f8ff0
2026-04-05 03:35:49,356 [INFO]     method: System.Void set_IsToEnd(1p) @ 0x1db529f9048
2026-04-05 03:35:49,356 [INFO]     method: System.Boolean get_IsCompleteEnd(0p) @ 0x1db529f90a0
2026-04-05 03:35:49,356 [INFO]     method: System.Void set_IsCompleteEnd(1p) @ 0x1db529f90f8
2026-04-05 03:35:49,356 [INFO]     method: System.String get_EffectName(0p) @ 0x1db529f9150
2026-04-05 03:35:49,356 [INFO]     method: System.Void set_EffectName(1p) @ 0x1db529f91a8
2026-04-05 03:35:49,356 [INFO]     method: UnityEngine.GameObject get_EffectObject(0p) @ 0x1db529f9200
2026-04-05 03:35:49,356 [INFO]     method: System.Boolean get_IsCharaScale(0p) @ 0x1db529f9258
2026-04-05 03:35:49,356 [INFO]     method: UnityEngine.Transform get_AppearTransform(0p) @ 0x1db529f92b0
2026-04-05 03:35:49,356 [INFO]     method: System.Void Initialize(1p) @ 0x1db529f9308
2026-04-05 03:35:49,356 [INFO]     method: System.Void Play(2p) @ 0x1db529f9360
2026-04-05 03:35:49,356 [INFO]     method: System.Void Update(0p) @ 0x1db529f93b8
2026-04-05 03:35:49,356 [INFO]     method: System.Void CheckEnd(0p) @ 0x1db529f9410
2026-04-05 03:35:49,356 [INFO]     method: System.Void UpdateProbeColor(0p) @ 0x1db529f9468
2026-04-05 03:35:49,356 [INFO]     method: System.Void StopImmediately(0p) @ 0x1db529f94c0
2026-04-05 03:35:49,356 [INFO] 
  ★ Gallop.PartsSingleModeSkillLearningListItem (score=5)
2026-04-05 03:35:49,357 [INFO]     Reasons: has level field, has cost/point field, has list/array field, has get*skill* method, 22 fields
2026-04-05 03:35:49,357 [INFO]     field: System.Int32 TIPS_LEVEL_MAX (off=0)
2026-04-05 03:35:49,357 [INFO]     field: UnityEngine.Transform _skillIconRoot (off=56)
2026-04-05 03:35:49,357 [INFO]     field: Gallop.TextCommon _nameText (off=64)
2026-04-05 03:35:49,357 [INFO]     field: Gallop.TextCommon _descriptionText (off=72)
2026-04-05 03:35:49,357 [INFO]     field: Gallop.TextCommon _levelText (off=80)
2026-04-05 03:35:49,357 [INFO]     field: Gallop.ImageCommon _lineImage (off=88)
2026-04-05 03:35:49,357 [INFO]     field: UnityEngine.GameObject _needPointRoot (off=96)
2026-04-05 03:35:49,357 [INFO]     field: Gallop.TextCommon _needPoint (off=104)
2026-04-05 03:35:49,357 [INFO]     field: UnityEngine.GameObject _getRoot (off=112)
2026-04-05 03:35:49,357 [INFO]     field: UnityEngine.GameObject _lockRoot (off=120)
2026-04-05 03:35:49,357 [INFO]     field: Gallop.TextCommon _lockText (off=128)
2026-04-05 03:35:49,357 [INFO]     field: Gallop.ButtonCommon _plusButton (off=136)
2026-04-05 03:35:49,357 [INFO]     field: Gallop.ButtonCommon _minusButton (off=144)
2026-04-05 03:35:49,357 [INFO]     field: Gallop.ImageCommon _baseImage (off=152)
2026-04-05 03:35:49,357 [INFO]     field: UnityEngine.GameObject _hintBalloonRoot (off=160)
2026-04-05 03:35:49,357 [INFO]     field: Gallop.TextCommon _hintLvText (off=168)
2026-04-05 03:35:49,357 [INFO]     field: Gallop.TextCommon _hintRatioText (off=176)
2026-04-05 03:35:49,357 [INFO]     field: Gallop.ImageCommon _eventLimitedImage (off=184)
2026-04-05 03:35:49,357 [INFO]     field: UnityEngine.GameObject _notResolvedRoot (off=192)
2026-04-05 03:35:49,357 [INFO]     field: System.Collections.Generic.List<Gallop.PartsSingleModeSkillLearningListItem.Info> _infoList (off=200)
2026-04-05 03:35:49,357 [INFO]     field: Gallop.PartsSingleModeSkillLearningListItem.GetRemainingSkillPointDelegate _getRemainingSkillPoint (off=208)
2026-04-05 03:35:49,357 [INFO]     field: Gallop.SkillIcon _skillIcon (off=216)
2026-04-05 03:35:49,357 [INFO]     method: Gallop.ButtonCommon get_PlusButton(0p) @ 0x1db52b1bdf8
2026-04-05 03:35:49,357 [INFO]     method: Gallop.ImageCommon get_BaseImage(0p) @ 0x1db52b1be50
2026-04-05 03:35:49,357 [INFO]     method: System.Void UpdateItem(4p) @ 0x1db52b1bea8
2026-04-05 03:35:49,357 [INFO]     method: System.Void UpdateItem(0p) @ 0x1db52b1bf00
2026-04-05 03:35:49,357 [INFO]     method: System.Void UpdateCurrent(0p) @ 0x1db52b1bf58
2026-04-05 03:35:49,357 [INFO]     method: System.Int32 GetMaxLevel(1p) @ 0x1db52b1bfb0
2026-04-05 03:35:49,357 [INFO]     method: Gallop.MasterSkillExp.SkillExp GetMasterSkillExp(2p) @ 0x1db52b1c008
2026-04-05 03:35:49,357 [INFO]     method: System.Int32 GetSkillId(0p) @ 0x1db52b1c060
2026-04-05 03:35:49,357 [INFO]     method: System.Void UpdateSkillName(0p) @ 0x1db52b1c0b8
2026-04-05 03:35:49,357 [INFO]     method: System.Void UpdateLevelText(0p) @ 0x1db52b1c110
2026-04-05 03:35:49,357 [INFO]     method: System.Void UpdateBaseImage(0p) @ 0x1db52b1c168
2026-04-05 03:35:49,357 [INFO]     method: System.Void UpdateIcon(0p) @ 0x1db52b1c1c0
2026-04-05 03:35:49,357 [INFO]     method: System.Void UpdateTipsBalloon(0p) @ 0x1db52b1c218
2026-04-05 03:35:49,357 [INFO]     method: System.Void UpdateEventLimited(0p) @ 0x1db52b1c270
2026-04-05 03:35:49,357 [INFO]     method: System.Void UpdateNotResolved(0p) @ 0x1db52b1c2c8
2026-04-05 03:35:49,357 [INFO] 
  ★ Gallop.PartsSingleModeSkillListItem (score=6)
2026-04-05 03:35:49,357 [INFO]     Reasons: has level field, has cost/point field, has get*skill* method, has acquire/learn method, 27 fields
2026-04-05 03:35:49,357 [INFO]     field: System.Int32 DISC_CHAR_NAME (off=0)
2026-04-05 03:35:49,357 [INFO]     field: System.Int32 EVENT_BONUS_BADGE_CONDITION_COMPLETE_POS_X (off=0)
2026-04-05 03:35:49,357 [INFO]     field: System.Int32 EVENT_BONUS_BADGE_DEFAULT_POS_X (off=0)
2026-04-05 03:35:49,357 [INFO]     field: System.Single HEIGHT_THREE_LINES (off=0)
2026-04-05 03:35:49,357 [INFO]     field: System.Single HEIGHT_FOUR_LINES (off=0)
2026-04-05 03:35:49,357 [INFO]     field: Gallop.ImageCommon _bgImage (off=56)
2026-04-05 03:35:49,357 [INFO]     field: Gallop.ButtonCommon _bgButton (off=64)
2026-04-05 03:35:49,357 [INFO]     field: Gallop.ImageCommon _lineImage (off=72)
2026-04-05 03:35:49,357 [INFO]     field: UnityEngine.Transform _skillIconRoot (off=80)
2026-04-05 03:35:49,357 [INFO]     field: Gallop.TextCommon _nameText (off=88)
2026-04-05 03:35:49,357 [INFO]     field: Gallop.TextCommon _levelText (off=96)
2026-04-05 03:35:49,357 [INFO]     field: Gallop.TextCommon _descText (off=104)
2026-04-05 03:35:49,357 [INFO]     field: UnityEngine.GameObject _newIconObject (off=112)
2026-04-05 03:35:49,357 [INFO]     field: UnityEngine.GameObject _needSkillPointRoot (off=120)
2026-04-05 03:35:49,357 [INFO]     field: Gallop.TextCommon _needSkillPointText (off=128)
2026-04-05 03:35:49,357 [INFO]     field: Gallop.TextCommon _needTalentLevelText (off=136)
2026-04-05 03:35:49,357 [INFO]     field: Gallop.PartsOutsideBlinkImage _blinkImage (off=144)
2026-04-05 03:35:49,357 [INFO]     field: Gallop.ImageCommon _eventLimitedImage (off=152)
2026-04-05 03:35:49,357 [INFO]     field: Gallop.ImageCommon _hintLabelObject (off=160)
2026-04-05 03:35:49,357 [INFO]     field: Gallop.TextCommon _hintLvText (off=168)
2026-04-05 03:35:49,357 [INFO]     field: UnityEngine.GameObject _acquireIcon (off=176)
2026-04-05 03:35:49,357 [INFO]     field: UnityEngine.GameObject _unAcquirableIcon (off=184)
2026-04-05 03:35:49,357 [INFO]     field: Gallop.PartsSingleModeSkillListItem.Info _info (off=192)
2026-04-05 03:35:49,357 [INFO]     field: Gallop.SkillIcon _skillIcon (off=200)
2026-04-05 03:35:49,357 [INFO]     field: Gallop.SkillIconLongTapInfoPop _skillInfoPop (off=208)
2026-04-05 03:35:49,357 [INFO]     field: UnityEngine.GameObject _hintLvMaxEffect (off=216)
2026-04-05 03:35:49,357 [INFO]     field: Gallop.ResourceManager.ResourceHash _resourceHash (off=224)
2026-04-05 03:35:49,357 [INFO]     method: System.Void UpdateItem(3p) @ 0x1db533591c0
2026-04-05 03:35:49,357 [INFO]     method: System.Void SetupOnClickSkillButton(1p) @ 0x1db53359218
2026-04-05 03:35:49,357 [INFO]     method: System.Void SetupNeedSkillPoint(0p) @ 0x1db53359270
2026-04-05 03:35:49,357 [INFO]     method: System.Void SetActiveNeedSkillPoint(1p) @ 0x1db533592c8
2026-04-05 03:35:49,357 [INFO]     method: System.Void ResizeObject(1p) @ 0x1db53359320
2026-04-05 03:35:49,357 [INFO]     method: System.Void ChangeTextColorType(1p) @ 0x1db53359378
2026-04-05 03:35:49,357 [INFO]     method: System.Void SetupNameText(0p) @ 0x1db533593d0
2026-04-05 03:35:49,357 [INFO]     method: System.Void SetGetSkill(0p) @ 0x1db53359428
2026-04-05 03:35:49,357 [INFO]     method: System.Void SetHintLv(0p) @ 0x1db53359480
2026-04-05 03:35:49,357 [INFO]     method: System.Void SetAcquire(0p) @ 0x1db533594d8
2026-04-05 03:35:49,357 [INFO]     method: System.Void SetUnAcquirable(0p) @ 0x1db53359530
2026-04-05 03:35:49,357 [INFO]     method: System.Void SetInteractableMulColor(1p) @ 0x1db53359588
2026-04-05 03:35:49,357 [INFO]     method: System.Void SetActiveSkillLevelText(1p) @ 0x1db533595e0
2026-04-05 03:35:49,358 [INFO]     method: System.Void .ctor(0p) @ 0x1db53359638
2026-04-05 03:35:49,358 [INFO] 
  ★ Gallop.SkillManager (score=4)
2026-04-05 03:35:49,358 [INFO]     Reasons: has ID field, has list/array field, has get*skill* method, 6 fields
2026-04-05 03:35:49,358 [INFO]     field: Gallop.IHorseRaceInfo _ownerInfo (off=16)
2026-04-05 03:35:49,358 [INFO]     field: System.Collections.Generic.List<Gallop.SkillBase> _skills (off=24)
2026-04-05 03:35:49,358 [INFO]     field: Gallop.SkillBase[] _skillArray (off=32)
2026-04-05 03:35:49,358 [INFO]     field: System.Collections.Generic.List<System.Int32> _usedSkillIdList (off=40)
2026-04-05 03:35:49,358 [INFO]     field: System.Collections.Generic.List<Gallop.SkillBase> _prevActivateSkills (off=48)
2026-04-05 03:35:49,358 [INFO]     field: Gallop.ISkillView _skillView (off=56)
2026-04-05 03:35:49,358 [INFO]     method: System.Void .ctor(1p) @ 0x1db54b29c60
2026-04-05 03:35:49,358 [INFO]     method: Gallop.ISkillTriggerCreator _CreateTriggerCreate(0p) @ 0x1db54b29cb8
2026-04-05 03:35:49,358 [INFO]     method: Gallop.ISkillView CreateSkillView(0p) @ 0x1db54b29d10
2026-04-05 03:35:49,358 [INFO]     method: System.Void AddSkill(1p) @ 0x1db54b29d68
2026-04-05 03:35:49,358 [INFO]     method: Gallop.SkillBase GetSkill(1p) @ 0x1db54b29dc0
2026-04-05 03:35:49,358 [INFO]     method: Gallop.SkillBase[] GetSkills(0p) @ 0x1db54b29e18
2026-04-05 03:35:49,358 [INFO]     method: System.Void CreateSkillArray(0p) @ 0x1db54b29e70
2026-04-05 03:35:49,358 [INFO]     method: System.Void ClearSkills(0p) @ 0x1db54b29ec8
2026-04-05 03:35:49,358 [INFO]     method: System.Void AddCurrentActiveSkill(1p) @ 0x1db54b29f20
2026-04-05 03:35:49,358 [INFO]     method: System.Void RemoveCurrentActiveSkill(1p) @ 0x1db54b29f78
2026-04-05 03:35:49,358 [INFO]     method: System.Collections.Generic.List<Gallop.ISkillDetail> GetCurrentActiveSkill(0p) @ 0x1db54b29fd0
2026-04-05 03:35:49,358 [INFO]     method: System.Void AddUsedSkillId(1p) @ 0x1db54b2a028
2026-04-05 03:35:49,358 [INFO]     method: System.Collections.Generic.List<System.Int32> GetUsedSkillIdList(0p) @ 0x1db54b2a080
2026-04-05 03:35:49,358 [INFO]     method: System.Void AddPrevActivateSkill(1p) @ 0x1db54b2a0d8
2026-04-05 03:35:49,358 [INFO]     method: System.Void RemovePrevActivateSkill(1p) @ 0x1db54b2a130
2026-04-05 03:35:49,358 [INFO] 
  ★ Gallop.RaceUISSRSkillNameFlash (score=2)
2026-04-05 03:35:49,358 [INFO]     Reasons: has level field, 15 fields
2026-04-05 03:35:49,358 [INFO]     field: System.String MTN_SKILL_LEVEL (off=0)
2026-04-05 03:35:49,358 [INFO]     field: System.String PLN_SKILL_NAME (off=0)
2026-04-05 03:35:49,358 [INFO]     field: System.String PLN_SKILL_NAME_ADD (off=0)
2026-04-05 03:35:49,358 [INFO]     field: System.String PLN_SKILL_LEVEL_1 (off=0)
2026-04-05 03:35:49,358 [INFO]     field: System.String PLN_SKILL_LEVEL_10 (off=0)
2026-04-05 03:35:49,358 [INFO]     field: System.String LABEL_SKILL_LEVEL_DIGIT1 (off=0)
2026-04-05 03:35:49,358 [INFO]     field: System.String LABEL_SKILL_LEVEL_DIGIT2 (off=0)
2026-04-05 03:35:49,358 [INFO]     field: System.String LABEL_START_UNIQUE_RARE (off=0)
2026-04-05 03:35:49,358 [INFO]     field: System.String LABEL_START_UNIQUE (off=0)
2026-04-05 03:35:49,358 [INFO]     field: System.String LABEL_SPEED_CHANGE (off=0)
2026-04-05 03:35:49,358 [INFO]     field: System.String LABEL_SPEED_RESET (off=0)
2026-04-05 03:35:49,358 [INFO]     field: System.String LABEL_LAST (off=0)
2026-04-05 03:35:49,358 [INFO]     field: System.Int32 LEVEL_THRESHOLD (off=0)
2026-04-05 03:35:49,358 [INFO]     field: UnityEngine.Vector3 FLASH_POS (off=0)
2026-04-05 03:35:49,358 [INFO]     field: Gallop.FlashPlayer _flPlayer (off=16)
2026-04-05 03:35:49,358 [INFO]     method: System.Void InitFlash(1p) @ 0x1db54af8250
2026-04-05 03:35:49,358 [INFO]     method: System.Void Play(3p) @ 0x1db54af82a8
2026-04-05 03:35:49,358 [INFO]     method: System.Void Stop(0p) @ 0x1db54af8300
2026-04-05 03:35:49,358 [INFO]     method: System.Void Pause(0p) @ 0x1db54af8358
2026-04-05 03:35:49,358 [INFO]     method: System.Void Resume(0p) @ 0x1db54af83b0
2026-04-05 03:35:49,358 [INFO]     method: System.Void SetSpeed(1p) @ 0x1db54af8408
2026-04-05 03:35:49,358 [INFO]     method: System.Void SetupSkillNameTexture(1p) @ 0x1db54af8460
2026-04-05 03:35:49,358 [INFO]     method: System.Void SetupSkillLevelTexture(1p) @ 0x1db54af84b8
2026-04-05 03:35:49,358 [INFO]     method: System.Void PlaySkillLevel(1p) @ 0x1db54af8510
2026-04-05 03:35:49,358 [INFO]     method: System.Void OnSpeedReset(0p) @ 0x1db54af8568
2026-04-05 03:35:49,358 [INFO]     method: System.Void OnSpeedChange(0p) @ 0x1db54af85c0
2026-04-05 03:35:49,358 [INFO]     method: System.Single GetAnimationLabelTime(1p) @ 0x1db54af8618
2026-04-05 03:35:49,358 [INFO]     method: System.Single GetFlashRemainTime(0p) @ 0x1db54af8670
2026-04-05 03:35:49,358 [INFO]     method: System.Single GetFlashTotalTime(0p) @ 0x1db54af86c8
2026-04-05 03:35:49,358 [INFO]     method: System.Single GetFlashCurrentTime(0p) @ 0x1db54af8720
2026-04-05 03:35:49,358 [INFO] 
  ★ Gallop.SkillAbility (score=3)
2026-04-05 03:35:49,358 [INFO]     Reasons: has level field, has list/array field, 13 fields
2026-04-05 03:35:49,358 [INFO]     field: Gallop.IHorseRaceInfo _owner (off=16)
2026-04-05 03:35:49,358 [INFO]     field: Gallop.ISkillDetail _detail (off=24)
2026-04-05 03:35:49,358 [INFO]     field: Gallop.ISkillTarget _target (off=32)
2026-04-05 03:35:49,358 [INFO]     field: Gallop.ISkillAbilityValueCalculator _abilityValueWithUsage (off=40)
2026-04-05 03:35:49,358 [INFO]     field: System.Int32 _level (off=48)
2026-04-05 03:35:49,358 [INFO]     field: Gallop.RaceParamDefine.SkillParam _skillParam (off=56)
2026-04-05 03:35:49,358 [INFO]     field: System.Collections.Generic.List<Gallop.ISkillParamModifier> _skillParamModifierList (off=64)
2026-04-05 03:35:49,358 [INFO]     field: System.Int32 _additionalActivateCount (off=72)
2026-04-05 03:35:49,358 [INFO]     field: Gallop.SkillDefine.SkillAbilityType <AbilityType>k__BackingField (off=76)
2026-04-05 03:35:49,358 [INFO]     field: Gallop.SkillDefine.SkillAbilityValueUsage <AbilityValueUsage>k__BackingField (off=80)
2026-04-05 03:35:49,358 [INFO]     field: Gallop.SkillDefine.SkillAbilityValueLevelUsage <AbilityValueLevelUsage>k__BackingField (off=84)
2026-04-05 03:35:49,358 [INFO]     field: System.Single _abilityValueOnActivate (off=88)
2026-04-05 03:35:49,358 [INFO]     field: System.Boolean _isAbilityValueOnActivateInitialized (off=92)
2026-04-05 03:35:49,358 [INFO]     method: System.Void .ctor(11p) @ 0x1db54b03188
2026-04-05 03:35:49,358 [INFO]     method: Gallop.SkillDefine.SkillAbilityType get_AbilityType(0p) @ 0x1db54b031e0
2026-04-05 03:35:49,358 [INFO]     method: System.Void set_AbilityType(1p) @ 0x1db54b03238
2026-04-05 03:35:49,358 [INFO]     method: Gallop.SkillDefine.SkillAbilityValueUsage get_AbilityValueUsage(0p) @ 0x1db54b03290
2026-04-05 03:35:49,358 [INFO]     method: System.Void set_AbilityValueUsage(1p) @ 0x1db54b032e8
2026-04-05 03:35:49,358 [INFO]     method: Gallop.SkillDefine.SkillAbilityValueLevelUsage get_AbilityValueLevelUsage(0p) @ 0x1db54b03340
2026-04-05 03:35:49,358 [INFO]     method: System.Void set_AbilityValueLevelUsage(1p) @ 0x1db54b03398
2026-04-05 03:35:49,358 [INFO]     method: System.Single get_AbilityValueOnActivate(0p) @ 0x1db54b033f0
2026-04-05 03:35:49,358 [INFO]     method: System.Void set_AbilityValueOnActivate(1p) @ 0x1db54b03448
2026-04-05 03:35:49,358 [INFO]     method: System.Collections.Generic.List<Gallop.IHorseRaceInfo> get_AbilityTargets(0p) @ 0x1db54b034a0
2026-04-05 03:35:49,358 [INFO]     method: System.Boolean IsAdditionalActivate(0p) @ 0x1db54b034f8
2026-04-05 03:35:49,358 [INFO]     method: System.Void AddAbilityTime(1p) @ 0x1db54b03550
2026-04-05 03:35:49,358 [INFO]     method: System.Void Activate(1p) @ 0x1db54b035a8
2026-04-05 03:35:49,358 [INFO]     method: System.Void Stop(0p) @ 0x1db54b03600
2026-04-05 03:35:49,358 [INFO]     method: System.Void AddSkillValueParam(4p) @ 0x1db54b03658
2026-04-05 03:35:49,358 [INFO] 
  ★ Gallop.SkillBase (score=3)
2026-04-05 03:35:49,358 [INFO]     Reasons: has level field, has get*skill* method, 11 fields
2026-04-05 03:35:49,358 [INFO]     field: System.Int32 SKILL_DETAIL_CAPACITY (off=0)
2026-04-05 03:35:49,358 [INFO]     field: System.Int32 SKILL_ACTIVATE_LOT_TRUE (off=0)
2026-04-05 03:35:49,358 [INFO]     field: Gallop.IHorseRaceInfo _ownerInfo (off=16)
2026-04-05 03:35:49,358 [INFO]     field: Gallop.ISkillTriggerCreator _triggerCreator (off=24)
2026-04-05 03:35:49,358 [INFO]     field: Gallop.IRaceRandomGenerator _randomGenerator (off=32)
2026-04-05 03:35:49,358 [INFO]     field: Gallop.RaceParamDefine.SkillParam _skillParam (off=40)
2026-04-05 03:35:49,358 [INFO]     field: System.Boolean <IsActivateEnable>k__BackingField (off=48)
2026-04-05 03:35:49,358 [INFO]     field: System.Collections.Generic.List<Gallop.ISkillDetail> <Details>k__BackingField (off=56)
2026-04-05 03:35:49,358 [INFO]     field: Gallop.MasterSkillData.SkillData <SkillMaster>k__BackingField (off=64)
2026-04-05 03:35:49,358 [INFO]     field: System.Int32 <Level>k__BackingField (off=72)
2026-04-05 03:35:49,358 [INFO]     field: System.Single _coolDownTime (off=76)
2026-04-05 03:35:49,358 [INFO]     method: System.Boolean get_IsActivateEnable(0p) @ 0x1db54b292c0
2026-04-05 03:35:49,358 [INFO]     method: System.Void set_IsActivateEnable(1p) @ 0x1db54b29318
2026-04-05 03:35:49,358 [INFO]     method: System.Collections.Generic.List<Gallop.ISkillDetail> get_Details(0p) @ 0x1db54b29370
2026-04-05 03:35:49,358 [INFO]     method: System.Void set_Details(1p) @ 0x1db54b293c8
2026-04-05 03:35:49,358 [INFO]     method: Gallop.MasterSkillData.SkillData get_SkillMaster(0p) @ 0x1db54b29420
2026-04-05 03:35:49,358 [INFO]     method: System.Void set_SkillMaster(1p) @ 0x1db54b29478
2026-04-05 03:35:49,358 [INFO]     method: System.Int32 get_SkillMasterId(0p) @ 0x1db54b294d0
2026-04-05 03:35:49,358 [INFO]     method: System.Int32 get_Level(0p) @ 0x1db54b29528
2026-04-05 03:35:49,358 [INFO]     method: System.Void set_Level(1p) @ 0x1db54b29580
2026-04-05 03:35:49,358 [INFO]     method: System.Single get_CoolDownTime(0p) @ 0x1db54b295d8
2026-04-05 03:35:49,358 [INFO]     method: System.Void .ctor(2p) @ 0x1db54b29630
2026-04-05 03:35:49,358 [INFO]     method: Gallop.ISkillDetail CreateSkillDetail(8p) @ 0x1db54b29688
2026-04-05 03:35:49,358 [INFO]     method: System.Void SetupDetail(8p) @ 0x1db54b296e0
2026-04-05 03:35:49,358 [INFO]     method: Gallop.ISkillAbility CreateAbility(11p) @ 0x1db54b29738
2026-04-05 03:35:49,358 [INFO]     method: System.Void Stop(0p) @ 0x1db54b29790
2026-04-05 03:35:49,358 [INFO] 
  ★ SkillParam (score=3)
2026-04-05 03:35:49,358 [INFO]     Reasons: has ID field, has list/array field, 29 fields
2026-04-05 03:35:49,358 [INFO]     field: System.Int32 AbilityTimeDivideDistance (off=16)
2026-04-05 03:35:49,358 [INFO]     field: System.Int32 CoolDownTimeDivideDistance (off=20)
2026-04-05 03:35:49,359 [INFO]     field: System.Single RandomLotOtherActivateLotInterval (off=24)
2026-04-05 03:35:49,359 [INFO]     field: System.Single LotActivatePerVal1 (off=28)
2026-04-05 03:35:49,359 [INFO]     field: System.Single LotActivatePerVal2 (off=32)
2026-04-05 03:35:49,359 [INFO]     field: System.Single InfrontHorseNearDistance (off=36)
2026-04-05 03:35:49,359 [INFO]     field: System.Single BehindHorseNearDistance (off=40)
2026-04-05 03:35:49,359 [INFO]     field: System.Single InfrontHorseNearLaneDistance (off=44)
2026-04-05 03:35:49,359 [INFO]     field: System.Single BehindHorseNearLaneDistance (off=48)
2026-04-05 03:35:49,359 [INFO]     field: System.Int32 ActivatePerMin (off=52)
2026-04-05 03:35:49,359 [INFO]     field: Gallop.RaceParamDefine.SkillParam.TeamTotalStatusCoef[] TeamTotalStatusCoefAscArray (off=56)
2026-04-05 03:35:49,359 [INFO]     field: System.Single AbilityTimeDiffDistanceTopCoefPerDistance (off=64)
2026-04-05 03:35:49,359 [INFO]     field: System.Single AbilityTimeDiffDistanceTopCoefMin (off=68)
2026-04-05 03:35:49,359 [INFO]     field: System.Single AbilityTimeDiffDistanceTopCoefMax (off=72)
2026-04-05 03:35:49,359 [INFO]     field: Gallop.RaceParamDefine.SkillParam.AbiiltyValueUsageRandom[] AbiiltyValueUsageRandom1Array (off=80)
2026-04-05 03:35:49,359 [INFO]     field: Gallop.RaceParamDefine.SkillParam.AbiiltyValueUsageRandom[] AbiiltyValueUsageRandom2Array (off=88)
2026-04-05 03:35:49,359 [INFO]     field: Gallop.RaceParamDefine.SkillParam.NearParam[] BehindNearParamArray (off=96)
2026-04-05 03:35:49,359 [INFO]     field: System.Single LaneMoveAddParam1 (off=104)
2026-04-05 03:35:49,359 [INFO]     field: System.Single LaneMoveAddParam2 (off=108)
2026-04-05 03:35:49,359 [INFO]     field: Gallop.RaceParamDefine.SkillParam.TimeRemainHpCoef[] TimeRemainHpCoefAscArray (off=112)
2026-04-05 03:35:49,359 [INFO]     field: Gallop.RaceParamDefine.SkillParam.RaceWinCoef[] RaceWinCountCoefAscArray (off=120)
2026-04-05 03:35:49,359 [INFO]     field: Gallop.RaceParamDefine.SkillParam.OrderChangeCoef[] OrderUpCornerPhaseEndAfterCoefAscArray (off=128)
2026-04-05 03:35:49,359 [INFO]     field: Gallop.RaceParamDefine.SkillParam.BaseStatusCoef[] BaseWizCoefAscArray (off=136)
2026-04-05 03:35:49,359 [INFO]     field: System.Single OrderUpAddAbilityTime (off=144)
2026-04-05 03:35:49,359 [INFO]     field: System.Int32 OrderUpAddAbilityTimeMaxCount (off=148)
2026-04-05 03:35:49,359 [INFO]     field: System.Int32 OrderUpAdditionalActivateAbilityMaxCount (off=152)
2026-04-05 03:35:49,359 [INFO]     field: Gallop.RaceParamDefine.SkillParam.SkillActivateTagGroup[] SkillActivateTagGroupArray (off=160)
2026-04-05 03:35:49,359 [INFO]     field: System.Int32[] AbilityValueUsageTagGroup1Array (off=168)
2026-04-05 03:35:49,359 [INFO]     field: Gallop.RaceParamDefine.SkillParam.ActivateSpecificTagGroupSkillCountCoef[] ActivateSpecificTagGroupSkillCountCoefAscArray (off=176)
2026-04-05 03:35:49,359 [INFO]     method: System.Void .ctor(0p) @ 0x1db54b6db00
2026-04-05 03:35:49,359 [INFO] 
  ★ SkillTriggerTag (score=2)
2026-04-05 03:35:49,359 [INFO]     Reasons: has ID field, 28 fields
2026-04-05 03:35:49,359 [INFO]     field: System.Int32 value__ (off=16)
2026-04-05 03:35:49,359 [INFO]     field: Gallop.SkillDefine.SkillTriggerTag Null (off=0)
2026-04-05 03:35:49,359 [INFO]     field: Gallop.SkillDefine.SkillTriggerTag DistanceShort (off=0)
2026-04-05 03:35:49,359 [INFO]     field: Gallop.SkillDefine.SkillTriggerTag DistanceMile (off=0)
2026-04-05 03:35:49,359 [INFO]     field: Gallop.SkillDefine.SkillTriggerTag DistanceMiddle (off=0)
2026-04-05 03:35:49,359 [INFO]     field: Gallop.SkillDefine.SkillTriggerTag DistanceLong (off=0)
2026-04-05 03:35:49,359 [INFO]     field: Gallop.SkillDefine.SkillTriggerTag RunningStyleNige (off=0)
2026-04-05 03:35:49,359 [INFO]     field: Gallop.SkillDefine.SkillTriggerTag RunningStyleSenko (off=0)
2026-04-05 03:35:49,359 [INFO]     field: Gallop.SkillDefine.SkillTriggerTag RunningStyleSashi (off=0)
2026-04-05 03:35:49,359 [INFO]     field: Gallop.SkillDefine.SkillTriggerTag RunningStyleOikomi (off=0)
2026-04-05 03:35:49,360 [INFO]     field: Gallop.SkillDefine.SkillTriggerTag Season (off=0)
2026-04-05 03:35:49,360 [INFO]     field: Gallop.SkillDefine.SkillTriggerTag Weather (off=0)
2026-04-05 03:35:49,360 [INFO]     field: Gallop.SkillDefine.SkillTriggerTag PostNumber (off=0)
2026-04-05 03:35:49,360 [INFO]     field: Gallop.SkillDefine.SkillTriggerTag RunningStyleSame (off=0)
2026-04-05 03:35:49,360 [INFO]     field: Gallop.SkillDefine.SkillTriggerTag Popularity (off=0)
2026-04-05 03:35:49,360 [INFO]     field: Gallop.SkillDefine.SkillTriggerTag Corner (off=0)
2026-04-05 03:35:49,360 [INFO]     field: Gallop.SkillDefine.SkillTriggerTag Straight (off=0)
2026-04-05 03:35:49,360 [INFO]     field: Gallop.SkillDefine.SkillTriggerTag Start (off=0)
2026-04-05 03:35:49,360 [INFO]     field: Gallop.SkillDefine.SkillTriggerTag PhaseStart (off=0)
2026-04-05 03:35:49,360 [INFO]     field: Gallop.SkillDefine.SkillTriggerTag PhaseMiddle (off=0)
2026-04-05 03:35:49,360 [INFO]     field: Gallop.SkillDefine.SkillTriggerTag PhaseEnd (off=0)
2026-04-05 03:35:49,360 [INFO]     field: Gallop.SkillDefine.SkillTriggerTag LastSpurt (off=0)
2026-04-05 03:35:49,360 [INFO]     field: Gallop.SkillDefine.SkillTriggerTag Temptation (off=0)
2026-04-05 03:35:49,360 [INFO]     field: Gallop.SkillDefine.SkillTriggerTag Track (off=0)
2026-04-05 03:35:49,360 [INFO]     field: Gallop.SkillDefine.SkillTriggerTag Turf (off=0)
2026-04-05 03:35:49,360 [INFO]     field: Gallop.SkillDefine.SkillTriggerTag Dirt (off=0)
2026-04-05 03:35:49,360 [INFO]     field: Gallop.SkillDefine.SkillTriggerTag OrderChange (off=0)
2026-04-05 03:35:49,360 [INFO]     field: Gallop.SkillDefine.SkillTriggerTag SkillActivateCount (off=0)
2026-04-05 03:35:49,360 [INFO] 
  ★ Gallop.SingleModeSkillLearningView (score=5)
2026-04-05 03:35:49,360 [INFO]     Reasons: has ID field, has cost/point field, has list/array field, has get*skill* method, 9 fields
2026-04-05 03:35:49,360 [INFO]     field: Gallop.ScrollRectCommon <ScrollRect>k__BackingField (off=80)
2026-04-05 03:35:49,360 [INFO]     field: Gallop.PartsSingleModeSkillLearningListItem <Item>k__BackingField (off=88)
2026-04-05 03:35:49,360 [INFO]     field: Gallop.TextCommon <SkillPointText>k__BackingField (off=96)
2026-04-05 03:35:49,360 [INFO]     field: Gallop.ButtonCommon <DetailButton>k__BackingField (off=104)
2026-04-05 03:35:49,360 [INFO]     field: Gallop.ButtonCommon <DecideButton>k__BackingField (off=112)
2026-04-05 03:35:49,360 [INFO]     field: Gallop.ButtonCommon <ResetButton>k__BackingField (off=120)
2026-04-05 03:35:49,360 [INFO]     field: UnityEngine.GameObject[] <AnimationTargetList>k__BackingField (off=128)
2026-04-05 03:35:49,360 [INFO]     field: UnityEngine.GameObject <AnimationTargetBottom>k__BackingField (off=136)
2026-04-05 03:35:49,360 [INFO]     field: UnityEngine.RectTransform <TutorialStep1>k__BackingField (off=144)
2026-04-05 03:35:49,360 [INFO]     method: Gallop.ScrollRectCommon get_ScrollRect(0p) @ 0x1db52cb3830
2026-04-05 03:35:49,360 [INFO]     method: System.Void set_ScrollRect(1p) @ 0x1db52cb3888
2026-04-05 03:35:49,360 [INFO]     method: Gallop.PartsSingleModeSkillLearningListItem get_Item(0p) @ 0x1db52cb38e0
2026-04-05 03:35:49,360 [INFO]     method: System.Void set_Item(1p) @ 0x1db52cb3938
2026-04-05 03:35:49,360 [INFO]     method: Gallop.TextCommon get_SkillPointText(0p) @ 0x1db52cb3990
2026-04-05 03:35:49,360 [INFO]     method: System.Void set_SkillPointText(1p) @ 0x1db52cb39e8
2026-04-05 03:35:49,360 [INFO]     method: Gallop.ButtonCommon get_DetailButton(0p) @ 0x1db52cb3a40
2026-04-05 03:35:49,360 [INFO]     method: System.Void set_DetailButton(1p) @ 0x1db52cb3a98
2026-04-05 03:35:49,360 [INFO]     method: Gallop.ButtonCommon get_DecideButton(0p) @ 0x1db52cb3af0
2026-04-05 03:35:49,360 [INFO]     method: System.Void set_DecideButton(1p) @ 0x1db52cb3b48
2026-04-05 03:35:49,360 [INFO]     method: Gallop.ButtonCommon get_ResetButton(0p) @ 0x1db52cb3ba0
2026-04-05 03:35:49,360 [INFO]     method: System.Void set_ResetButton(1p) @ 0x1db52cb3bf8
2026-04-05 03:35:49,360 [INFO]     method: UnityEngine.GameObject[] get_AnimationTargetList(0p) @ 0x1db52cb3c50
2026-04-05 03:35:49,360 [INFO]     method: System.Void set_AnimationTargetList(1p) @ 0x1db52cb3ca8
2026-04-05 03:35:49,360 [INFO]     method: UnityEngine.GameObject get_AnimationTargetBottom(0p) @ 0x1db52cb3d00
2026-04-05 03:35:49,360 [INFO] 
  ★ Gallop.SkillIcon (score=3)
2026-04-05 03:35:49,360 [INFO]     Reasons: has level field, has get*skill* method, 11 fields
2026-04-05 03:35:49,360 [INFO]     field: Gallop.RawImageCommon _iconImage (off=48)
2026-04-05 03:35:49,360 [INFO]     field: Gallop.ImageCommon _lockIcon (off=56)
2026-04-05 03:35:49,360 [INFO]     field: Gallop.ButtonCommon _myButton (off=64)
2026-04-05 03:35:49,360 [INFO]     field: Gallop.TextCommon _level (off=72)
2026-04-05 03:35:49,360 [INFO]     field: UnityEngine.Transform _newIconRoot (off=80)
2026-04-05 03:35:49,360 [INFO]     field: System.Boolean _isDisplayLongTapInfo (off=0)
2026-04-05 03:35:49,360 [INFO]     field: UnityEngine.GameObject _newIcon (off=88)
2026-04-05 03:35:49,360 [INFO]     field: Gallop.SkillIconLongTapInfoPop.OpenType _longTapType (off=96)
2026-04-05 03:35:49,360 [INFO]     field: System.Single _baseValue (off=100)
2026-04-05 03:35:49,360 [INFO]     field: System.Boolean _isChallengeMatchBonusSkill (off=104)
2026-04-05 03:35:49,360 [INFO]     field: System.Int32 _challengeMatchBonusSkillLv (off=108)
2026-04-05 03:35:49,360 [INFO]     method: Gallop.ButtonCommon get_MyButton(0p) @ 0x1db52aa5fa8
2026-04-05 03:35:49,360 [INFO]     method: System.Int32 get_SkillId(0p) @ 0x1db52aa6000
2026-04-05 03:35:49,360 [INFO]     method: System.Boolean get_IsVisibleNew(0p) @ 0x1db52aa6058
2026-04-05 03:35:49,360 [INFO]     method: System.Boolean get_IsVisibleLock(0p) @ 0x1db52aa60b0
2026-04-05 03:35:49,360 [INFO]     method: System.Void Awake(0p) @ 0x1db52aa6108
2026-04-05 03:35:49,360 [INFO]     method: System.Void Setup(4p) @ 0x1db52aa6160
2026-04-05 03:35:49,360 [INFO]     method: System.Void SetLock(1p) @ 0x1db52aa61b8
2026-04-05 03:35:49,360 [INFO]     method: System.Void SetButtonColorsInteractable(1p) @ 0x1db52aa6210
2026-04-05 03:35:49,360 [INFO]     method: System.Void SetActiveLockIcon(1p) @ 0x1db52aa6268
2026-04-05 03:35:49,360 [INFO]     method: System.Void SetLevel(1p) @ 0x1db52aa62c0
2026-04-05 03:35:49,360 [INFO]     method: System.Void SetSize(1p) @ 0x1db52aa6318
2026-04-05 03:35:49,360 [INFO]     method: System.Void SetOnClick(1p) @ 0x1db52aa6370
2026-04-05 03:35:49,360 [INFO]     method: System.Void OnLongTap(0p) @ 0x1db52aa63c8
2026-04-05 03:35:49,360 [INFO]     method: System.Void SetChallengeMatchIcon(1p) @ 0x1db52aa6420
2026-04-05 03:35:49,360 [INFO]     method: System.Void .ctor(0p) @ 0x1db52aa6478
2026-04-05 03:35:49,360 [INFO] 
  ★ Gallop.SingleModeChoiceRewardInfoSkillInfo (score=4)
2026-04-05 03:35:49,360 [INFO]     Reasons: has ID field, has level field, has get*skill* method, 4 fields
2026-04-05 03:35:49,360 [INFO]     field: System.Int32 <SkillId>k__BackingField (off=16)
2026-04-05 03:35:49,360 [INFO]     field: System.Int32 <CurrentHintLevel>k__BackingField (off=20)
2026-04-05 03:35:49,360 [INFO]     field: Gallop.SingleModeChoiceRewardInfoSkillInfo.SkillStateType <SkillState>k__BackingField (off=24)
2026-04-05 03:35:49,360 [INFO]     field: System.Boolean <IsBadSkill>k__BackingField (off=28)
2026-04-05 03:35:49,360 [INFO]     method: System.Void .ctor(4p) @ 0x1db54bd7420
2026-04-05 03:35:49,361 [INFO]     method: System.Type get_EqualityContract(0p) @ 0x1db54bd7478
2026-04-05 03:35:49,361 [INFO]     method: System.Int32 get_SkillId(0p) @ 0x1db54bd74d0
2026-04-05 03:35:49,361 [INFO]     method: System.Void set_SkillId(1p) @ 0x1db54bd7528
2026-04-05 03:35:49,361 [INFO]     method: System.Int32 get_CurrentHintLevel(0p) @ 0x1db54bd7580
2026-04-05 03:35:49,361 [INFO]     method: System.Void set_CurrentHintLevel(1p) @ 0x1db54bd75d8
2026-04-05 03:35:49,361 [INFO]     method: Gallop.SingleModeChoiceRewardInfoSkillInfo.SkillStateType get_SkillState(0p) @ 0x1db54bd7630
2026-04-05 03:35:49,361 [INFO]     method: System.Void set_SkillState(1p) @ 0x1db54bd7688
2026-04-05 03:35:49,361 [INFO]     method: System.Boolean get_IsBadSkill(0p) @ 0x1db54bd76e0
2026-04-05 03:35:49,361 [INFO]     method: System.Void set_IsBadSkill(1p) @ 0x1db54bd7738
2026-04-05 03:35:49,361 [INFO]     method: System.String ToString(0p) @ 0x1db54bd7790
2026-04-05 03:35:49,361 [INFO]     method: System.Boolean PrintMembers(1p) @ 0x1db54bd77e8
2026-04-05 03:35:49,361 [INFO]     method: System.Boolean op_Inequality(2p) @ 0x1db54bd7840
2026-04-05 03:35:49,361 [INFO]     method: System.Boolean op_Equality(2p) @ 0x1db54bd7898
2026-04-05 03:35:49,361 [INFO]     method: System.Int32 GetHashCode(0p) @ 0x1db54bd78f0
2026-04-05 03:35:49,361 [INFO] 
  ★ SkillTargetType (score=2)
2026-04-05 03:35:49,361 [INFO]     Reasons: has ID field, 23 fields
2026-04-05 03:35:49,361 [INFO]     field: System.Int32 value__ (off=16)
2026-04-05 03:35:49,361 [INFO]     field: Gallop.SkillDefine.SkillTargetType Self (off=0)
2026-04-05 03:35:49,361 [INFO]     field: Gallop.SkillDefine.SkillTargetType All (off=0)
2026-04-05 03:35:49,361 [INFO]     field: Gallop.SkillDefine.SkillTargetType AllOtherSelf (off=0)
2026-04-05 03:35:49,361 [INFO]     field: Gallop.SkillDefine.SkillTargetType Visible (off=0)
2026-04-05 03:35:49,361 [INFO]     field: Gallop.SkillDefine.SkillTargetType RandomOtherSelf (off=0)
2026-04-05 03:35:49,361 [INFO]     field: Gallop.SkillDefine.SkillTargetType Order (off=0)
2026-04-05 03:35:49,361 [INFO]     field: Gallop.SkillDefine.SkillTargetType OrderInfront (off=0)
2026-04-05 03:35:49,361 [INFO]     field: Gallop.SkillDefine.SkillTargetType OrderBehind (off=0)
2026-04-05 03:35:49,361 [INFO]     field: Gallop.SkillDefine.SkillTargetType SelfInfront (off=0)
2026-04-05 03:35:49,361 [INFO]     field: Gallop.SkillDefine.SkillTargetType SelfBehind (off=0)
2026-04-05 03:35:49,361 [INFO]     field: Gallop.SkillDefine.SkillTargetType TeamMember (off=0)
2026-04-05 03:35:49,361 [INFO]     field: Gallop.SkillDefine.SkillTargetType Near (off=0)
2026-04-05 03:35:49,361 [INFO]     field: Gallop.SkillDefine.SkillTargetType SelfAndBlockFront (off=0)
2026-04-05 03:35:49,361 [INFO]     field: Gallop.SkillDefine.SkillTargetType BlockSide (off=0)
2026-04-05 03:35:49,361 [INFO]     field: Gallop.SkillDefine.SkillTargetType NearInfront (off=0)
2026-04-05 03:35:49,361 [INFO]     field: Gallop.SkillDefine.SkillTargetType NearBehind (off=0)
2026-04-05 03:35:49,361 [INFO]     field: Gallop.SkillDefine.SkillTargetType RunningStyle (off=0)
2026-04-05 03:35:49,361 [INFO]     field: Gallop.SkillDefine.SkillTargetType RunningStyleOtherSelf (off=0)
2026-04-05 03:35:49,361 [INFO]     field: Gallop.SkillDefine.SkillTargetType SelfInfrontTemptation (off=0)
2026-04-05 03:35:49,361 [INFO]     field: Gallop.SkillDefine.SkillTargetType SelfBehindTemptation (off=0)
2026-04-05 03:35:49,361 [INFO]     field: Gallop.SkillDefine.SkillTargetType RunningStyleTemptationOtherSelf (off=0)
2026-04-05 03:35:49,361 [INFO]     field: Gallop.SkillDefine.SkillTargetType CharaId (off=0)
2026-04-05 03:35:49,361 [INFO] 
  ★ SkillSet (score=3)
2026-04-05 03:35:49,361 [INFO]     Reasons: has ID field, has level field, 21 fields
2026-04-05 03:35:49,361 [INFO]     field: System.Int32 Id (off=16)
2026-04-05 03:35:49,361 [INFO]     field: System.Int32 SkillId1 (off=20)
2026-04-05 03:35:49,361 [INFO]     field: System.Int32 SkillLevel1 (off=24)
2026-04-05 03:35:49,361 [INFO]     field: System.Int32 SkillId2 (off=28)
2026-04-05 03:35:49,361 [INFO]     field: System.Int32 SkillLevel2 (off=32)
2026-04-05 03:35:49,361 [INFO]     field: System.Int32 SkillId3 (off=36)
2026-04-05 03:35:49,361 [INFO]     field: System.Int32 SkillLevel3 (off=40)
2026-04-05 03:35:49,361 [INFO]     field: System.Int32 SkillId4 (off=44)
2026-04-05 03:35:49,361 [INFO]     field: System.Int32 SkillLevel4 (off=48)
2026-04-05 03:35:49,361 [INFO]     field: System.Int32 SkillId5 (off=52)
2026-04-05 03:35:49,361 [INFO]     field: System.Int32 SkillLevel5 (off=56)
2026-04-05 03:35:49,361 [INFO]     field: System.Int32 SkillId6 (off=60)
2026-04-05 03:35:49,361 [INFO]     field: System.Int32 SkillLevel6 (off=64)
2026-04-05 03:35:49,361 [INFO]     field: System.Int32 SkillId7 (off=68)
2026-04-05 03:35:49,361 [INFO]     field: System.Int32 SkillLevel7 (off=72)
2026-04-05 03:35:49,361 [INFO]     field: System.Int32 SkillId8 (off=76)
2026-04-05 03:35:49,361 [INFO]     field: System.Int32 SkillLevel8 (off=80)
2026-04-05 03:35:49,361 [INFO]     field: System.Int32 SkillId9 (off=84)
2026-04-05 03:35:49,361 [INFO]     field: System.Int32 SkillLevel9 (off=88)
2026-04-05 03:35:49,361 [INFO]     field: System.Int32 SkillId10 (off=92)
2026-04-05 03:35:49,361 [INFO]     field: System.Int32 SkillLevel10 (off=96)
2026-04-05 03:35:49,361 [INFO]     method: System.Void .ctor(21p) @ 0x1db54548e68
2026-04-05 03:35:49,361 [INFO] 
  ★ Gallop.PartsGetSkillPlate (score=4)
2026-04-05 03:35:49,361 [INFO]     Reasons: has ID field, has cost/point field, has get*skill* method, 16 fields
2026-04-05 03:35:49,361 [INFO]     field: Gallop.TextCommon _lvText (off=120)
2026-04-05 03:35:49,361 [INFO]     field: Gallop.SkillIcon _skillIcon (off=128)
2026-04-05 03:35:49,361 [INFO]     field: UnityEngine.UI.ContentSizeFitter _nameContentsSizeFitter (off=136)
2026-04-05 03:35:49,361 [INFO]     field: UnityEngine.RectTransform _skillNameTextRect (off=144)
2026-04-05 03:35:49,361 [INFO]     field: Gallop.TextCommon _needSkillPoint (off=152)
2026-04-05 03:35:49,361 [INFO]     field: UnityEngine.GameObject _hintLvObject (off=160)
2026-04-05 03:35:49,361 [INFO]     field: Gallop.ImageCommon _hintLabelImage (off=168)
2026-04-05 03:35:49,361 [INFO]     field: Gallop.TextCommon _hintLvText (off=176)
2026-04-05 03:35:49,361 [INFO]     field: System.Int32 SKILL_UPDATE_BORDER (off=0)
2026-04-05 03:35:49,361 [INFO]     field: System.Int32 SKILL_NAME_FONTSIZE_BORDER10 (off=0)
2026-04-05 03:35:49,362 [INFO]     field: System.Int32 SKILL_NAME_FONTSIZE_BORDER11 (off=0)
2026-04-05 03:35:49,362 [INFO]     field: System.Int32 SKILL_NAME_FONTSIZE_BORDER12 (off=0)
2026-04-05 03:35:49,362 [INFO]     field: System.Int32 SKILL_NAME_FONTSIZE_BORDER13 (off=0)
2026-04-05 03:35:49,362 [INFO]     field: System.Single SKILL_TEXT_MAX_WIDTH (off=0)
2026-04-05 03:35:49,362 [INFO]     field: System.Action _onClickInfoButton (off=184)
2026-04-05 03:35:49,362 [INFO]     field: Gallop.MasterSkillData.SkillData _skillData (off=192)
2026-04-05 03:35:49,362 [INFO]     method: System.Void SetUpCharacterLimitBreakSkill(3p) @ 0x1db52c45d30
2026-04-05 03:35:49,362 [INFO]     method: System.Void SetUpCharacterTalentUpgradeSkill(5p) @ 0x1db52c45d88
2026-04-05 03:35:49,362 [INFO]     method: System.Void SetUpCharacterGetEnableSkillForHintLvUp(5p) @ 0x1db52c45de0
2026-04-05 03:35:49,362 [INFO]     method: System.Void OnClickInfoButtonCharacterSkill(0p) @ 0x1db52c45e38
2026-04-05 03:35:49,362 [INFO]     method: System.Void OnClickInfoButtonSupportCardSkill(0p) @ 0x1db52c45e90
2026-04-05 03:35:49,362 [INFO]     method: System.Void .ctor(0p) @ 0x1db52c45ee8
2026-04-05 03:35:49,362 [INFO] 
  ★ Gallop.PartsHintLevelUpBottomSkillList (score=3)
2026-04-05 03:35:49,362 [INFO]     Reasons: has list/array field, has get*skill* method, 9 fields
2026-04-05 03:35:49,362 [INFO]     field: Gallop.PartsCharacterHintLvUpListItem _originItem (off=32)
2026-04-05 03:35:49,362 [INFO]     field: Gallop.CursorCommon _cursorCommon (off=40)
2026-04-05 03:35:49,362 [INFO]     field: Gallop.ScrollRectCommon _scrollRectCommon (off=48)
2026-04-05 03:35:49,362 [INFO]     field: System.Int32 DEFAULT_PREV_SELECT_SKILL_INDEX (off=0)
2026-04-05 03:35:49,362 [INFO]     field: System.Int32 SCROLL_VIEW_DEFAULT_POSITION (off=0)
2026-04-05 03:35:49,362 [INFO]     field: System.Collections.Generic.List<Gallop.MasterAvailableSkillSet.AvailableSkillSet> _availableSkillSetList (off=56)
2026-04-05 03:35:49,362 [INFO]     field: System.Collections.Generic.List<Gallop.PartsCharacterHintLvUpListItem> _bottomSkillList (off=64)
2026-04-05 03:35:49,362 [INFO]     field: System.Int32 _prevSelectSkillIndex (off=72)
2026-04-05 03:35:49,362 [INFO]     field: System.Int32 _selectSkillIndex (off=76)
2026-04-05 03:35:49,362 [INFO]     method: System.Int32 get_PrevSelectSkillIndex(0p) @ 0x1db531495d0
2026-04-05 03:35:49,362 [INFO]     method: System.Int32 get_SelectSkillIndex(0p) @ 0x1db53149628
2026-04-05 03:35:49,362 [INFO]     method: System.Int32 get_ListCount(0p) @ 0x1db53149680
2026-04-05 03:35:49,362 [INFO]     method: System.Void CreateList(3p) @ 0x1db531496d8
2026-04-05 03:35:49,362 [INFO]     method: System.Void SetScrollPosition(1p) @ 0x1db53149730
2026-04-05 03:35:49,362 [INFO]     method: System.Void ResetScrollPos(0p) @ 0x1db53149788
2026-04-05 03:35:49,362 [INFO]     method: System.Void Release(0p) @ 0x1db531497e0
2026-04-05 03:35:49,362 [INFO]     method: System.Void SetSelectSkillIndex(1p) @ 0x1db53149838
2026-04-05 03:35:49,362 [INFO]     method: System.Void OnSelectSkill(2p) @ 0x1db53149890
2026-04-05 03:35:49,362 [INFO]     method: System.Void UpdateBottomSkillListIndex(2p) @ 0x1db531498e8
2026-04-05 03:35:49,362 [INFO]     method: System.Void DestorySkillItem(0p) @ 0x1db53149940
2026-04-05 03:35:49,362 [INFO]     method: System.Boolean IsReleaseCheck(3p) @ 0x1db53149998
2026-04-05 03:35:49,362 [INFO]     method: System.Void .ctor(0p) @ 0x1db531499f0
2026-04-05 03:35:49,362 [INFO] 
  ★ Gallop.SkillEffectPlayer (score=2)
2026-04-05 03:35:49,362 [INFO]     Reasons: has list/array field, 8 fields
2026-04-05 03:35:49,362 [INFO]     field: System.Int32 DELAY_BUFF_SIZE (off=0)
2026-04-05 03:35:49,362 [INFO]     field: System.Single DELAY_ACTIVATE_SEC (off=0)
2026-04-05 03:35:49,362 [INFO]     field: System.Single EFFECT_PLAY_INTERVAL_SEC (off=0)
2026-04-05 03:35:49,362 [INFO]     field: System.Single LIFE_TIME_NULL (off=0)
2026-04-05 03:35:49,362 [INFO]     field: Gallop.ISkillEffectPool _effectPool (off=16)
2026-04-05 03:35:49,362 [INFO]     field: System.Collections.Generic.List<Gallop.SkillEffectPlayer.DelayPlayInfo> _delayPlayList (off=24)
2026-04-05 03:35:49,362 [INFO]     field: Gallop.SkillEffect _playingEffect (off=32)
2026-04-05 03:35:49,362 [INFO]     field: System.Single _nextPlayInterval (off=40)
2026-04-05 03:35:49,362 [INFO]     method: System.Void .ctor(1p) @ 0x1db54b40b10
2026-04-05 03:35:49,362 [INFO]     method: System.Void PlaySkillEffect(4p) @ 0x1db54b40b68
2026-04-05 03:35:49,362 [INFO]     method: System.Void PlayInternal(3p) @ 0x1db54b40bc0
2026-04-05 03:35:49,362 [INFO]     method: System.Boolean CheckPlayable(0p) @ 0x1db54b40c18
2026-04-05 03:35:49,362 [INFO]     method: UnityEngine.Transform GetAppearTrnsform(0p) @ 0x1db54b40c70
2026-04-05 03:35:49,362 [INFO]     method: System.Void ClearDelayPlay(0p) @ 0x1db54b40cc8
2026-04-05 03:35:49,363 [INFO]     method: System.Void Stop(0p) @ 0x1db54b40d20
2026-04-05 03:35:49,363 [INFO]     method: System.Void Pause(0p) @ 0x1db54b40d78
2026-04-05 03:35:49,363 [INFO]     method: System.Void Resume(0p) @ 0x1db54b40dd0
2026-04-05 03:35:49,363 [INFO]     method: System.Void SetSpeed(1p) @ 0x1db54b40e28
2026-04-05 03:35:49,363 [INFO]     method: System.Void Update(1p) @ 0x1db54b40e80
2026-04-05 03:35:49,363 [INFO]     method: System.Void UpdateDelayPlay(1p) @ 0x1db54b40ed8
2026-04-05 03:35:49,363 [INFO]     method: System.Void UpdatePlaying(0p) @ 0x1db54b40f30
2026-04-05 03:35:49,363 [INFO]     method: System.Void UpdateElapsedTime(1p) @ 0x1db54b40f88
2026-04-05 03:35:49,363 [INFO] 
  ★ <PlaySkillCutinCoroutine>d__63 (score=2)
2026-04-05 03:35:49,363 [INFO]     Reasons: has ID field, 16 fields
2026-04-05 03:35:49,363 [INFO]     field: System.Int32 <>1__state (off=16)
2026-04-05 03:35:49,363 [INFO]     field: System.Object <>2__current (off=24)
2026-04-05 03:35:49,363 [INFO]     field: Gallop.TeamStadium3DController <>4__this (off=32)
2026-04-05 03:35:49,363 [INFO]     field: System.Nullable<UnityEngine.Color> skillCutinBgColor (off=40)
2026-04-05 03:35:49,363 [INFO]     field: System.Boolean hideSkillBackgroundCamera (off=60)
2026-04-05 03:35:49,363 [INFO]     field: System.Action onEndAction (off=64)
2026-04-05 03:35:49,363 [INFO]     field: System.Int32 charaId (off=72)
2026-04-05 03:35:49,363 [INFO]     field: System.Int32 cardId (off=76)
2026-04-05 03:35:49,363 [INFO]     field: System.Int32 dressId (off=80)
2026-04-05 03:35:49,363 [INFO]     field: System.Int32 gateNo (off=84)
2026-04-05 03:35:49,363 [INFO]     field: Gallop.RaceInfo raceInfo (off=88)
2026-04-05 03:35:49,363 [INFO]     field: System.Boolean isLoadAsync (off=96)
2026-04-05 03:35:49,363 [INFO]     field: UnityEngine.RenderTexture toBackgroundRT (off=104)
2026-04-05 03:35:49,363 [INFO]     field: Gallop.TeamStadium3DController.<>c__DisplayClass63_0 <>8__1 (off=112)
2026-04-05 03:35:49,363 [INFO]     field: System.Action onPlayAction (off=120)
2026-04-05 03:35:49,363 [INFO]     field: System.String <path>5__2 (off=128)
2026-04-05 03:35:49,363 [INFO]     method: System.Void .ctor(1p) @ 0x1db54daddd8
2026-04-05 03:35:49,363 [INFO]     method: System.Void System.IDisposable.Dispose(0p) @ 0x1db54dade30
2026-04-05 03:35:49,363 [INFO]     method: System.Boolean MoveNext(0p) @ 0x1db54dade88
2026-04-05 03:35:49,363 [INFO]     method: System.Object System.Collections.Generic.IEnumerator<System.Object>.get_Current(0p) @ 0x1db54dadee0
2026-04-05 03:35:49,363 [INFO]     method: System.Void System.Collections.IEnumerator.Reset(0p) @ 0x1db54dadf38
2026-04-05 03:35:49,363 [INFO]     method: System.Object System.Collections.IEnumerator.get_Current(0p) @ 0x1db54dadf90
2026-04-05 03:35:49,363 [INFO] 
  ★ Gallop.PartsHintLevelUpSkillGroup (score=2)
2026-04-05 03:35:49,363 [INFO]     Reasons: has list/array field, 10 fields
2026-04-05 03:35:49,363 [INFO]     field: Gallop.PartsGetSkillPlate _skillPlateContent (off=32)
2026-04-05 03:35:49,363 [INFO]     field: Gallop.ScrollRectCommon ScrollRect (off=40)
2026-04-05 03:35:49,363 [INFO]     field: System.Collections.Generic.List<Gallop.PartsGetSkillPlate> _plateList (off=48)
2026-04-05 03:35:49,363 [INFO]     field: Gallop.WorkCardData.CardData _cardData (off=56)
2026-04-05 03:35:49,363 [INFO]     field: System.Collections.Generic.List<Gallop.MasterAvailableSkillSet.AvailableSkillSet> _cardAvailableSkillSet (off=64)
2026-04-05 03:35:49,363 [INFO]     field: Cute.UI.AtlasReference _atlasReference (off=72)
2026-04-05 03:35:49,363 [INFO]     field: System.Int32 SCROLL_VIEW_DEFAULT_POSITION (off=0)
2026-04-05 03:35:49,363 [INFO]     field: System.Int32 _contentCount (off=80)
2026-04-05 03:35:49,363 [INFO]     field: DG.Tweening.Tweener _scrollTweener (off=88)
2026-04-05 03:35:49,363 [INFO]     field: System.Single AUTO_SCROLL_SPEED (off=0)
2026-04-05 03:35:49,363 [INFO]     method: System.Void SetUpAtlas(1p) @ 0x1db53226448
2026-04-05 03:35:49,363 [INFO]     method: System.Void Initialize(1p) @ 0x1db532264a0
2026-04-05 03:35:49,363 [INFO]     method: System.Void CreateList(1p) @ 0x1db532264f8
2026-04-05 03:35:49,363 [INFO]     method: System.Void ResetList(0p) @ 0x1db53226550
2026-04-05 03:35:49,363 [INFO]     method: System.Void UpdateNextLevel(2p) @ 0x1db532265a8
2026-04-05 03:35:49,363 [INFO]     method: System.Void SelectSkillItem(1p) @ 0x1db53226600
2026-04-05 03:35:49,363 [INFO]     method: System.Void DestroyItem(0p) @ 0x1db53226658
2026-04-05 03:35:49,363 [INFO]     method: System.Void Release(0p) @ 0x1db532266b0
2026-04-05 03:35:49,363 [INFO]     method: System.Void AutoPlayScroll(4p) @ 0x1db53226708
2026-04-05 03:35:49,363 [INFO]     method: System.Void ResetScrollPos(0p) @ 0x1db53226760
2026-04-05 03:35:49,363 [INFO]     method: System.Void .ctor(0p) @ 0x1db532267b8
2026-04-05 03:35:49,363 [INFO] 
  ★ Gallop.RaceUISkillInfoPlate (score=3)
2026-04-05 03:35:49,363 [INFO]     Reasons: has list/array field, has get*skill* method, 8 fields
2026-04-05 03:35:49,363 [INFO]     field: System.Single PLATE_DISP_SEC (off=0)
2026-04-05 03:35:49,363 [INFO]     field: System.Single POS_OFFSET (off=0)
2026-04-05 03:35:49,363 [INFO]     field: Gallop.ImageCommon <IconImage>k__BackingField (off=32)
2026-04-05 03:35:49,363 [INFO]     field: System.Single _dispSec (off=40)
2026-04-05 03:35:49,363 [INFO]     field: System.Boolean <IsUsing>k__BackingField (off=44)
2026-04-05 03:35:49,363 [INFO]     field: UnityEngine.RectTransform _rect (off=48)
2026-04-05 03:35:49,363 [INFO]     field: System.Int32 _posIndex (off=56)
2026-04-05 03:35:49,363 [INFO]     field: System.String[] _skillIconSpriteNameArray (off=0)
2026-04-05 03:35:49,363 [INFO]     method: Gallop.ImageCommon get_IconImage(0p) @ 0x1db532ea180
2026-04-05 03:35:49,363 [INFO]     method: System.Void set_IconImage(1p) @ 0x1db532ea1d8
2026-04-05 03:35:49,363 [INFO]     method: System.Boolean get_IsUsing(0p) @ 0x1db532ea230
2026-04-05 03:35:49,363 [INFO]     method: System.Void set_IsUsing(1p) @ 0x1db532ea288
2026-04-05 03:35:49,363 [INFO]     method: System.Void Setup(1p) @ 0x1db532ea2e0
2026-04-05 03:35:49,363 [INFO]     method: System.Void Play(2p) @ 0x1db532ea338
2026-04-05 03:35:49,363 [INFO]     method: UnityEngine.Sprite GetSkillIconSprite(2p) @ 0x1db532ea390
2026-04-05 03:35:49,363 [INFO]     method: System.Void ReleaseSkillIconNameTable(0p) @ 0x1db532ea3e8
2026-04-05 03:35:49,363 [INFO]     method: System.Void InitializeSkillIconNameTable(0p) @ 0x1db532ea440
2026-04-05 03:35:49,363 [INFO]     method: System.Void AlterLateUpdate(1p) @ 0x1db532ea498
2026-04-05 03:35:49,363 [INFO]     method: System.Void Stop(0p) @ 0x1db532ea4f0
2026-04-05 03:35:49,363 [INFO]     method: System.Void .ctor(0p) @ 0x1db532ea548
2026-04-05 03:35:49,364 [INFO] 
  ★ Gallop.MasterSkillData (score=2)
2026-04-05 03:35:49,364 [INFO]     Reasons: has ID field, 6 fields
2026-04-05 03:35:49,364 [INFO]     field: System.String TABLE_NAME (off=0)
2026-04-05 03:35:49,364 [INFO]     field: Gallop.MasterCardDatabase _db (off=16)
2026-04-05 03:35:49,364 [INFO]     field: System.Boolean _preloaded (off=24)
2026-04-05 03:35:49,364 [INFO]     field: System.Collections.Generic.HashSet<System.Int32> _notFounds (off=32)
2026-04-05 03:35:49,364 [INFO]     field: System.Collections.Generic.Dictionary<System.Int32,Gallop.MasterSkillData.SkillData> _lazyPrimaryKeyDictionary (off=40)
2026-04-05 03:35:49,364 [INFO]     field: System.Collections.Generic.Dictionary<System.Int32,System.Collections.Generic.List<Gallop.MasterSkillData.SkillData>> _dictionaryWithGroupId (off=48)
2026-04-05 03:35:49,364 [INFO]     method: System.Collections.Generic.Dictionary<System.Int32,Gallop.MasterSkillData.SkillData> get_dictionary(0p) @ 0x1db54547c88
2026-04-05 03:35:49,364 [INFO]     method: System.Void .ctor(1p) @ 0x1db54547ce0
2026-04-05 03:35:49,364 [INFO]     method: Gallop.MasterSkillData.SkillData Get(1p) @ 0x1db54547d38
2026-04-05 03:35:49,364 [INFO]     method: Gallop.MasterSkillData.SkillData _SelectOne(1p) @ 0x1db54547d90
2026-04-05 03:35:49,364 [INFO]     method: Gallop.MasterSkillData.SkillData GetWithGroupIdOrderByIdAsc(1p) @ 0x1db54547de8
2026-04-05 03:35:49,364 [INFO]     method: Gallop.MasterSkillData.SkillData _SelectWithGroupIdOrderByIdAsc(1p) @ 0x1db54547e40
2026-04-05 03:35:49,364 [INFO]     method: System.Collections.Generic.List<Gallop.MasterSkillData.SkillData> GetListWithGroupIdOrderByIdAsc(1p) @ 0x1db54547e98
2026-04-05 03:35:49,364 [INFO]     method: System.Collections.Generic.List<Gallop.MasterSkillData.SkillData> MaybeListWithGroupIdOrderByIdAsc(1p) @ 0x1db54547ef0
2026-04-05 03:35:49,364 [INFO]     method: System.Collections.Generic.List<Gallop.MasterSkillData.SkillData> _ListSelectWithGroupIdOrderByIdAsc(1p) @ 0x1db54547f48
2026-04-05 03:35:49,364 [INFO]     method: Gallop.MasterSkillData.SkillData _CreateOrmByQueryResultWithGroupIdOrderByIdAsc(2p) @ 0x1db54547fa0
2026-04-05 03:35:49,364 [INFO]     method: System.Void Unload(0p) @ 0x1db54547ff8
2026-04-05 03:35:49,364 [INFO]     method: System.Void _ForcePreloadAllEntries(0p) @ 0x1db54548050
2026-04-05 03:35:49,364 [INFO] 
  ★ Gallop.DialogCharacterSimpleSkillDetail (score=2)
2026-04-05 03:35:49,364 [INFO]     Reasons: has cost/point field, 11 fields
2026-04-05 03:35:49,364 [INFO]     field: Gallop.SkillIcon _iconSkill (off=48)
2026-04-05 03:35:49,364 [INFO]     field: Gallop.TextCommon _textSkillName (off=56)
2026-04-05 03:35:49,364 [INFO]     field: Gallop.TextCommon _textSkillText (off=64)
2026-04-05 03:35:49,364 [INFO]     field: Gallop.ImageCommon _baseImage (off=72)
2026-04-05 03:35:49,364 [INFO]     field: Gallop.ImageCommon _lineImage (off=80)
2026-04-05 03:35:49,364 [INFO]     field: UnityEngine.GameObject _needSkillPointRoot (off=88)
2026-04-05 03:35:49,364 [INFO]     field: Gallop.TextCommon _needSkillPointText (off=96)
2026-04-05 03:35:49,364 [INFO]     field: Gallop.ImageCommon _hintLabelImage (off=104)
2026-04-05 03:35:49,364 [INFO]     field: Gallop.TextCommon _hintLvText (off=112)
2026-04-05 03:35:49,364 [INFO]     field: Gallop.ImageCommon _eventLimitedImage (off=120)
2026-04-05 03:35:49,364 [INFO]     field: Gallop.TextCommon _warnText (off=128)
2026-04-05 03:35:49,364 [INFO]     method: Gallop.DialogCommonBase.FormType GetFormType(0p) @ 0x1db53353080
2026-04-05 03:35:49,364 [INFO]     method: Gallop.DialogCommon.Data.ObjectParentType GetParentType(0p) @ 0x1db533530d8
2026-04-05 03:35:49,364 [INFO]     method: System.Void Open(7p) @ 0x1db53353130
2026-04-05 03:35:49,364 [INFO]     method: System.Void OpenForTeamBuilding(1p) @ 0x1db53353188
2026-04-05 03:35:49,364 [INFO]     method: System.Void Setup(3p) @ 0x1db533531e0
2026-04-05 03:35:49,364 [INFO]     method: System.Void SetupyWarnText(1p) @ 0x1db53353238
2026-04-05 03:35:49,364 [INFO]     method: System.Void .ctor(0p) @ 0x1db53353290
2026-04-05 03:35:49,364 [INFO] 
  ★ Gallop.MasterAvailableSkillSet (score=3)
2026-04-05 03:35:49,364 [INFO]     Reasons: has ID field, has get*skill* method, 5 fields
2026-04-05 03:35:49,364 [INFO]     field: System.String TABLE_NAME (off=0)
2026-04-05 03:35:49,364 [INFO]     field: Gallop.MasterCardDatabase _db (off=16)
2026-04-05 03:35:49,364 [INFO]     field: System.Collections.Generic.HashSet<System.Int32> _notFounds (off=24)
2026-04-05 03:35:49,364 [INFO]     field: System.Collections.Generic.Dictionary<System.Int32,Gallop.MasterAvailableSkillSet.AvailableSkillSet> _lazyPrimaryKeyDictionary (off=32)
2026-04-05 03:35:49,364 [INFO]     field: System.Collections.Generic.Dictionary<System.Int32,System.Collections.Generic.List<Gallop.MasterAvailableSkillSet.AvailableSkillSet>> _dictionaryWithAvailableSkillSetId (off=40)
2026-04-05 03:35:49,364 [INFO]     method: System.Void .ctor(1p) @ 0x1db5453b310
2026-04-05 03:35:49,364 [INFO]     method: Gallop.MasterAvailableSkillSet.AvailableSkillSet Get(1p) @ 0x1db5453b368
2026-04-05 03:35:49,364 [INFO]     method: Gallop.MasterAvailableSkillSet.AvailableSkillSet _SelectOne(1p) @ 0x1db5453b3c0
2026-04-05 03:35:49,364 [INFO]     method: Gallop.MasterAvailableSkillSet.AvailableSkillSet GetWithAvailableSkillSetIdOrderByIdAsc(1p) @ 0x1db5453b418
2026-04-05 03:35:49,364 [INFO]     method: Gallop.MasterAvailableSkillSet.AvailableSkillSet _SelectWithAvailableSkillSetIdOrderByIdAsc(1p) @ 0x1db5453b470
2026-04-05 03:35:49,364 [INFO]     method: System.Collections.Generic.List<Gallop.MasterAvailableSkillSet.AvailableSkillSet> GetListWithAvailableSkillSetIdOrderByIdAsc(1p) @ 0x1db5453b4c8
2026-04-05 03:35:49,364 [INFO]     method: System.Collections.Generic.List<Gallop.MasterAvailableSkillSet.AvailableSkillSet> MaybeListWithAvailableSkillSetIdOrderByIdAsc(1p) @ 0x1db5453b520
2026-04-05 03:35:49,364 [INFO]     method: System.Collections.Generic.List<Gallop.MasterAvailableSkillSet.AvailableSkillSet> _ListSelectWithAvailableSkillSetIdOrderByIdAsc(1p) @ 0x1db5453b578
2026-04-05 03:35:49,364 [INFO]     method: Gallop.MasterAvailableSkillSet.AvailableSkillSet _CreateOrmByQueryResultWithAvailableSkillSetIdOrderByIdAsc(2p) @ 0x1db5453b5d0
2026-04-05 03:35:49,364 [INFO]     method: System.Void Unload(0p) @ 0x1db5453b628
2026-04-05 03:35:49,364 [INFO]     method: Gallop.MasterAvailableSkillSet.AvailableSkillSet GetFromTalentLevel(2p) @ 0x1db5453b680
2026-04-05 03:35:49,364 [INFO] 
  ★ Gallop.SkillBaseContentsHolder (score=2)
2026-04-05 03:35:49,364 [INFO]     Reasons: has get*skill* method, 5 fields
2026-04-05 03:35:49,364 [INFO]     field: Gallop.SkillIcon <SkillIcon>k__BackingField (off=32)
2026-04-05 03:35:49,364 [INFO]     field: Gallop.TextCommon <SkillName>k__BackingField (off=40)
2026-04-05 03:35:49,364 [INFO]     field: Gallop.ImageCommon <BgImage>k__BackingField (off=48)
2026-04-05 03:35:49,364 [INFO]     field: Gallop.ButtonCommon <Button>k__BackingField (off=56)
2026-04-05 03:35:49,364 [INFO]     field: Gallop.PartsOutsideBlinkImage <BlinkImage>k__BackingField (off=64)
2026-04-05 03:35:49,364 [INFO]     method: Gallop.SkillIcon get_SkillIcon(0p) @ 0x1db52b25770
2026-04-05 03:35:49,364 [INFO]     method: System.Void set_SkillIcon(1p) @ 0x1db52b257c8
2026-04-05 03:35:49,364 [INFO]     method: Gallop.TextCommon get_SkillName(0p) @ 0x1db52b25820
2026-04-05 03:35:49,364 [INFO]     method: System.Void set_SkillName(1p) @ 0x1db52b25878
2026-04-05 03:35:49,364 [INFO]     method: Gallop.ImageCommon get_BgImage(0p) @ 0x1db52b258d0
2026-04-05 03:35:49,364 [INFO]     method: System.Void set_BgImage(1p) @ 0x1db52b25928
2026-04-05 03:35:49,364 [INFO]     method: Gallop.ButtonCommon get_Button(0p) @ 0x1db52b25980
2026-04-05 03:35:49,364 [INFO]     method: System.Void set_Button(1p) @ 0x1db52b259d8
2026-04-05 03:35:49,364 [INFO]     method: Gallop.PartsOutsideBlinkImage get_BlinkImage(0p) @ 0x1db52b25a30
2026-04-05 03:35:49,364 [INFO]     method: System.Void set_BlinkImage(1p) @ 0x1db52b25a88
2026-04-05 03:35:49,364 [INFO]     method: System.Void .ctor(0p) @ 0x1db52b25ae0
2026-04-05 03:35:49,365 [INFO] 
  ★ Gallop.PartsSingleModeChoiceRewardAnotherEventSkillElement (score=2)
2026-04-05 03:35:49,365 [INFO]     Reasons: has list/array field, 9 fields
2026-04-05 03:35:49,365 [INFO]     field: Gallop.TextCommon _labelText (off=32)
2026-04-05 03:35:49,365 [INFO]     field: UnityEngine.Transform _skillListTransform (off=40)
2026-04-05 03:35:49,365 [INFO]     field: UnityEngine.RectTransform _positionOffstRect (off=48)
2026-04-05 03:35:49,365 [INFO]     field: Gallop.PartsSingleModeChoiceRewardAnotherEventSkillBranch _branchElementBase (off=56)
2026-04-05 03:35:49,365 [INFO]     field: System.Boolean _hasRewardText (off=64)
2026-04-05 03:35:49,365 [INFO]     field: System.Boolean _hasSkill (off=65)
2026-04-05 03:35:49,365 [INFO]     field: Gallop.ISingleModeChoiceRewardInfoAnotherEventSkillElement _viewModel (off=72)
2026-04-05 03:35:49,365 [INFO]     field: System.Collections.Generic.List<Gallop.PartsSingleModeChoiceRewardAnotherEventSkillBranch> _branchElementList (off=80)
2026-04-05 03:35:49,365 [INFO]     field: System.Single POSITION_Y_OFFSET (off=0)
2026-04-05 03:35:49,365 [INFO]     method: System.Void Setup(3p) @ 0x1db52ddb648
2026-04-05 03:35:49,365 [INFO]     method: System.Void SetupLabelText(0p) @ 0x1db52ddb6a0
2026-04-05 03:35:49,365 [INFO]     method: System.Void SetupSkillList(0p) @ 0x1db52ddb6f8
2026-04-05 03:35:49,365 [INFO]     method: System.Void SetOffset(0p) @ 0x1db52ddb750
2026-04-05 03:35:49,365 [INFO]     method: System.Single GetOffsetY(0p) @ 0x1db52ddb7a8
2026-04-05 03:35:49,365 [INFO]     method: System.Void UpdateHeight(0p) @ 0x1db52ddb800
2026-04-05 03:35:49,365 [INFO]     method: System.Void .ctor(0p) @ 0x1db52ddb858
2026-04-05 03:35:49,365 [INFO] 
  ★ SkillTips (score=3)
2026-04-05 03:35:49,365 [INFO]     Reasons: has ID field, has level field, 5 fields
2026-04-05 03:35:49,365 [INFO]     field: CodeStage.AntiCheat.ObscuredTypes.ObscuredInt <GroupId>k__BackingField (off=16)
2026-04-05 03:35:49,365 [INFO]     field: CodeStage.AntiCheat.ObscuredTypes.ObscuredInt <Rarity>k__BackingField (off=36)
2026-04-05 03:35:49,365 [INFO]     field: CodeStage.AntiCheat.ObscuredTypes.ObscuredInt <Level>k__BackingField (off=56)
2026-04-05 03:35:49,365 [INFO]     field: System.Int32 LEVEL_MAX (off=0)
2026-04-05 03:35:49,365 [INFO]     field: System.Int32[] SKILL_TIPS_RATE (off=0)
2026-04-05 03:35:49,365 [INFO]     method: System.Void .ctor(1p) @ 0x1db54660660
2026-04-05 03:35:49,365 [INFO]     method: CodeStage.AntiCheat.ObscuredTypes.ObscuredInt get_GroupId(0p) @ 0x1db546606b8
2026-04-05 03:35:49,365 [INFO]     method: System.Void set_GroupId(1p) @ 0x1db54660710
2026-04-05 03:35:49,365 [INFO]     method: CodeStage.AntiCheat.ObscuredTypes.ObscuredInt get_Rarity(0p) @ 0x1db54660768
2026-04-05 03:35:49,365 [INFO]     method: System.Void set_Rarity(1p) @ 0x1db546607c0
2026-04-05 03:35:49,365 [INFO]     method: CodeStage.AntiCheat.ObscuredTypes.ObscuredInt get_Level(0p) @ 0x1db54660818
2026-04-05 03:35:49,365 [INFO]     method: System.Void set_Level(1p) @ 0x1db54660870
2026-04-05 03:35:49,365 [INFO]     method: System.Int32 get_Rate(0p) @ 0x1db546608c8
2026-04-05 03:35:49,365 [INFO]     method: System.Int32 GetRate(1p) @ 0x1db54660920
2026-04-05 03:35:49,365 [INFO]     method: System.Void .cctor(0p) @ 0x1db54660978
2026-04-05 03:35:49,365 [INFO] 
  ★ Gallop.RaceUISkillInfo (score=2)
2026-04-05 03:35:49,365 [INFO]     Reasons: has list/array field, 8 fields
2026-04-05 03:35:49,365 [INFO]     field: System.Single FOLLOW_Y_OFFSET (off=0)
2026-04-05 03:35:49,365 [INFO]     field: System.Single FOLLOW_Z_OFFSET (off=0)
2026-04-05 03:35:49,365 [INFO]     field: UnityEngine.GameObject _plateTemplate (off=32)
2026-04-05 03:35:49,365 [INFO]     field: System.Collections.Generic.List<Gallop.RaceUISkillInfoPlate> _plateList (off=40)
2026-04-05 03:35:49,365 [INFO]     field: UnityEngine.Transform _followTrans (off=48)
2026-04-05 03:35:49,365 [INFO]     field: UnityEngine.Vector3 _followPosOffset (off=56)
2026-04-05 03:35:49,365 [INFO]     field: UnityEngine.Camera _uiCamera (off=72)
2026-04-05 03:35:49,365 [INFO]     field: System.Boolean _isNeedUpdate (off=80)
2026-04-05 03:35:49,365 [INFO]     method: System.Void Setup(2p) @ 0x1db531f5278
2026-04-05 03:35:49,365 [INFO]     method: System.Void Play(2p) @ 0x1db531f52d0
2026-04-05 03:35:49,365 [INFO]     method: System.Void StopAll(0p) @ 0x1db531f5328
2026-04-05 03:35:49,365 [INFO]     method: System.Void AlterLateUpdate(1p) @ 0x1db531f5380
2026-04-05 03:35:49,365 [INFO]     method: System.Void UpdateAllPlate(1p) @ 0x1db531f53d8
2026-04-05 03:35:49,365 [INFO]     method: System.Void UpdateFollow(0p) @ 0x1db531f5430
2026-04-05 03:35:49,365 [INFO]     method: System.Void .ctor(0p) @ 0x1db531f5488
2026-04-05 03:35:49,365 [INFO] 
  ★ Gallop.MasterSkillSet (score=2)
2026-04-05 03:35:49,365 [INFO]     Reasons: has get*skill* method, 5 fields
2026-04-05 03:35:49,365 [INFO]     field: System.String TABLE_NAME (off=0)
2026-04-05 03:35:49,365 [INFO]     field: Gallop.MasterCardDatabase _db (off=16)
2026-04-05 03:35:49,365 [INFO]     field: System.Boolean _preloaded (off=24)
2026-04-05 03:35:49,365 [INFO]     field: System.Collections.Generic.HashSet<System.Int32> _notFounds (off=32)
2026-04-05 03:35:49,365 [INFO]     field: System.Collections.Generic.Dictionary<System.Int32,Gallop.MasterSkillSet.SkillSet> _lazyPrimaryKeyDictionary (off=40)
2026-04-05 03:35:49,365 [INFO]     method: System.Collections.Generic.Dictionary<System.Int32,Gallop.MasterSkillSet.SkillSet> get_dictionary(0p) @ 0x1db54548fa0
2026-04-05 03:35:49,365 [INFO]     method: System.Void .ctor(1p) @ 0x1db54548ff8
2026-04-05 03:35:49,365 [INFO]     method: Gallop.MasterSkillSet.SkillSet Get(1p) @ 0x1db54549050
2026-04-05 03:35:49,365 [INFO]     method: Gallop.MasterSkillSet.SkillSet _SelectOne(1p) @ 0x1db545490a8
2026-04-05 03:35:49,365 [INFO]     method: System.Void Unload(0p) @ 0x1db54549100
2026-04-05 03:35:49,365 [INFO]     method: System.Void _ForcePreloadAllEntries(0p) @ 0x1db54549158
2026-04-05 03:35:49,365 [INFO]     method: System.Collections.Generic.List<Gallop.SkillData> GetSkillDataList(1p) @ 0x1db545491b0
2026-04-05 03:35:49,365 [INFO] 
  ★ Gallop.PartsCharacterSkillChange (score=2)
2026-04-05 03:35:49,365 [INFO]     Reasons: has level field, 10 fields
2026-04-05 03:35:49,365 [INFO]     field: Gallop.SkillIcon _iconSkillBefore (off=32)
2026-04-05 03:35:49,365 [INFO]     field: Gallop.TextCommon _textSkillNameBefore (off=40)
2026-04-05 03:35:49,365 [INFO]     field: Gallop.TextCommon _textSkillTextBefore (off=48)
2026-04-05 03:35:49,365 [INFO]     field: Gallop.TextCommon _textSkillLevel (off=56)
2026-04-05 03:35:49,365 [INFO]     field: Gallop.ImageCommon _bgImageCommon (off=64)
2026-04-05 03:35:49,365 [INFO]     field: Gallop.SkillIcon _iconSkillAfter (off=72)
2026-04-05 03:35:49,365 [INFO]     field: Gallop.TextCommon _textSkillNameAfter (off=80)
2026-04-05 03:35:49,366 [INFO]     field: Gallop.TextCommon _textSkillTextAfter (off=88)
2026-04-05 03:35:49,366 [INFO]     field: Gallop.TextCommon _textSkillLevelAfter (off=96)
2026-04-05 03:35:49,366 [INFO]     field: Gallop.ImageCommon _bgAfterImageCommon (off=104)
2026-04-05 03:35:49,366 [INFO]     method: System.Void Setup(2p) @ 0x1db5321a490
2026-04-05 03:35:49,366 [INFO]     method: System.Void .ctor(0p) @ 0x1db5321a4e8
2026-04-05 03:35:49,366 [INFO] 
  ★ Gallop.PartsTeamBuildingCollectionSkillGroupListItem (score=2)
2026-04-05 03:35:49,366 [INFO]     Reasons: has list/array field, 7 fields
2026-04-05 03:35:49,366 [INFO]     field: Gallop.ButtonCommon _button (off=56)
2026-04-05 03:35:49,366 [INFO]     field: Gallop.CharacterButton _charaButtonBase (off=64)
2026-04-05 03:35:49,366 [INFO]     field: UnityEngine.GameObject _organizedLabelBase (off=72)
2026-04-05 03:35:49,366 [INFO]     field: Gallop.SkillIcon _skillIcon (off=80)
2026-04-05 03:35:49,366 [INFO]     field: Gallop.TextCommon _skillName (off=88)
2026-04-05 03:35:49,366 [INFO]     field: UnityEngine.GameObject _registeredLabel (off=96)
2026-04-05 03:35:49,366 [INFO]     field: System.Collections.Generic.List<Gallop.CharacterButton> _charaButtonList (off=104)
2026-04-05 03:35:49,366 [INFO]     method: Gallop.WorkTeamBuildingData get_workTeamBuildingData(0p) @ 0x1db526fa1b0
2026-04-05 03:35:49,366 [INFO]     method: System.Void UpdateItem(1p) @ 0x1db526fa208
2026-04-05 03:35:49,366 [INFO]     method: System.Void SetupCharaIcon(4p) @ 0x1db526fa260
2026-04-05 03:35:49,366 [INFO]     method: System.Void .ctor(0p) @ 0x1db526fa2b8
2026-04-05 03:35:49,366 [INFO] 
  ★ Gallop.RaceUISkillInfoController (score=2)
2026-04-05 03:35:49,366 [INFO]     Reasons: has list/array field, 3 fields
2026-04-05 03:35:49,366 [INFO]     field: System.Int32 PLATE_NUM_DEFAULT (off=0)
2026-04-05 03:35:49,366 [INFO]     field: Gallop.RaceUISkillInfo[] _skillInfoArray (off=16)
2026-04-05 03:35:49,366 [INFO]     field: System.Boolean _isVisible (off=24)
2026-04-05 03:35:49,366 [INFO]     method: System.Void Setup(4p) @ 0x1db54af6970
2026-04-05 03:35:49,366 [INFO]     method: System.Void LateUpdate(1p) @ 0x1db54af69c8
2026-04-05 03:35:49,366 [INFO]     method: System.Void Play(3p) @ 0x1db54af6a20
2026-04-05 03:35:49,366 [INFO]     method: System.Void Stop(1p) @ 0x1db54af6a78
2026-04-05 03:35:49,366 [INFO]     method: System.Void StopAll(0p) @ 0x1db54af6ad0
2026-04-05 03:35:49,366 [INFO]     method: System.Void SetVisible(1p) @ 0x1db54af6b28
2026-04-05 03:35:49,366 [INFO]     method: System.Boolean IsVisible(0p) @ 0x1db54af6b80
2026-04-05 03:35:49,366 [INFO]     method: System.Void .ctor(0p) @ 0x1db54af6bd8
2026-04-05 03:35:49,366 [INFO] 
  ★ Gallop.SkillBuildInfo (score=2)
2026-04-05 03:35:49,366 [INFO]     Reasons: has level field, 10 fields
2026-04-05 03:35:49,366 [INFO]     field: Gallop.MasterSkillData.SkillData masterSkill (off=16)
2026-04-05 03:35:49,366 [INFO]     field: System.Int32 Level (off=24)
2026-04-05 03:35:49,366 [INFO]     field: Gallop.IHorseRaceInfo ownerInfo (off=32)
2026-04-05 03:35:49,366 [INFO]     field: Gallop.IRaceHorseAccessor horseAccessor (off=40)
2026-04-05 03:35:49,366 [INFO]     field: Gallop.IRaceCourseAttributeAccessor courseAttributeAccessor (off=48)
2026-04-05 03:35:49,366 [INFO]     field: Gallop.IRaceTimeAccessor timeAccessor (off=56)
2026-04-05 03:35:49,366 [INFO]     field: Gallop.IRaceRandomGenerator randomGenerator (off=64)
2026-04-05 03:35:49,366 [INFO]     field: Gallop.IRaceEventRecorder SkillEventRecorder (off=72)
2026-04-05 03:35:49,366 [INFO]     field: Gallop.RaceInfo raceInfo (off=80)
2026-04-05 03:35:49,366 [INFO]     field: Gallop.RaceParamDefine.SkillParam SkillParam (off=88)
2026-04-05 03:35:49,366 [INFO]     method: System.Void .ctor(10p) @ 0x1db54b28f30
2026-04-05 03:35:49,366 [INFO] 
  ★ Gallop.DialogSingleModeSuccessionSkillList (score=2)
2026-04-05 03:35:49,366 [INFO]     Reasons: has list/array field, 5 fields
2026-04-05 03:35:49,366 [INFO]     field: UnityEngine.Transform _skillRoot (off=48)
2026-04-05 03:35:49,366 [INFO]     field: Gallop.PartsSingleModeSkillListItem _skillListItem (off=56)
2026-04-05 03:35:49,366 [INFO]     field: Gallop.TextCommon _emptyText (off=64)
2026-04-05 03:35:49,366 [INFO]     field: Gallop.TextCommon _descriptionLabel (off=72)
2026-04-05 03:35:49,366 [INFO]     field: UnityEngine.GameObject _scrollViewBase (off=80)
2026-04-05 03:35:49,366 [INFO]     method: Gallop.DialogCommonBase.FormType GetFormType(0p) @ 0x1db532ed018
2026-04-05 03:35:49,366 [INFO]     method: Gallop.DialogCommon.Data.ObjectParentType GetParentType(0p) @ 0x1db532ed070
2026-04-05 03:35:49,366 [INFO]     method: System.Void Open(3p) @ 0x1db532ed0c8
2026-04-05 03:35:49,366 [INFO]     method: System.Void Setup(3p) @ 0x1db532ed120
2026-04-05 03:35:49,366 [INFO]     method: System.Void SetupSkill(2p) @ 0x1db532ed178
2026-04-05 03:35:49,366 [INFO]     method: System.Void .ctor(0p) @ 0x1db532ed1d0
2026-04-05 03:35:49,366 [INFO] 
  ★ <CoroutineSkillGetChangeView>d__40 (score=2)
2026-04-05 03:35:49,366 [INFO]     Reasons: has list/array field, 5 fields
2026-04-05 03:35:49,366 [INFO]     field: System.Int32 <>1__state (off=16)
2026-04-05 03:35:49,366 [INFO]     field: System.Object <>2__current (off=24)
2026-04-05 03:35:49,366 [INFO]     field: Gallop.SingleModeSkillLearningViewController <>4__this (off=32)
2026-04-05 03:35:49,366 [INFO]     field: System.Collections.Generic.List<Gallop.GainSkillInfo> gainSkillList (off=40)
2026-04-05 03:35:49,366 [INFO]     field: Gallop.SingleModeSkillLearningViewController.<>c__DisplayClass40_0 <>8__1 (off=48)
2026-04-05 03:35:49,366 [INFO]     method: System.Void .ctor(1p) @ 0x1db54d02050
2026-04-05 03:35:49,366 [INFO]     method: System.Void System.IDisposable.Dispose(0p) @ 0x1db54d020a8
2026-04-05 03:35:49,366 [INFO]     method: System.Boolean MoveNext(0p) @ 0x1db54d02100
2026-04-05 03:35:49,366 [INFO]     method: System.Object System.Collections.Generic.IEnumerator<System.Object>.get_Current(0p) @ 0x1db54d02158
2026-04-05 03:35:49,366 [INFO]     method: System.Void System.Collections.IEnumerator.Reset(0p) @ 0x1db54d021b0
2026-04-05 03:35:49,366 [INFO]     method: System.Object System.Collections.IEnumerator.get_Current(0p) @ 0x1db54d02208
2026-04-05 03:35:49,366 [INFO] 
  ★ SkillDataBase (score=3)
2026-04-05 03:35:49,366 [INFO]     Reasons: has ID field, has level field, 3 fields
2026-04-05 03:35:49,366 [INFO]     field: CodeStage.AntiCheat.ObscuredTypes.ObscuredInt _masterId (off=16)
2026-04-05 03:35:49,367 [INFO]     field: CodeStage.AntiCheat.ObscuredTypes.ObscuredInt _level (off=36)
2026-04-05 03:35:49,367 [INFO]     field: Gallop.MasterSkillData.SkillData _master (off=56)
2026-04-05 03:35:49,367 [INFO]     method: System.Int32 get_MasterId(0p) @ 0x1db54676038
2026-04-05 03:35:49,367 [INFO]     method: System.Int32 get_Level(0p) @ 0x1db54676090
2026-04-05 03:35:49,367 [INFO]     method: Gallop.MasterSkillData.SkillData get_MasterData(0p) @ 0x1db546760e8
2026-04-05 03:35:49,367 [INFO]     method: System.Void .ctor(2p) @ 0x1db54676140
2026-04-05 03:35:49,367 [INFO]     method: System.Void .ctor(1p) @ 0x1db54676198
2026-04-05 03:35:49,367 [INFO]     method: System.Void .ctor(2p) @ 0x1db546761f0
2026-04-05 03:35:49,367 [INFO]     method: System.Void Validate(0p) @ 0x1db54676248
2026-04-05 03:35:49,367 [INFO] 
  ★ Gallop.SkillDefine (score=2)
2026-04-05 03:35:49,367 [INFO]     Reasons: has level field, 9 fields
2026-04-05 03:35:49,367 [INFO]     field: System.String SKILL_TRIGGER_KEYWORD_ALWAYS (off=0)
2026-04-05 03:35:49,367 [INFO]     field: System.String SKILL_TRIGGER_KEYWORD_RUNNING_STYLE (off=0)
2026-04-05 03:35:49,367 [INFO]     field: System.String SKILL_TRIGGER_KEYWORD_DISTANCE_TYPE (off=0)
2026-04-05 03:35:49,367 [INFO]     field: System.Single SKILL_CONTINUE_TIME_ACCURACY (off=0)
2026-04-05 03:35:49,367 [INFO]     field: System.Int32 SKILL_LEVEL_MIN (off=0)
2026-04-05 03:35:49,367 [INFO]     field: System.Int32 SKILL_TIME_ALWAYS_ACTIVATE (off=0)
2026-04-05 03:35:49,367 [INFO]     field: System.Int32 SKILLCATEGORY_NUM (off=0)
2026-04-05 03:35:49,367 [INFO]     field: System.Int32[] ORDER_IN_PER (off=0)
2026-04-05 03:35:49,367 [INFO]     field: System.Int32[] ORDER_OUT_PER (off=8)
2026-04-05 03:35:49,367 [INFO]     method: System.Void .cctor(0p) @ 0x1db54b29b18
2026-04-05 03:35:49,367 [INFO] 
  ★ Gallop.SkillTriggerDistanceSetBase (score=2)
2026-04-05 03:35:49,367 [INFO]     Reasons: has list/array field, 3 fields
2026-04-05 03:35:49,367 [INFO]     field: System.Single DISTANCE_RANGE (off=0)
2026-04-05 03:35:49,367 [INFO]     field: System.Collections.Generic.List<Gallop.SkillTriggerDistanceSetBase.DistanceSet> _distanceSetList (off=104)
2026-04-05 03:35:49,367 [INFO]     field: System.Boolean _isInitialized (off=112)
2026-04-05 03:35:49,367 [INFO]     method: System.Boolean get_HasDistance(0p) @ 0x1db54b2f0e8
2026-04-05 03:35:49,367 [INFO]     method: System.Void .ctor(1p) @ 0x1db54b2f140
2026-04-05 03:35:49,367 [INFO]     method: System.Void InitDistance(0p) @ 0x1db54b2f198
2026-04-05 03:35:49,367 [INFO]     method: System.Single _GetDistance(0p) @ 0x1db54b2f1f0
2026-04-05 03:35:49,367 [INFO]     method: System.Void LotAndAddTriggerStartDistance(4p) @ 0x1db54b2f248
2026-04-05 03:35:49,367 [INFO]     method: System.Boolean CheckActivate(0p) @ 0x1db54b2f2a0
2026-04-05 03:35:49,367 [INFO]     method: Gallop.SkillDefine.SkillTriggerCategory get_Category(0p) @ 0x1db54b2f2f8
2026-04-05 03:35:49,367 [INFO] 
  ★ SkillInfo (score=2)
2026-04-05 03:35:49,367 [INFO]     Reasons: has list/array field, has get*skill* method
2026-04-05 03:35:49,367 [INFO]     field: System.Collections.Generic.List<Gallop.PartsSingleModeSkillLearningListItem.Info> _skillList (off=16)
2026-04-05 03:35:49,367 [INFO]     method: System.Collections.Generic.List<Gallop.PartsSingleModeSkillLearningListItem.Info> get_SkillList(0p) @ 0x1db54d00dd0
2026-04-05 03:35:49,367 [INFO]     method: System.Void AddInfo(2p) @ 0x1db54d00e28
2026-04-05 03:35:49,367 [INFO]     method: System.Boolean IsSelected(0p) @ 0x1db54d00e80
2026-04-05 03:35:49,367 [INFO]     method: System.Boolean IsSelectedOrLevelChange(0p) @ 0x1db54d00ed8
2026-04-05 03:35:49,367 [INFO]     method: System.Void ClearSelected(0p) @ 0x1db54d00f30
2026-04-05 03:35:49,367 [INFO]     method: System.Int32 GetNeedSkillPoint(0p) @ 0x1db54d00f88
2026-04-05 03:35:49,367 [INFO]     method: System.Boolean IsEnableDecide(0p) @ 0x1db54d00fe0
2026-04-05 03:35:49,367 [INFO]     method: System.Int32 GetDispOrder(0p) @ 0x1db54d01038
2026-04-05 03:35:49,367 [INFO]     method: System.Void .ctor(0p) @ 0x1db54d01090
2026-04-05 03:35:49,367 [INFO] 
  ★ SkillCutSettings (score=2)
2026-04-05 03:35:49,367 [INFO]     Reasons: has ID field, 8 fields
2026-04-05 03:35:49,367 [INFO]     field: System.Int32 GACHA_SCENE_ID (off=0)
2026-04-05 03:35:49,367 [INFO]     field: System.Int32 VS_SCENE_ID (off=0)
2026-04-05 03:35:49,367 [INFO]     field: System.Int32 MINICHARA_SCENE_ID (off=0)
2026-04-05 03:35:49,367 [INFO]     field: System.Int32 LIMITBREAK_SCENE_ID (off=0)
2026-04-05 03:35:49,367 [INFO]     field: System.Int32 INVALID_SCENE_ID (off=0)
2026-04-05 03:35:49,367 [INFO]     field: System.Int32 INVALID_CUT_ID (off=0)
2026-04-05 03:35:49,367 [INFO]     field: Gallop.CutIn.Cutt.CutInTimelineData.SkillCutSettings.SkillCutCharaTypeRule CharaTypeRule (off=16)
2026-04-05 03:35:49,367 [INFO]     field: System.Int32 CutId (off=20)
2026-04-05 03:35:49,367 [INFO]     method: System.Int32 get_SceneId(0p) @ 0x1db54f37a38
2026-04-05 03:35:49,367 [INFO]     method: System.Void .ctor(0p) @ 0x1db54f37a90
2026-04-05 03:35:49,367 [INFO] 
  ★ Gallop.PartsCharacterSkillListVertical (score=4)
2026-04-05 03:35:49,367 [INFO]     Reasons: has list/array field, has acquire/learn method, 4 fields
2026-04-05 03:35:49,367 [INFO]     field: Gallop.PartsCharacterSkillListVerticalItem _skillItem (off=32)
2026-04-05 03:35:49,367 [INFO]     field: UnityEngine.GameObject _nonDataText (off=40)
2026-04-05 03:35:49,367 [INFO]     field: UnityEngine.RectTransform _verticalLayoutRectTransform (off=48)
2026-04-05 03:35:49,367 [INFO]     field: System.Collections.Generic.List<UnityEngine.GameObject> _skillItemObjList (off=56)
2026-04-05 03:35:49,367 [INFO]     method: System.Void SetData(1p) @ 0x1db5293d890
2026-04-05 03:35:49,367 [INFO]     method: System.Void Clean(0p) @ 0x1db5293d8e8
2026-04-05 03:35:49,367 [INFO]     method: System.Void CreateAcquiredSkillItem(1p) @ 0x1db5293d940
2026-04-05 03:35:49,367 [INFO]     method: Gallop.PartsCharacterSkillListVerticalItem.Info CreateSkillItemInfo(1p) @ 0x1db5293d998
2026-04-05 03:35:49,367 [INFO]     method: System.Void .ctor(0p) @ 0x1db5293d9f0
2026-04-05 03:35:49,368 [INFO] 
  ★ Gallop.SkillItem (score=2)
2026-04-05 03:35:49,368 [INFO]     Reasons: has cost/point field, 6 fields
2026-04-05 03:35:49,368 [INFO]     field: Gallop.SkillIcon _iconImage (off=32)
2026-04-05 03:35:49,368 [INFO]     field: Gallop.TextCommon _skillNameText (off=40)
2026-04-05 03:35:49,368 [INFO]     field: Gallop.TextCommon _skillDescText (off=48)
2026-04-05 03:35:49,368 [INFO]     field: Gallop.TextCommon _skillPointText (off=56)
2026-04-05 03:35:49,368 [INFO]     field: Gallop.ImageCommon _skillBg (off=64)
2026-04-05 03:35:49,368 [INFO]     field: Gallop.ImageCommon _lineImage (off=72)
2026-04-05 03:35:49,368 [INFO]     method: System.Void SetupSkillInfo(1p) @ 0x1db531f8208
2026-04-05 03:35:49,368 [INFO]     method: System.Void .ctor(0p) @ 0x1db531f8260
2026-04-05 03:35:49,368 [INFO] 
  ★ Gallop.PartsHintLevelSkillPointTextSetting (score=3)
2026-04-05 03:35:49,368 [INFO]     Reasons: has level field, has cost/point field, 5 fields
2026-04-05 03:35:49,368 [INFO]     field: System.String NEXT_HINT_ANIMATION_NAME (off=0)
2026-04-05 03:35:49,368 [INFO]     field: Gallop.TextCommon _textNeedSkillPoint (off=32)
2026-04-05 03:35:49,368 [INFO]     field: Gallop.TextCommon _hintLevel (off=40)
2026-04-05 03:35:49,368 [INFO]     field: Gallop.TextCommon _hintLevelAnimationValue (off=48)
2026-04-05 03:35:49,368 [INFO]     field: Gallop.TweenAnimationTimelineComponent _addNextLevelValueAnimation (off=56)
2026-04-05 03:35:49,368 [INFO]     method: System.Void PlayAnimation(1p) @ 0x1db53350ad0
2026-04-05 03:35:49,368 [INFO]     method: System.Void SetUpTexts(3p) @ 0x1db53350b28
2026-04-05 03:35:49,368 [INFO]     method: System.Void .ctor(0p) @ 0x1db53350b80
2026-04-05 03:35:49,368 [INFO] 
  ★ Gallop.PartsSkillListPracticeRaceSnsShare (score=2)
2026-04-05 03:35:49,368 [INFO]     Reasons: has list/array field, 4 fields
2026-04-05 03:35:49,368 [INFO]     field: System.Int32 SKILL_SHOW_MAX (off=0)
2026-04-05 03:35:49,368 [INFO]     field: UnityEngine.Vector2 SKILLICON_SIZE_SNS (off=0)
2026-04-05 03:35:49,368 [INFO]     field: System.Collections.Generic.List<Gallop.PartsSingleModeSkillListItem> _skillListItem (off=32)
2026-04-05 03:35:49,368 [INFO]     field: Gallop.TextCommon[] _skillCountText (off=40)
2026-04-05 03:35:49,368 [INFO]     method: System.Void Setup(2p) @ 0x1db52f238b8
2026-04-05 03:35:49,368 [INFO]     method: System.Collections.Generic.List<Gallop.PartsSingleModeSkillListItem.Info> OrderBySkillRarity(2p) @ 0x1db52f23910
2026-04-05 03:35:49,368 [INFO]     method: System.Void .ctor(0p) @ 0x1db52f23968
2026-04-05 03:35:49,368 [INFO]     method: System.Void .cctor(0p) @ 0x1db52f239c0
2026-04-05 03:35:49,368 [INFO] 
  ★ Gallop.DialogSingleModeAcquisitionSkillList (score=2)
2026-04-05 03:35:49,368 [INFO]     Reasons: has list/array field, 3 fields
2026-04-05 03:35:49,368 [INFO]     field: Gallop.PartsSingleModeSkillListItem _item (off=48)
2026-04-05 03:35:49,368 [INFO]     field: System.Collections.Generic.List<Gallop.PartsSingleModeSkillListItem> _itemList (off=56)
2026-04-05 03:35:49,368 [INFO]     field: Gallop.TextCommon _explainText (off=64)
2026-04-05 03:35:49,368 [INFO]     method: Gallop.DialogCommonBase.FormType GetFormType(0p) @ 0x1db52bce6e0
2026-04-05 03:35:49,368 [INFO]     method: Gallop.DialogCommon.Data.ObjectParentType GetParentType(0p) @ 0x1db52bce738
2026-04-05 03:35:49,368 [INFO]     method: System.Void PushDialog(4p) @ 0x1db52bce790
2026-04-05 03:35:49,368 [INFO]     method: System.Void Setup(2p) @ 0x1db52bce7e8
2026-04-05 03:35:49,368 [INFO]     method: System.Void .ctor(0p) @ 0x1db52bce840
2026-04-05 03:35:49,368 [INFO] 
  ★ Gallop.PartsSingleModeChoiceRewardAnotherEventSkillElementViewModel (score=2)
2026-04-05 03:35:49,368 [INFO]     Reasons: has list/array field, 3 fields
2026-04-05 03:35:49,368 [INFO]     field: Gallop.MasterSingleModeEventChoiceReward.SingleModeEventChoiceReward _choiceRewardMaster (off=16)
2026-04-05 03:35:49,368 [INFO]     field: Gallop.ISingleModeChoiceRewardInfoAnotherEventSkillElement.BranchInfo[] _branchInfoArray (off=24)
2026-04-05 03:35:49,368 [INFO]     field: System.Int32 <EventCount>k__BackingField (off=32)
2026-04-05 03:35:49,368 [INFO]     method: System.String get_LabelText(0p) @ 0x1db54bd8628
2026-04-05 03:35:49,368 [INFO]     method: Gallop.ISingleModeChoiceRewardInfoAnotherEventSkillElement.BranchInfo GetBranchInfo(1p) @ 0x1db54bd8680
2026-04-05 03:35:49,368 [INFO]     method: System.Int32 GetBranchCount(0p) @ 0x1db54bd86d8
2026-04-05 03:35:49,368 [INFO]     method: System.Int32 get_EventCount(0p) @ 0x1db54bd8730
2026-04-05 03:35:49,368 [INFO]     method: System.Void .ctor(3p) @ 0x1db54bd8788
2026-04-05 03:35:49,368 [INFO] 
  ★ SkillCategory (score=2)
2026-04-05 03:35:49,368 [INFO]     Reasons: has ID field, 7 fields
2026-04-05 03:35:49,368 [INFO]     field: System.Int32 value__ (off=16)
2026-04-05 03:35:49,368 [INFO]     field: Gallop.GameDefine.SkillCategory Always (off=0)
2026-04-05 03:35:49,368 [INFO]     field: Gallop.GameDefine.SkillCategory EarlyStage (off=0)
2026-04-05 03:35:49,368 [INFO]     field: Gallop.GameDefine.SkillCategory MiddleStage (off=0)
2026-04-05 03:35:49,368 [INFO]     field: Gallop.GameDefine.SkillCategory FinalStage (off=0)
2026-04-05 03:35:49,368 [INFO]     field: Gallop.GameDefine.SkillCategory Situation (off=0)
2026-04-05 03:35:49,368 [INFO]     field: Gallop.GameDefine.SkillCategory Special (off=0)
2026-04-05 03:35:49,368 [INFO] 
  ★ Gallop.PartsSupportCardDeckSkillListItem (score=2)
2026-04-05 03:35:49,368 [INFO]     Reasons: has list/array field, 5 fields
2026-04-05 03:35:49,368 [INFO]     field: Gallop.ButtonCommon _button (off=32)
2026-04-05 03:35:49,368 [INFO]     field: Gallop.ImageCommon _bgImage (off=40)
2026-04-05 03:35:49,368 [INFO]     field: UnityEngine.Transform _skillIconRoot (off=48)
2026-04-05 03:35:49,368 [INFO]     field: Gallop.TextCommon _name (off=56)
2026-04-05 03:35:49,368 [INFO]     field: Gallop.RawImageCommon[] _iconArray (off=64)
2026-04-05 03:35:49,368 [INFO]     method: System.Void UpdateItem(1p) @ 0x1db52b66b10
2026-04-05 03:35:49,368 [INFO]     method: System.Void .ctor(0p) @ 0x1db52b66b68
2026-04-05 03:35:49,368 [INFO] 
  ★ Gallop.PartsSingleModeChoiceRewardSkillElementViewModel (score=3)
2026-04-05 03:35:49,368 [INFO]     Reasons: has level field, has get*skill* method, 3 fields
2026-04-05 03:35:49,368 [INFO]     field: Gallop.MasterSingleModeEventChoiceReward.SingleModeEventChoiceReward _choiceRewardMaster (off=16)
2026-04-05 03:35:49,368 [INFO]     field: Gallop.SingleModeChoiceRewardInfoSkillInfo <SkillInfo>k__BackingField (off=24)
2026-04-05 03:35:49,368 [INFO]     field: System.Int32 _gainHintLevel (off=32)
2026-04-05 03:35:49,368 [INFO]     method: Gallop.SingleModeChoiceRewardInfoSkillInfo get_SkillInfo(0p) @ 0x1db54bd9bb8
2026-04-05 03:35:49,368 [INFO]     method: System.String get_LabelText(0p) @ 0x1db54bd9c10
2026-04-05 03:35:49,368 [INFO]     method: System.Int32 get_Priority(0p) @ 0x1db54bd9c68
2026-04-05 03:35:49,368 [INFO]     method: System.Void .ctor(3p) @ 0x1db54bd9cc0
2026-04-05 03:35:49,368 [INFO] 
  ★ SingleModeSkillNeedPoint (score=3)
2026-04-05 03:35:49,368 [INFO]     Reasons: has ID field, has cost/point field, 5 fields
2026-04-05 03:35:49,368 [INFO]     field: System.Int32 Id (off=16)
2026-04-05 03:35:49,368 [INFO]     field: System.Int32 NeedSkillPoint (off=20)
2026-04-05 03:35:49,368 [INFO]     field: System.Int32 StatusType (off=24)
2026-04-05 03:35:49,368 [INFO]     field: System.Int32 StatusValue (off=28)
2026-04-05 03:35:49,368 [INFO]     field: System.Int32 SolvableType (off=32)
2026-04-05 03:35:49,368 [INFO]     method: System.Void .ctor(5p) @ 0x1db545dedc0
2026-04-05 03:35:49,368 [INFO] 
  ★ Gallop.PartsCharacterSkillListVerticalItem (score=2)
2026-04-05 03:35:49,368 [INFO]     Reasons: has ID field, 4 fields
2026-04-05 03:35:49,368 [INFO]     field: Gallop.TextCommon _categoryTitleText (off=32)
2026-04-05 03:35:49,368 [INFO]     field: Gallop.SkillIcon _skillIcon (off=40)
2026-04-05 03:35:49,368 [INFO]     field: UnityEngine.RectTransform _verticalLayoutRectTransform (off=48)
2026-04-05 03:35:49,368 [INFO]     field: UnityEngine.RectTransform _gridLayoutTransform (off=56)
2026-04-05 03:35:49,368 [INFO]     method: System.Void SetData(2p) @ 0x1db529c4ef0
2026-04-05 03:35:49,368 [INFO]     method: System.Void .ctor(0p) @ 0x1db529c4f48
2026-04-05 03:35:49,368 [INFO] 
  ★ Gallop.SkillAbilityValueMultiplyRandom (score=2)
2026-04-05 03:35:49,368 [INFO]     Reasons: has list/array field, 3 fields
2026-04-05 03:35:49,368 [INFO]     field: Gallop.IRaceHorseAccessor _horseAccessor (off=32)
2026-04-05 03:35:49,368 [INFO]     field: Gallop.RaceParamDefine.SkillParam.AbiiltyValueUsageRandom[] _randomArray (off=40)
2026-04-05 03:35:49,368 [INFO]     field: Gallop.IRaceRandomGenerator _randomGenerator (off=48)
2026-04-05 03:35:49,368 [INFO]     method: System.Void .ctor(5p) @ 0x1db54b05350
2026-04-05 03:35:49,368 [INFO]     method: System.Single GetMultiply(0p) @ 0x1db54b053a8
2026-04-05 03:35:49,368 [INFO]     method: System.Single LotValue(1p) @ 0x1db54b05400
2026-04-05 03:35:49,368 [INFO] 
  ★ SkillDefineStatic (score=2)
2026-04-05 03:35:49,368 [INFO]     Reasons: has list/array field, 4 fields
2026-04-05 03:35:49,369 [INFO]     field: System.Int32[] NORMAL_AND_RARE_SKILL_RARITY_ARRAY (off=0)
2026-04-05 03:35:49,369 [INFO]     field: System.Int32[] RARE_SKILL_RARITY_ARRAY (off=8)
2026-04-05 03:35:49,369 [INFO]     field: System.Int32[] ORDER_IN_PER (off=16)
2026-04-05 03:35:49,369 [INFO]     field: System.Int32[] ORDER_OUT_PER (off=24)
2026-04-05 03:35:49,369 [INFO]     method: System.Void .ctor(0p) @ 0x1db54ea8dd0
2026-04-05 03:35:49,369 [INFO]     method: System.Void .cctor(0p) @ 0x1db54ea8e28
2026-04-05 03:35:49,369 [INFO] 
  ★ Gallop.CardSkillUpgradeRequest (score=3)
2026-04-05 03:35:49,369 [INFO]     Reasons: has ID field, has level field, 4 fields
2026-04-05 03:35:49,369 [INFO]     field: System.Int32 card_id (off=136)
2026-04-05 03:35:49,369 [INFO]     field: System.Int32 skill_id (off=140)
2026-04-05 03:35:49,369 [INFO]     field: System.Int32 skill_level (off=144)
2026-04-05 03:35:49,369 [INFO]     field: System.Int32 new_skill_level (off=148)
2026-04-05 03:35:49,369 [INFO]     method: Cute.Http.IHttpTask CreateTask(2p) @ 0x1dbd0a9beb8
2026-04-05 03:35:49,369 [INFO]     method: System.Void .ctor(0p) @ 0x1dbd0a9bf10
2026-04-05 03:35:49,369 [INFO] 
  ★ AvailableSkillSet (score=2)
2026-04-05 03:35:49,369 [INFO]     Reasons: has ID field, 4 fields
2026-04-05 03:35:49,369 [INFO]     field: System.Int32 Id (off=16)
2026-04-05 03:35:49,369 [INFO]     field: System.Int32 AvailableSkillSetId (off=20)
2026-04-05 03:35:49,369 [INFO]     field: System.Int32 SkillId (off=24)
2026-04-05 03:35:49,369 [INFO]     field: System.Int32 NeedRank (off=28)
2026-04-05 03:35:49,369 [INFO]     method: System.Void .ctor(4p) @ 0x1db5453b178
2026-04-05 03:35:49,369 [INFO] 
  ★ SkillExp (score=3)
2026-04-05 03:35:49,369 [INFO]     Reasons: has ID field, has level field, 4 fields
2026-04-05 03:35:49,369 [INFO]     field: System.Int32 Id (off=16)
2026-04-05 03:35:49,369 [INFO]     field: System.Int32 Type (off=20)
2026-04-05 03:35:49,369 [INFO]     field: System.Int32 Level (off=24)
2026-04-05 03:35:49,369 [INFO]     field: System.Int32 Scale (off=28)
2026-04-05 03:35:49,369 [INFO]     method: System.Void .ctor(4p) @ 0x1db54548100
2026-04-05 03:35:49,369 [INFO] 
  ★ SkillLevelValue (score=3)
2026-04-05 03:35:49,369 [INFO]     Reasons: has ID field, has level field, 4 fields
2026-04-05 03:35:49,369 [INFO]     field: System.Int32 Id (off=16)
2026-04-05 03:35:49,369 [INFO]     field: System.Int32 AbilityType (off=20)
2026-04-05 03:35:49,369 [INFO]     field: System.Int32 Level (off=24)
2026-04-05 03:35:49,369 [INFO]     field: System.Int32 FloatAbilityValueCoef (off=28)
2026-04-05 03:35:49,369 [INFO]     method: System.Void .ctor(4p) @ 0x1db54548650
2026-04-05 03:35:49,369 [INFO] 
  ★ SkillLevel (score=3)
2026-04-05 03:35:49,369 [INFO]     Reasons: has ID field, has level field, has get*skill* method
2026-04-05 03:35:49,369 [INFO]     field: System.Int32 <SkillId>k__BackingField (off=16)
2026-04-05 03:35:49,369 [INFO]     field: System.Int32 <Level>k__BackingField (off=20)
2026-04-05 03:35:49,370 [INFO]     method: System.Int32 get_SkillId(0p) @ 0x1db53bd8f70
2026-04-05 03:35:49,370 [INFO]     method: System.Int32 get_Level(0p) @ 0x1db53bd8fc8
2026-04-05 03:35:49,370 [INFO]     method: System.Void .ctor(2p) @ 0x1db53bd9020
2026-04-05 03:35:49,370 [INFO] 
  ★ Gallop.RaceSerializedSkillParam (score=2)
2026-04-05 03:35:49,370 [INFO]     Reasons: has ID field, has level field
2026-04-05 03:35:49,370 [INFO]     field: System.Int32 skill_id (off=16)
2026-04-05 03:35:49,370 [INFO]     field: System.Int32 level (off=20)
2026-04-05 03:35:49,370 [INFO]     method: Gallop.SkillData ToSkillData(0p) @ 0x1db54b6e880
2026-04-05 03:35:49,370 [INFO]     method: Gallop.RaceSerializedSkillParam FromSkillData(1p) @ 0x1db54b6e8d8
2026-04-05 03:35:49,370 [INFO]     method: System.Void .ctor(0p) @ 0x1db54b6e930
2026-04-05 03:35:49,370 [INFO] 
  ★ Gallop.StoryDirectSkillSet (score=2)
2026-04-05 03:35:49,370 [INFO]     Reasons: has ID field, 4 fields
2026-04-05 03:35:49,370 [INFO]     field: System.Int32 id (off=16)
2026-04-05 03:35:49,370 [INFO]     field: System.Int32 skill_set (off=20)
2026-04-05 03:35:49,370 [INFO]     field: System.Int32 skill_id (off=24)
2026-04-05 03:35:49,370 [INFO]     field: System.Int32 add_skill_discount (off=28)
2026-04-05 03:35:49,370 [INFO]     method: System.Void .ctor(0p) @ 0x1dbd0a9fb00
2026-04-05 03:35:49,370 [INFO] 
  ★ Gallop.SkillTips (score=3)
2026-04-05 03:35:49,370 [INFO]     Reasons: has ID field, has level field, 3 fields
2026-04-05 03:35:49,370 [INFO]     field: System.Int32 group_id (off=16)
2026-04-05 03:35:49,370 [INFO]     field: System.Int32 rarity (off=20)
2026-04-05 03:35:49,370 [INFO]     field: System.Int32 level (off=24)
2026-04-05 03:35:49,370 [INFO]     method: System.Void .ctor(0p) @ 0x1db5a00b688
2026-04-05 03:35:49,370 [INFO] 
  ★ Gallop.EventSkill (score=2)
2026-04-05 03:35:49,370 [INFO]     Reasons: has ID field, has list/array field
2026-04-05 03:35:49,370 [INFO]     field: System.Int32 story_id (off=16)
2026-04-05 03:35:49,370 [INFO]     field: System.Int32[] skill_id_array (off=24)
2026-04-05 03:35:49,370 [INFO]     method: System.Void .ctor(0p) @ 0x1dbd0a9faa0
2026-04-05 03:35:49,370 [INFO] 
  ★ Gallop.GainSkillInfo (score=2)
2026-04-05 03:35:49,370 [INFO]     Reasons: has ID field, has level field
2026-04-05 03:35:49,370 [INFO]     field: System.Int32 skill_id (off=16)
2026-04-05 03:35:49,370 [INFO]     field: System.Int32 level (off=20)
2026-04-05 03:35:49,370 [INFO]     method: System.Void .ctor(0p) @ 0x1dbd0a77c20
2026-04-05 03:35:49,370 [INFO] 
  ★ Gallop.SkillData (score=2)
2026-04-05 03:35:49,370 [INFO]     Reasons: has ID field, has level field
2026-04-05 03:35:49,370 [INFO]     field: System.Int32 skill_id (off=16)
2026-04-05 03:35:49,370 [INFO]     field: System.Int32 level (off=20)
2026-04-05 03:35:49,370 [INFO]     method: System.Void .ctor(0p) @ 0x1db562e35a0
2026-04-05 03:35:49,370 [INFO] 
  ★ Gallop.TeamSkillTips (score=2)
2026-04-05 03:35:49,370 [INFO]     Reasons: has ID field, has list/array field
2026-04-05 03:35:49,370 [INFO]     field: System.Int32 training_partner_id (off=16)
2026-04-05 03:35:49,370 [INFO]     field: Gallop.SkillTips[] skill_tips_array (off=24)
2026-04-05 03:35:49,370 [INFO]     method: System.Void .ctor(0p) @ 0x1dbd0a9fb60
2026-04-05 03:35:49,370 [INFO] 
2026-04-05 03:35:49,370 [INFO] ============================================================
